tree
version=v4
num_class=1
num_tree_per_iteration=1
label_index=0
max_feature_idx=190
objective=binary sigmoid:1
feature_names=vel_device_fingerprint_id_1h_count_ratio vel_device_fingerprint_id_1h_count_pct vel_device_fingerprint_id_1h_amount_sum_ratio vel_device_fingerprint_id_1h_amount_sum_pct vel_device_fingerprint_id_24h_count_ratio vel_device_fingerprint_id_24h_count_pct vel_device_fingerprint_id_24h_amount_sum_ratio vel_device_fingerprint_id_24h_amount_sum_pct vel_device_fingerprint_id_7d_count_ratio vel_device_fingerprint_id_7d_count_pct vel_device_fingerprint_id_7d_amount_sum_ratio vel_device_fingerprint_id_7d_amount_sum_pct vel_device_fingerprint_id_30d_count_ratio vel_device_fingerprint_id_30d_count_pct vel_device_fingerprint_id_30d_amount_sum_ratio vel_device_fingerprint_id_30d_amount_sum_pct vel_vpa_1h_count_ratio vel_vpa_1h_count_pct vel_vpa_1h_amount_sum_ratio vel_vpa_1h_amount_sum_pct vel_vpa_24h_count_ratio vel_vpa_24h_count_pct vel_vpa_24h_amount_sum_ratio vel_vpa_24h_amount_sum_pct vel_vpa_7d_count_ratio vel_vpa_7d_count_pct vel_vpa_7d_amount_sum_ratio vel_vpa_7d_amount_sum_pct vel_vpa_30d_count_ratio vel_vpa_30d_count_pct vel_vpa_30d_amount_sum_ratio vel_vpa_30d_amount_sum_pct vel_beneficiary_id_1h_count_ratio vel_beneficiary_id_1h_count_pct vel_beneficiary_id_1h_amount_sum_ratio vel_beneficiary_id_1h_amount_sum_pct vel_beneficiary_id_24h_count_ratio vel_beneficiary_id_24h_count_pct vel_beneficiary_id_24h_amount_sum_ratio vel_beneficiary_id_24h_amount_sum_pct vel_beneficiary_id_7d_count_ratio vel_beneficiary_id_7d_count_pct vel_beneficiary_id_7d_amount_sum_ratio vel_beneficiary_id_7d_amount_sum_pct vel_beneficiary_id_30d_count_ratio vel_beneficiary_id_30d_count_pct vel_beneficiary_id_30d_amount_sum_ratio vel_beneficiary_id_30d_amount_sum_pct vel_device_fingerprint_id_1h_distinct_counterparty vel_device_fingerprint_id_24h_distinct_counterparty vel_device_fingerprint_id_7d_distinct_counterparty vel_device_fingerprint_id_30d_distinct_counterparty vel_vpa_1h_distinct_counterparty vel_vpa_24h_distinct_counterparty vel_vpa_7d_distinct_counterparty vel_vpa_30d_distinct_counterparty vel_beneficiary_id_1h_distinct_counterparty vel_beneficiary_id_24h_distinct_counterparty vel_beneficiary_id_7d_distinct_counterparty vel_beneficiary_id_30d_distinct_counterparty reconciliation_lag_minutes reconciliation_lag_pct_in_peer_cohort lite_debits_since_topup_24h tod_vonmises_sin_h1 tod_vonmises_cos_h1 tod_vonmises_sin_h2 tod_vonmises_cos_h2 tod_vonmises_sin_h3 tod_vonmises_cos_h3 hour_deviation_from_habit is_night_hours dow_sin dow_cos is_payday_window is_festival_window festival_ramp_position inter_arrival_seconds inter_arrival_log inter_arrival_regularity inter_arrival_zscore_vs_habit events_in_session sketch_distinct_payers_per_beneficiary_1h sketch_distinct_payers_per_beneficiary_24h sketch_beneficiary_fanin_degree sketch_beneficiary_fanout_degree sketch_payer_fanout_degree_24h sketch_pan_token_fanout_7d sketch_device_shared_entity_count sketch_address_node_density sketch_two_hop_reach_24h sketch_round_trip_flow_flag sketch_kcore_acquisition_rate sketch_motif_reciprocity sketch_fingerprint_collision_degree sketch_geohash_distinct_payer_devices sketch_first_txn_at_acceptor_share_24h sketch_seeder_cluster_membership beneficiary_account_age_days beneficiary_age_band_ordinal in_out_skew value_conservation_net_of_skim pass_through_dwell_seconds pass_through_dwell_log beneficiary_onward_send_minutes first_receipt_to_first_send_minutes beneficiary_distinct_payers_24h repeat_payer_share payer_set_growth_rate biller_continuity_absent first_credit_source_concentration beneficiary_category_ordinal beneficiary_kyc_tier_ordinal creditor_name_match_score beneficiary_change_within_cooling_hours remittance_info_drift amount_vs_vendor_history payee_vpa_age_days payee_name_brand_similarity inbound_credit_then_outbound_different_payee beneficiary_prior_from_exchange onboarding_batch_size onboarding_batch_timing_cluster device_os_entropy_collapse device_model_entropy asn_reuse_rate name_ngram_unlikelihood address_geocode_density onboarding_to_first_credit_minutes first_credit_source_concentration_batch batch_kyc_tier_uniformity pan_age_days vpa_age_days device_age_days merchant_age_days account_age_days min_entity_age_days entity_age_band_ordinal is_first_event_for_entity cold_start_flag bin_issuer_prior_fraud_rate peer_cohort_prior_fraud_rate geo_cell_prior_fraud_rate amount_ratio_to_own_baseline amount_zscore_to_own_baseline amount_pct_in_peer_cohort is_largest_ever_for_entity mcc_novelty mcc_habit_probability geo_novelty geovelocity_break device_churn_30d rail_novelty rail_ratio_vs_peer_cohort dormancy_reactivation_flag device_rebinding_event pin_reset_event sms_silence_window_minutes rebinding_to_first_payee_minutes profile_change_before_spend_days session_duration_minutes debits_per_uninterrupted_session in_app_dwell_uniformity escalating_amount_in_session fresh_beneficiary_count_24h fd_liquidation_before_transfer device_fingerprint_entropy ip_asn_novelty referrer_domain_age_days txn_note_template_score rail_is_card_cnp_3ds rail_is_card_cnp_keyed rail_is_card_cp_emv rail_is_card_clearing_dispute rail_is_card_token_provisioning rail_is_upi_pay rail_is_upi_collect rail_is_upi_autopay_mandate rail_is_a2a_credit_transfer rail_is_upi_lite_offline rail_is_aeps_microatm rail_is_agentic_commerce tier_is_b message_kind_is_authorisation message_kind_is_credit_leg message_kind_is_post_auth has_beneficiary_leg entry_mode_ordinal initiation_mode_ordinal is_cross_border incumbent_score incumbent_rule_count
monotone_constraints=0 0 0 0 0 0 0 0 0 0 0 0 0 0 0 0 0 0 0 0 0 0 0 0 0 0 0 0 0 0 0 0 0 0 0 0 0 0 0 0 0 0 0 0 0 0 0 0 0 0 0 0 0 0 0 0 0 0 0 0 0 0 0 0 0 0 0 0 0 0 0 0 0 0 0 0 0 0 0 0 0 0 0 0 0 0 0 0 0 0 0 0 0 0 0 0 0 0 0 0 0 0 0 0 0 0 0 0 0 0 0 0 -1 0 0 0 0 0 0 0 0 0 0 0 0 0 0 0 0 0 0 0 0 0 0 0 0 0 0 1 1 1 0 0 0 0 0 0 0 0 0 0 0 0 0 0 0 0 0 0 0 0 0 0 0 0 0 0 0 0 0 0 0 0 0 0 0 0 0 0 0 0 0 0 0 0 0 0 0 1 0
feature_infos=[-1:720] [0.38910874724388123:0.99998331069946289] [-1:720] [0.39454907178878784:0.99999487400054932] [-1:30] [0.10266975313425064:0.99999475479125977] [-1:30] [0.1160425990819931:0.99995708465576172] [-1:4.2857141494750977] [0.0088429469615221024:1] [-1:4.2857141494750977] [0.010095898993313313:0.99999833106994629] [-1:1] [0.0044205072335898876:0.99999487400054932] [-1:1] [0.0049286112189292908:0.99998247623443604] [-1:720] [0.17488141357898712:0.99988514184951782] [-1:720] [0.17488168179988861:0.9999997615814209] [-1:30] [0.16532079875469208:0.99998199939727783] [-1:30] [0.16532589495182037:0.99999678134918213] [-1:4.2857141494750977] [0.11147911846637726:0.99999910593032837] [-1:4.2857141494750977] [0.11337212473154068:0.99998283386230469] [-1:1] [0.073515899479389191:0.99998247623443604] [-1:1] [0.073516033589839935:0.99996572732925415] [-1:720] [0.17381946742534637:0.99955856800079346] [-1:720] [0.17395830154418945:1] [-1:30] [0.045906335115432739:0.99999326467514038] [-1:30] [0.046679232269525528:0.99999922513961792] [-1:4.2857141494750977] [7.2429851570632309e-05:1] [-1:4.2857141494750977] [7.4170311563648283e-05:0.99999648332595825] [-1:1] [3.9762784581398591e-05:0.99999743700027466] [-1:1] [4.0967715904116631e-05:0.99999409914016724] [0:3] [0:6] [0:7] [0:7] [0:5] [0:19] [0:63] [0:98] [0:3] [0:5] [0:8] [0:11] [-1:350.25967407226562] [-1:0.99954891204833984] [-1:3] [-1:1] [-1:1] [-1:1] [-1:1] [-1:1] [-1:1] [-1:11.999731063842773] [0:1] [-0.97492790222167969:0.97492790222167969] [-0.90096884965896606:1] [0:1] [0:1] [-1:1] [-1:5035365] [-1:15.43199634552002] [-1:0.80587458610534668] [-8.4535846710205078:6.9784116744995117] none [0:3] [0:5] [-1:364] [-1:3] [0:102] [0:43] [-1:7] none [0:270] [0:1] [-397:290] [-1:1] [-1:7] [0:26288] [-1:1] [-1:0.5] [-1:1260] [-1:3] [-1:3236.658203125] [-1:3237.658203125] [-1:219449.921875] [-1:12.298883438110352] [-1:3657.498779296875] [-1:92315.625] [0:5] [-1:1] [0:0.1666666716337204] [-1:1] [-1:1] [0:9] [0:2] [-1:1] [-1:9591.2978515625] [-1:1] [-1:5209.884765625] [-1:1260] none [0:1] none none none none none none none none none none none [-1:1559] [-1:1561] [-1:960] [-1:780] [-1:1561] [-1:1557] [-1:3] [0:1] [0:1] [0.1380910724401474:0.18587660789489746] [0.11831089854240417:0.24271747469902039] [0.074495293200016022:0.2270670086145401] [-1:4709.48828125] [-86558640:590819328] [6.0246642533456907e-05:1] [-1:1] [0:1] [-1:1] [0:1] [-1:1] [0:9] [0:1] [-1:1.4615920782089233] [-1:1] none none none none none [-1:316.489990234375] none none none [0:9] [0:1] [-1:0] [0:1] [-1:2599.93994140625] [0:1] [0:1] [0:1] [0:1] [0:1] [0:1] [0:1] [0:1] [0:1] [0:1] [0:1] [0:1] [0:1] [0:1] [0:1] [0:1] [0:1] [0:1] [-1:15] [0:7] [0:1] [-1:0.81999999284744263] [0:4]
tree_sizes=6893 6918 6951 7007 7098 7031 7034 6999 6956 6915 7080 7075 7002 7024 7062 7056 7068 7028 6999 7081 7032 7090 7028 7061 7032 7068 7052 7078 7033 6929 6945 6964 7083 7033 7057 7090 6993 7032 6943 7002 7013 6982 6994 7074 7002 6983 7061 7041 6940 7001 7055 7042 7021 7030 7083 6990 7053 7002 7010 7040 7087 7150 6994 6878 7059 7012 6968 7035 6983 6950 7010 6977 6925 7000 7063 7057 7067 6999 7003 7066 6989 7050 6989 6923 6691 6879 6725 6821 6873 6888 6556 7014 6967 6714 6877 6929 6812 6989 6986 6873 7102 6937 7028 7068 6941 6958 6997 6950 6940 6735 7031 7024 6936 6888 6924 6979 6961 6999 7016 6950 6707 7082 7052 6986 6873 6975 7000 6885 6897 7031

Tree=0
num_leaves=63
num_cat=0
split_feature=159 144 177 116 176 172 83 144 190 132 130 169 186 83 139 135 85 97 170 170 144 176 142 97 133 109 130 85 133 85 186 169 41 144 144 144 109 139 151 91 144 116 177 144 170 144 95 159 144 190 168 95 33 159 85 143 190 8 85 85 29 23
split_gain=6187.84 3182.97 4290.14 1694.48 2365.54 1311.23 1206.4 684.836 562.673 1396.14 2244.7 306.494 402.149 289.195 285.909 277.748 208.275 182.969 139.263 129.908 124.954 554.199 711.53 192.377 99.1161 95.0205 83.1998 81.8887 79.2199 60.335 54.7279 67.2374 53.9373 99.5805 59.8824 37.8344 32.6442 32.4928 31.9444 31.6886 30.8336 30.7108 43.4215 65.7146 26.1555 24.989 23.5099 23.3555 21.8181 21.5519 23.9859 20.8429 19.4286 18.3765 17.827 17.5169 17.0149 15.518 15.4402 15.2997 14.0772 13.7535
threshold=38.564739227294929 0.96691203117370617 1.0000000180025095e-35 7.5000000000000009 1.0000000180025095e-35 1.0000000180025095e-35 1.0000000180025095e-35 0.98359847068786632 1.0000000180025095e-35 13.500000000000002 25.500000000000004 1.0000000180025095e-35 10.500000000000002 1.0000000180025095e-35 0.15667280554771426 1.5000000000000002 7.5000000000000009 1.2900000214576723 1.0000000180025095e-35 1.0000000180025095e-35 0.91890200972557079 1.0000000180025095e-35 3.0002938508987431 5.0250000953674325 -1.0000000180025095e-35 1.0000000180025095e-35 25.500000000000004 5.5000000000000009 -1.0000000180025095e-35 22.500000000000004 6.5000000000000009 1.0000000180025095e-35 0.27935019135475164 0.92783483862876903 0.17632728815078738 0.95125019550323497 0.6759096384048463 0.15667280554771426 1.0000000180025095e-35 -1.0000000180025095e-35 0.71031588315963756 1.5000000000000002 1.0000000180025095e-35 0.29826979339122778 1.0000000180025095e-35 0.11009996384382249 0.87652891874313366 1.6466820240020754 0.80597889423370372 1.5000000000000002 1.0000000180025095e-35 0.021884279325604442 0.44462835788726812 1.0084205865859988 15.500000000000002 -0.73199340701103199 1.0000000180025095e-35 1.662184536457062 12.500000000000002 7.5000000000000009 0.3095229864120484 0.90655577182769786
decision_type=2 2 2 2 2 2 2 2 2 2 2 2 2 2 2 2 2 2 2 2 2 2 2 2 2 2 2 2 2 2 2 2 2 2 2 2 2 2 2 2 2 2 2 2 2 2 2 2 2 2 2 2 2 2 2 2 2 2 2 2 2 2
left_child=1 6 3 4 5 7 8 30 14 10 37 12 61 -6 17 -12 18 39 24 35 -8 -22 23 -23 -16 56 -14 -21 -18 -28 -3 52 33 34 55 41 -37 -10 -20 51 -36 42 49 -44 -30 -41 -40 -27 -42 50 57 -1 -32 -38 -54 -26 -4 -11 -13 -19 -45 -9
right_child=-2 2 25 -5 13 -7 20 11 9 19 15 58 26 -15 16 -17 28 59 38 27 21 22 -24 -25 32 47 29 -29 44 -31 31 -33 -34 -35 40 36 53 -39 46 45 48 -43 43 60 -46 -47 -48 -49 -50 -51 -52 -53 54 -55 -56 -57 -58 -59 -60 -61 -62 -63
leaf_value=-3.6656564480274478 -2.6200598131898989 -3.6147230528671237 -3.6401252832637154 -3.6270762130977094 -2.5336849433437969 -2.9650497478630062 -3.6673467982678774 -3.4654351619933044 -3.6246223862384763 -3.6234154329949737 -2.7702803182318561 -3.5078976658107242 -3.6319751004596021 -3.6319751004596021 -3.4532017422493744 -3.6340573199381216 -3.5341665408258951 -3.6259990293287516 -3.5707102163627784 -3.4887408225690328 -3.66080292198393 -2.9636157541817671 -3.6473123185119807 -3.6346538419628716 -3.4843309370447355 -3.6655574859150777 -3.0259740318556991 -3.5871917839839407 -3.6331882316306872 -3.5939819862890539 -3.6319751004596021 -3.6095401171855865 -3.6215443634969002 -3.4419734321038735 -3.6227204002749542 -3.6020257391848096 -3.4277446771714093 -3.5231072689347176 -3.4751100021812489 -3.6666999312587936 -3.5426850910287202 -3.6295224484388449 -3.4183209659894094 -3.5512966906616912 -3.6136423168599578 -3.6418148060191151 -3.6170356408376203 -3.6303875961883301 -3.6105674893805042 -3.5944334870615289 -3.5667652010690407 -3.6414596809893802 -3.4062757186879695 -3.634007221216764 -3.6096756176398412 -3.5956763147318291 -3.5485416228460931 -3.6089954110842677 -3.6293476416007171 -3.6362346822732099 -3.609348569703223 -3.6261891804748321
leaf_weight=806.88607405683433 10.086627322103594 23.027381046165829 4.4708152619859929 31.071637166867731 8.7401641855540184 19.137803779260139 2879.6161257709027 12.122511995359671 21.532890559203228 546.57484942690644 9.0590449673763906 9.3859958779066783 0.60618421068648132 0.58587534481193948 5.3875926339533171 0.90914208722824774 15.475955306610556 513.28091885249887 59.886937544433749 27.017783482253435 98.762738335019094 3.0395946920616543 10.147530579124576 1.1007031989283858 9.1155880599399115 102.79779692916782 16.591452688153371 91.90163541243237 1234.8277625844639 1.2889187484979618 1.421597405875217 12.411515379470075 398.59596771946235 6.0228037838242008 140.85214744486439 16.231438355025606 1.4001480359147529 8.8572897993290081 21.583885571235452 129.56659414956812 20.400385379980435 282.82744121094584 1.6994128387741501 12.404598586435894 166.02158298518043 454.65293894019851 5.0000682298996244 80.893422348686727 32.865781556567526 126.31304242101032 19.034388975633192 108.70099047631084 9.3684664309403143 0.89829275597003277 2.7615722868213206 11.632099261405527 26.569839857533225 295.14534707869461 3.9925116740196236 1224.2865233843331 49.316681625903584 2.1988884615420821
leaf_count=64403 773 1797 337 2479 749 1634 229440 941 1658 43474 779 704 54 49 439 65 1262 38350 4556 1927 7914 290 812 89 719 8212 1216 7277 99039 110 108 952 30193 475 11216 1253 110 676 1577 10315 1641 22318 135 887 13317 36271 368 6375 2548 9606 1778 8522 709 65 227 911 2090 21370 330 97726 3901 172
internal_value=-3.63193 -3.63342 -3.49033 -3.29409 -3.21404 -3.30788 -3.63885 -3.40691 -3.62731 -3.60042 -3.32705 -3.27751 -3.20123 -2.5801 -3.63491 -2.82511 -3.62069 -3.64426 -3.59872 -3.60894 -3.66532 -3.61454 -3.36887 -3.04862 -3.60744 -3.63608 -3.0639 -3.55975 -3.63182 -3.04858 -3.5509 -3.50704 -3.61024 -3.59065 -3.59915 -3.61354 -3.54991 -3.58313 -3.54075 -3.65702 -3.60948 -3.61474 -3.61082 -3.57184 -3.63319 -3.64762 -3.49442 -3.65031 -3.57871 -3.61364 -3.61669 -3.66288 -3.44585 -3.45795 -3.4311 -3.52661 -3.56173 -3.61822 -3.53221 -3.63319 -3.59214 -3.48094
internal_weight=10248.4 10238.3 369.444 154.712 123.641 114.315 9868.83 95.177 6876.17 1511.12 40.3584 46.1865 32.808 9.32604 5365.04 9.96819 2127.67 3237.37 711.343 1470.77 2992.67 113.051 14.2878 4.1403 624.872 214.732 18.4866 118.919 1416.33 17.8804 48.9905 25.9632 619.485 220.889 214.866 1351.85 18.5299 30.3902 86.4709 1499.81 194.118 1333.32 1050.49 63.4207 1400.85 584.22 26.584 183.691 53.2662 987.068 860.755 915.587 13.5516 2.29844 12.13 20.7477 31.0407 841.72 13.3785 1737.57 61.7213 14.3214
internal_count=809690 808917 29245 12231 9752 8954 779672 7320 541127 117279 3178 3527 2493 798 423848 844 168261 255587 54643 114101 238545 9105 1191 379 48142 17014 1380 9204 113618 1326 3793 1996 47703 17510 17035 104897 1428 2334 6501 119511 15405 103469 81151 4923 112356 46586 1945 14587 4189 76228 66622 72925 1044 175 936 1630 2427 64844 1034 136076 4788 1113
is_linear=0
shrinkage=1


Tree=1
num_leaves=63
num_cat=0
split_feature=144 177 159 189 116 132 173 139 86 179 170 97 85 35 189 175 143 135 189 144 142 83 94 86 13 94 25 9 144 173 11 189 130 5 10 144 94 107 168 189 115 144 144 94 130 63 144 13 47 152 94 67 6 144 15 106 189 130 94 5 94 90
split_gain=2933.73 2814.52 1580.64 1420.1 883.06 539.889 1454.33 457.393 372.264 345.606 287.566 279.66 220.378 201.511 154.618 144.382 132.55 127.724 80.8942 74.0587 100.644 56.2888 53.6548 43.5376 38.7675 30.6077 30.1472 29.8787 28.7296 28.5246 25.4653 23.8207 18.666 17.3792 17.1528 15.4894 15.2914 13.4372 12.7625 13.3313 12.2226 12.2073 33.2139 11.8147 11.4907 10.8135 10.6061 10.3682 10.079 10.0259 8.12094 7.63436 7.52669 7.01902 6.80069 6.41754 5.74563 5.62282 5.61796 5.55521 9.40005 5.27464
threshold=0.96691203117370617 1.0000000180025095e-35 38.564739227294929 -1.0000000180025095e-35 7.5000000000000009 13.500000000000002 1.0000000180025095e-35 0.15667280554771426 5.5000000000000009 1.0000000180025095e-35 1.0000000180025095e-35 1.2900000214576723 4.5000000000000009 0.49998915195465093 0.26999999582767492 1.0000000180025095e-35 2.0255224704742436 2.0349999666213994 0.19000000506639483 0.91890200972557079 2.3910460472106938 1.0000000180025095e-35 24033.500000000004 5.5000000000000009 0.4538103193044663 1.5000000000000002 0.61428958177566539 0.26186595857143408 0.95908960700035106 1.0000000180025095e-35 0.83331972360610973 0.35000000894069677 1321.5000000000002 0.11781951040029527 0.082725699990987792 0.67342856526374828 20293.500000000004 1.0000000180025095e-35 1.0000000180025095e-35 0.31000000238418585 8.1626458168029803 0.23567233234643939 0.68318140506744396 1.0000000180025095e-35 1504.5000000000002 0.72816514968872081 0.8238605558872224 0.40249507129192358 0.39723576605319982 1.0000000180025095e-35 86.500000000000014 0.99855956435203563 6.5437307357788095 0.24363271147012713 0.65227791666984569 0.81101191043853771 0.29000000655651098 1486.5000000000002 25029.500000000004 0.10801704972982408 2.5000000000000004 1.0000000180025095e-35
decision_type=2 2 2 2 2 2 2 2 2 2 2 2 2 2 2 2 2 2 2 2 2 2 2 2 2 2 2 2 2 2 2 2 2 2 2 2 2 2 2 2 2 2 2 2 2 2 2 2 2 2 2 2 2 2 2 2 2 2 2 2 2 2
left_child=2 4 3 7 8 6 17 19 9 11 18 13 27 15 34 40 47 23 -7 61 -21 22 29 25 41 -5 37 36 38 44 32 49 33 -18 -3 -9 51 -16 39 53 -2 54 -43 -30 -15 52 -44 -10 -45 -19 -35 59 -27 -20 57 -6 -26 -14 -52 -12 -61 -1
right_child=1 14 -4 5 55 10 -8 35 16 -11 12 -13 24 21 26 -17 30 31 28 20 -22 -23 -24 -25 56 45 -28 -29 43 -31 -32 -33 -34 50 -36 -37 -38 -39 -40 -41 -42 42 46 48 -46 -47 -48 -49 -50 -51 58 -53 -54 -55 -56 -57 -58 -59 -60 60 -62 -63
leaf_value=-0.032066305950985287 0.46866620321888369 -0.033718550405303326 0.44210354517765937 0.00839647092988903 0.032231792171504389 0.00839647092988903 0.44450251190053297 -0.00038039751343623703 0.091407901655511326 0 0.00839647092988903 0.00097871685932729349 0.091422877221105453 0.28697700518745167 0.13481610465786795 -0.0051468664120156464 0.0037769142949510455 0.052031067744864372 0.032044425981563596 0.00839647092988903 -0.034279134277190863 -0.001190833413148082 0.0089532553434131853 0.041125416828199146 0.012119017537078454 0.20939004025073316 0.021675812360676026 0.054859940913182227 0.012691096760821153 0.014102197857590587 0.028607836424824475 0.11308278670399474 0.020182700512260669 0.016144805378550061 -0.0026298741754784997 0.00839647092988903 0.00839647092988903 0 0.058912913564965565 0.038935746621128538 0.032500859867829357 0.017495401527759892 0.096245193685457572 0.17964997620705569 0.0073063281969369788 0.00839647092988903 0.034868133081143948 0.021018340395563492 0.0090025177095113644 0.00839647092988903 0.2786430815733425 0.00839647092988903 0.00839647092988903 0.017567498372670225 0.00839647092988903 -0.0084382808999784089 0.041687692266559814 0.00839647092988903 0.010153386450257401 0.00839647092988903 0.16812313252054745 -0.036888652974203566
leaf_weight=1548.5198380130605 59.267343208644888 99.957639841813943 14.681261211459057 2.487361570485521 10.091593211196598 3780.8415041434782 20.705153840448475 506.22746942340746 12.217125000475791 6.8934625468100412 0.90205689225694996 5.3419811375642885 26.613714957464261 47.999017595531768 17.530258120299557 1.459364250418729 0.99489810313390137 8.6513054185925267 114.52084655297222 27.989461380726425 142.06674202789145 1.7896665749431111 2.4829799647559403 16.111266982872621 156.78115905437153 11.739164747108582 14.804287395731079 18.612286726303864 4.1825300368946037 1.7464516188047117 3.1763385270314748 0.95407496279221859 2.0086153632873893 1.1827654354274297 81.662984268506989 233.67189399592462 1.6659425939142227 2.0093866777897338 24.987292006699136 123.0897205859219 1.0628425221802889 73.667686896442319 23.152571937680477 0.76703488206840154 0.82212516966683225 0.69635777342773586 23.638936556875706 14.871053330542052 2.0646968680957798 122.73539787353366 19.88833375781542 0.76020685365074214 0.74641960456210732 549.16077880517696 1.7551941959827662 21.608086012565764 16.232132938486757 0.98603201116202299 0.78319744174950656 0.56946891194092941 41.674801563975052 2156.876853676702
leaf_count=127597 2417 8168 463 174 799 297239 824 40304 659 520 59 399 1989 2766 1226 102 58 599 8670 2109 11697 138 180 1167 12298 851 1097 1217 316 100 193 59 123 67 6431 18441 131 152 2182 9010 54 5483 1710 53 50 48 1746 1082 142 9637 1055 51 46 41622 135 1709 1269 79 47 36 2731 177483
internal_value=0.000119442 0.126932 -0.00552461 -0.00642407 0.252508 0.0115613 0.0943471 -0.0265726 0.293477 0.34199 0.00839647 0.36071 0.0512437 0.376263 -0.00124666 0.45342 0.160638 0.0381889 0.00839647 -0.033447 -0.00100039 0.258289 0.266822 0.120849 0.033183 0.171834 0.0887422 0.132758 0.0263244 0.277089 0.230565 0.0144798 0.246421 0.258217 -0.0203189 0.00839647 0.155509 0.123767 0.0249696 0.0234947 0.46444 0.0515622 0.0409253 0.10539 0.283848 0.194432 0.0720801 0.0628405 0.143601 0.0094611 0.26601 0.160618 0.202184 0.0203239 0.0821746 0.00645517 0.0161266 0.0874897 0.273403 0.163126 0.165587 -0.034926
internal_weight=10233.1 431.652 9801.49 9786.81 215.687 5171.45 184.827 4615.35 183.988 128.865 4986.63 121.972 387.012 116.63 215.965 61.7895 55.1223 164.121 4599.61 3875.45 170.056 54.8402 53.0506 31.7806 322.827 15.6693 34.3439 64.1848 818.773 50.5676 28.0341 132.341 24.8578 22.8492 181.621 739.899 45.5725 19.5396 811.759 786.771 60.3302 149.814 120.459 7.01426 48.8211 13.1819 46.7915 27.0882 2.83173 131.387 21.8543 43.9065 12.4856 663.682 29.3549 31.6997 173.013 27.5997 20.6715 43.1463 42.2443 3705.4
internal_count=809259 29592 779667 779204 12518 401573 13405 377631 10010 6726 388168 6206 28934 5807 17074 2573 3284 12581 359234 318886 13806 3234 3096 2286 24709 1119 2475 4225 61995 2916 1543 10295 1350 1227 14599 58745 3008 1378 61484 59302 2471 11142 8939 511 2816 945 3456 1741 195 10236 1169 2877 897 50292 2203 2508 13567 2068 1102 2826 2767 305080
is_linear=0
shrinkage=0.05


Tree=2
num_leaves=63
num_cat=0
split_feature=144 177 189 159 116 132 189 139 170 147 151 189 181 139 182 170 83 189 139 130 144 78 147 86 15 144 181 144 97 34 45 175 5 132 144 15 37 8 189 5 189 168 134 94 75 144 144 144 94 79 132 90 159 79 67 86 163 144 94 144 45 106
split_gain=2402.64 1852.68 1386.75 1005.62 499.606 454.452 818.633 451.829 247.874 207.114 193.227 138.92 118.075 101.752 81.2061 430.441 128.021 75.0517 69.3494 68.7881 67.9135 87.9752 64.6391 63.4158 39.2518 30.5592 28.5582 28.0703 22.7545 19.6619 19.4988 17.384 17.3222 17.2831 16.2419 13.037 13.7129 11.7415 11.2108 11.1989 9.61817 8.5692 8.15421 7.86304 7.74876 7.3132 6.93399 6.57757 5.97968 6.16403 6.05871 5.84206 5.81134 5.71412 5.51469 5.32039 5.29719 4.77203 4.66606 4.5816 6.81115 4.57435
threshold=0.96691203117370617 1.0000000180025095e-35 -1.0000000180025095e-35 38.564739227294929 7.5000000000000009 13.500000000000002 0.2100000008940697 0.15667280554771426 1.0000000180025095e-35 0.94558703899383556 1.0000000180025095e-35 0.26999999582767492 1.0000000180025095e-35 0.15667280554771426 1.0000000180025095e-35 1.0000000180025095e-35 1.0000000180025095e-35 0.19000000506639483 0.15667280554771426 67.500000000000014 0.91890200972557079 -1.0000000180025095e-35 0.88038834929466259 1.5000000000000002 0.64143928885459911 0.9769560992717744 1.0000000180025095e-35 0.94929921627044689 1.2900000214576723 173.85039520263675 0.40489333868026739 1.0000000180025095e-35 0.65706512331962597 61.500000000000007 0.98694339394569408 0.70075231790542614 0.90299502015113842 2.3396705389022832 0.19000000506639483 0.9037160873413087 0.29000000655651098 1.0000000180025095e-35 125.50000000000001 169.50000000000003 0.18333333730697635 0.97363516688346874 0.67342856526374828 0.81995335221290599 20160.500000000004 -1.9627202749252317 52.500000000000007 1.0000000180025095e-35 0.14104580134153369 -1.419453978538513 0.97677528858184826 4.5000000000000009 1.5000000000000002 0.9803157150745393 94.500000000000014 0.26571047306060797 0.19338355213403705 0.64961639046669017
decision_type=2 2 2 2 2 2 2 2 2 2 2 2 2 2 2 2 2 2 2 2 2 2 2 2 2 2 2 2 2 2 2 2 2 2 2 2 2 2 2 2 2 2 2 2 2 2 2 2 2 2 2 2 2 2 2 2 2 2 2 2 2 2
left_child=2 4 7 5 9 6 18 20 17 12 22 33 14 -8 16 23 31 -7 -4 26 51 -22 32 25 -17 -16 28 37 29 -11 -29 -2 53 -3 -25 36 44 41 -21 42 55 43 -12 59 45 -13 -9 -45 49 -44 -51 -1 -6 -10 -55 -24 -52 -54 -36 60 -19 -18
right_child=1 11 3 -5 52 8 13 46 10 19 39 35 -14 -15 15 24 61 27 -20 38 21 -23 40 34 -26 -27 -28 30 -30 -31 -32 -33 -34 -35 58 -37 -38 -39 -40 -41 -42 -43 48 47 -46 -47 -48 -49 -50 50 56 -53 57 54 -56 -57 -58 -59 -60 -61 -62 -63
leaf_value=-0.031318818646516276 0.32927423288228991 -0.033256425125619063 0.0069287916488543662 0.3220768713375235 -0.010467868727290972 0.0074907241372143725 0.0335856812611421 0.00099557701996825306 0.0074907241372143725 0.1907931452485041 0.02109312832843251 0.009217533617355082 0.0081636343146410297 0.31660191401084009 0.029387546785208326 0.35747957825982873 0.049933967048247728 0.03545087846515424 0.073147726939594301 0.0054582856675475964 0.0069287916488543662 -0.034488490358887867 0.023519592925414386 0.016616233628140419 0.095841332401279164 0.18524649333482432 -0.0015692803945222989 0.020499392795892815 -0.0039240134496593814 0 0.13477098218584244 0.055418270814908202 0.021136216405579913 -0.0019033089182619899 0 0.024815841377758246 -0.0019033089182619899 0.033897813753494599 0.075480712290719454 0.0074907241372143725 0.043554359955994361 0.047211550586393931 0.0074907241372143725 0.042600642543156611 0.0045773291701624473 0.12972224784971972 0.0074907241372143725 0.0074907241372143725 0.0086022664928767575 0.010133517354302728 0.15359354546217097 -0.036353440060185399 -8.8769728798806396e-05 0.075806428590383793 0.0097912579390937726 0.0074907241372143725 0.032514016460399253 0.048057355938244471 0.092131641120328955 0.012401936045560419 0.0086886871232948731 -0.0090190790081591931
leaf_weight=1502.0604857558501 68.568013491167221 97.784929249988636 101.68848929075466 21.030834327102639 17.821206784574319 3806.3094504459877 3.6607113208447108 510.20310573316237 3.8677404763438963 21.497144216991739 4.1827211292547863 2.6768428165960456 5.6705790171836261 30.311424735715264 6.4102531740500153 30.523882638488431 2.7039315484435056 60.0650465151557 62.010055475053377 17.415310661817788 36.054435456302599 130.56820718875679 54.866443462466123 21.293412435567006 6.5330859926034455 22.908247510262299 2.1649649222090366 10.318183328592566 1.2521712587040372 1.1701355315453827 5.2654786915663854 3.0782958875497561 31.017586217814824 81.020787044195458 1.3593255697051052 13.145266797524526 1.8338286269135995 194.06661680917023 5.0403388267586697 1.2097418058401661 20.928084390528966 23.844403791124932 1.2406545500998607 49.876838166295784 2.4828796091169343 16.932151173969032 236.54236175895494 20.029010301514063 1.9847622123634199 2.022402439499273 42.2547061170917 2084.0447777874797 7.6992308664339344 84.190698413687642 5.8631012525001998 145.97769672474533 4.659406428327201 6.0651309885288356 14.464018207057959 422.79736627235252 48.809141400182853 2.4826481546188006
leaf_count=127890 1846 8226 7962 463 1427 296846 248 40606 261 800 252 164 409 879 324 1104 186 4516 4299 1161 2831 11015 4199 1301 281 824 165 772 98 69 366 155 2102 6383 76 940 133 12889 265 77 1572 2036 76 3844 176 1059 18510 1518 147 119 2485 177510 592 5622 403 11319 265 477 772 32211 3682 196
internal_value=-4.70137e-07 0.108387 -0.00540637 0.0120068 0.195409 0.0104527 0.0838859 -0.0257759 0.00749072 0.220062 0.0464233 -0.000771507 0.245088 0.290217 0.251982 0.199643 0.305671 0.00749072 0.0335857 0.109768 -0.0328499 -0.0014428 0.0312098 0.109263 0.328826 0.161144 0.15914 0.0244846 0.172306 0.181895 0.083683 0.322217 0.0593664 -0.0196239 0.0534237 0.081091 0.101511 0.0228279 0.0329696 0.12785 0.0142779 0.0191116 0.130888 0.0175767 0.110738 0.119503 0.00749072 0.033468 0.13664 0.140013 0.142635 -0.0342982 0.00660764 0.0700327 0.0725125 0.0101219 0.146339 0.0269465 0.0858717 0.0151483 0.024581 0.0286849
internal_weight=10245.8 481.998 9763.82 5264.35 266.121 5243.32 197.671 4499.47 5045.65 234.536 404.266 215.877 185.996 33.9721 180.325 103.492 76.8329 4641.38 163.699 48.5401 3752.73 166.623 346.711 66.4353 37.057 29.3185 26.0844 835.072 23.9195 22.6673 15.5837 71.6463 124.939 178.806 37.1168 37.071 23.9257 819.488 22.4556 57.5544 221.772 625.422 56.3447 601.577 22.0919 19.609 746.745 69.9058 52.1619 50.1772 48.9365 3586.11 31.5856 93.9215 90.0538 200.844 46.9141 13.7644 15.8233 531.672 108.874 5.18658
internal_count=809401 29609 779792 401430 12528 400967 13388 378362 387579 10032 28899 17081 7474 1127 7065 4682 2383 358680 12261 2558 319246 13846 25478 3297 1385 1148 1132 61834 967 869 1138 2001 8388 14609 2149 2472 1532 60696 1426 3421 17090 47807 3344 45771 1399 1223 59116 5362 3092 2945 2869 305400 2496 6286 6025 15518 2750 1069 848 40409 8198 382
is_linear=0
shrinkage=0.05


Tree=3
num_leaves=63
num_cat=0
split_feature=144 109 97 159 79 87 169 112 116 171 190 132 173 85 179 144 86 144 142 97 97 170 170 87 110 86 139 94 116 186 85 131 110 144 15 94 86 86 91 60 144 144 97 57 86 173 139 144 131 168 110 29 143 73 172 133 9 144 144 144 190 187
split_gain=2036.2 1054.96 936.676 666.776 620.752 397.98 234.316 225.106 225.359 241.695 208.613 526.966 274.857 134.361 127.928 103.179 103.06 87.7102 382.239 199.507 330.808 84.3195 76.3389 73.8553 72.4838 58.6744 108.509 58.3627 54.853 45.1972 44.7473 37.5583 35.892 40.1967 31.2666 29.0734 26.878 26.2505 24.008 22.4453 20.3886 23.0299 19.5769 31.0352 19.5028 17.8461 17.4976 17.4049 15.1053 14.5606 14.4289 14.2947 13.6425 12.9021 12.3341 17.626 11.9448 11.3766 11.0545 11.7411 10.777 10.3045
threshold=0.96315670013427745 1.0000000180025095e-35 1.0000000180025095e-35 25.102735519409183 -3.1892957687377925 1.0000000180025095e-35 1.0000000180025095e-35 0.77599006891250621 6.5000000000000009 1.0000000180025095e-35 1.0000000180025095e-35 13.500000000000002 1.0000000180025095e-35 7.5000000000000009 1.0000000180025095e-35 0.11009996384382249 3.5000000000000004 0.91890200972557079 1.6272174715995791 4.0250000953674325 1.2900000214576723 1.0000000180025095e-35 1.0000000180025095e-35 1.0000000180025095e-35 3.5000000000000004 2.5000000000000004 0.15667280554771426 1.0000000180025095e-35 1.5000000000000002 1.0000000180025095e-35 7.5000000000000009 1.0000000180025095e-35 2.5000000000000004 0.29575732350349432 0.71597027778625499 25125.500000000004 7.5000000000000009 1.5000000000000002 1.0000000180025095e-35 1.0000000180025095e-35 0.92783483862876903 0.17632728815078738 1.2900000214576723 1.0000000180025095e-35 2.5000000000000004 1.0000000180025095e-35 0.15667280554771426 0.68732738494873058 390.50000000000006 1.0000000180025095e-35 6.5000000000000009 0.35396054387092596 -0.52169612050056446 1.0000000180025095e-35 1.0000000180025095e-35 -1.0000000180025095e-35 0.34779675304889685 0.67989498376846325 0.93159422278404247 0.80597889423370372 1.5000000000000002 5.5000000000000009
decision_type=2 2 2 2 2 2 2 2 2 2 2 2 2 2 2 2 2 2 2 2 2 2 2 2 2 2 2 2 2 2 2 2 2 2 2 2 2 2 2 2 2 2 2 2 2 2 2 2 2 2 2 2 2 2 2 2 2 2 2 2 2 2
left_child=1 3 4 10 29 17 7 8 9 14 13 12 46 21 16 -7 27 -3 19 20 -19 23 32 25 -22 26 -1 -6 -17 -2 52 36 33 48 45 61 47 -28 -4 -25 41 -27 43 -30 53 -18 -12 -15 -13 60 -5 -44 -24 56 -49 -56 -23 -43 59 -57 -34 -29
right_child=2 5 38 50 6 15 -8 -9 -10 -11 11 22 -14 31 -16 28 34 18 -20 -21 24 44 30 39 -26 40 37 35 42 -31 -32 -33 49 -35 -36 -37 -38 -39 -40 -41 -42 57 51 -45 -46 -47 -48 54 -50 -51 -52 -53 -54 -55 55 58 -58 -59 -60 -61 -62 -63
leaf_value=-0.0054737823125809801 -0.030452490391153247 -0.033822791630910821 0.0078800099404018661 0.24996592687827315 0.15034532525970673 -0.033729982839705692 0.0376441057889546 0.051235482941514657 0.051235482941514657 0.051235482941514657 0.0051301976201565055 0.18528699048572939 0.24328267761359729 0.0003058746029023631 0.051235482941514657 0.020760660312531543 0.17872179988805817 0 -0.032491320191239001 -0.01508576737896015 0.45526579214121976 0.1082649684772497 0.12296445730126693 0.0065624963268465482 0 0.060673817310500082 0.13357712155194912 0.29501015261559049 -0.034594381806177563 0.057319931830303456 0.029656432366929032 -0.028309681307688801 0.0095897800738281563 0.03386345348962605 0.051235482941514657 0.051235482941514657 -0.0077661877773365562 0.056463033892349801 -0.030947722947433559 -0.028027893816535129 0.086906087772894769 -0.0021728782159601222 0.0051768550194606217 -0.0068823500799967451 0.036121614244832845 0.051235482941514657 0.076864568122047033 0.0087404063663167539 -0.0020799335123159036 0.04754071766765889 0.028105703091373554 -0.0049404210399026241 0.053642728523691313 0.022029762081297682 0.10713086763348492 0.034503807879082596 0.0064790213925402969 0.024220695860544178 0.073300414586164972 -0.0067180529934788812 0.026711838164496876 0.051235482941514657
leaf_weight=36.431661431211978 48.912878834307776 2786.8494277690916 121.17506861015863 25.655333474962394 29.497127207723679 297.75157949179993 37.164619680916076 36.020394035876961 14.595088475514784 26.342674999177689 19.341172760701738 2.0905102040997003 37.697208421799587 522.66663440366392 5.7988670320773954 218.9366353580117 60.895057592293597 7.7349269626138284 116.94380465197901 8.9837063265586021 6.2724861592578236 32.488364115226432 21.985417857344146 476.6023084235203 0.86523623304674391 17.642270475262194 31.253493770069326 97.144633376199636 124.81953888178396 15.120704253757138 83.932508936981321 133.11617192561971 718.08401043525373 63.000043744497816 8.7360913945158227 1.7390916551521503 748.18194508121815 37.13691229307733 52.99067048705183 46.846100448863581 5.2544406058150335 119.40094353214954 453.00624536735995 491.42451556064771 58.654924077098258 2.7992196462000711 12.788876271268235 173.29255763134279 0.83325925306417037 26.127760955132544 2.4183829902904099 1447.5717035294947 32.6614921556029 11.272555994233697 3.00602636039548 27.434057375488919 4.4156697375001377 55.410752102572587 4.8570267795730606 32.421997097582789 106.17584018362686 1.900167094558127
leaf_count=2848 4249 245314 9440 523 868 26261 2177 2247 1106 1536 1454 131 782 41335 443 15792 1887 621 10227 743 344 1799 1161 35151 73 1291 2313 2222 10886 985 6125 11518 53162 4529 441 62 58992 2820 4622 3947 342 9314 33433 39130 3671 141 751 13609 54 2099 37 114033 1932 646 186 2182 279 4166 400 2582 7360 106
internal_value=-0.000313263 -0.00569554 0.0918821 0.0151412 0.134784 -0.0187414 0.162617 0.177873 0.194695 0.206883 0.0131193 0.031042 0.15943 0.00524473 0.224782 -0.00602289 0.231651 -0.0318786 0.00627223 0.169862 0.258524 0.0203535 0.021808 0.0146938 0.421382 0.0341523 0.0636942 0.263887 -0.00294218 -0.0067136 0.0558989 -0.00334351 0.0163497 0.0508202 0.16005 0.288205 -0.00104274 0.0987434 -0.00432794 0.00318362 0.0171816 0.0129989 -0.00505106 -0.0127689 0.061275 0.172531 0.040862 0.00551942 0.161116 0.0133668 0.238748 -0.00250857 0.089921 0.0851533 0.0164881 0.0340064 0.0989089 0.00649503 0.0228109 0.0129933 0.0119732 0.291948
internal_weight=10252.6 9691.74 560.832 3730.58 386.667 5961.16 322.633 285.468 249.448 234.853 3702.5 1124.72 69.8273 2577.79 208.51 3033.51 202.711 2927.65 140.8 23.8564 14.8726 932.81 1054.89 825.979 7.13772 302.53 104.822 130.281 2735.76 64.0336 138.579 1644.98 916.311 65.9238 72.4304 100.784 1511.86 68.3904 174.166 523.448 197.708 192.454 2516.82 616.244 106.832 63.6943 32.13 763.678 2.92377 850.388 28.0737 1900.58 54.6469 48.1766 241.012 67.7191 36.904 174.812 64.7131 59.8561 824.26 99.0448
internal_count=808880 776348 32532 279491 18470 496857 13236 11059 8812 7706 278931 79540 2987 199391 6170 239535 5727 257322 12008 1781 1038 68587 76553 62192 417 23094 7981 3258 213274 5234 9218 130804 67335 4714 2469 2390 119286 5133 14062 39098 15113 14771 197482 50016 6395 2028 2205 60294 185 62621 560 147466 3093 2724 18959 5350 2078 13480 5164 4764 60522 2328
is_linear=0
shrinkage=0.05


Tree=4
num_leaves=63
num_cat=0
split_feature=189 95 144 144 189 132 164 147 144 97 116 97 144 151 144 142 143 118 186 147 152 144 136 147 69 143 152 186 136 86 15 115 86 5 167 167 187 163 3 142 147 86 144 15 24 25 151 39 75 86 136 55 10 63 144 131 4 75 144 67 144 76
split_gain=1662.88 849.566 717.555 826.095 641.005 520.298 187.354 144.511 108.347 75.853 317.089 70.2432 69.1317 57.2146 55.5875 83.0115 42.4697 34.632 28.2523 26.9696 18.0908 17.4877 16.3806 15.7547 13.7436 13.1563 11.3979 11.5074 12.1965 9.8233 12.5001 8.91669 8.37203 8.30377 7.27583 28.6018 6.71064 6.97834 6.56179 6.49955 5.33909 5.25174 5.17034 5.03428 4.94465 4.89822 4.77259 4.57292 4.51334 4.45115 4.26707 4.24172 4.39576 4.17389 4.17097 4.13658 4.12094 4.07423 3.97507 3.83808 3.67972 3.46123
threshold=0.19000000506639483 0.019328075461089615 0.95908960700035106 0.9769560992717744 -1.0000000180025095e-35 13.500000000000002 1.0000000180025095e-35 0.91471031308174144 0.95908960700035106 -1.0000000180025095e-35 3.5000000000000004 -1.0000000180025095e-35 0.69189634919166576 1.0000000180025095e-35 0.9146985411643983 2.3910460472106938 -0.84095597267150868 1.0000000180025095e-35 8.5000000000000018 0.92868700623512279 0.41164211928844457 0.95908960700035106 -1.0000000180025095e-35 0.83107736706733715 0.2134746387600899 1.0958660244941714 0.92701685428619396 8.5000000000000018 -1.0000000180025095e-35 5.5000000000000009 0.1776230186223984 0.33048728108406072 1.0000000180025095e-35 0.57702431082725536 1.0000000180025095e-35 168.15000152587893 2.5000000000000004 1.5000000000000002 0.43775583803653723 1.0000000180025095e-35 0.76028168201446544 1.0000000180025095e-35 0.22797682136297229 0.34782361984252935 3.0633503198623662 0.36711190640926367 1.0000000180025095e-35 0.4999965131282807 0.26666667312383657 13.500000000000002 1.5000000000000002 5.5000000000000009 3.917423009872437 -0.99470937252044667 0.030483822338283065 1196.5000000000002 18.166666984558109 0.36666667461395269 0.23968885838985446 0.98688566684722911 0.65218275785446178 4709.5292968750009
decision_type=2 2 2 2 2 2 2 2 2 2 2 2 2 2 2 2 2 2 2 2 2 2 2 2 2 2 2 2 2 2 2 2 2 2 2 2 2 2 2 2 2 2 2 2 2 2 2 2 2 2 2 2 2 2 2 2 2 2 2 2 2 2
left_child=1 4 5 7 14 17 13 12 23 -4 11 -10 16 19 32 -16 -3 18 -2 20 42 -14 -9 31 -15 29 27 28 -18 39 -31 33 45 47 -22 -36 37 51 50 -24 -30 -17 49 -42 -25 -1 57 61 -32 -7 -29 55 -48 -52 -55 -26 -49 -41 -56 -28 -44 -6
right_child=2 3 9 -5 8 6 -8 22 10 -11 -12 -13 21 24 15 41 26 -19 -20 -21 34 -23 25 44 36 -27 59 38 40 30 48 -33 -34 -35 35 -37 -38 -39 -40 46 43 -43 60 -45 -46 -47 52 56 -50 -51 53 -53 -54 54 58 -57 -58 -59 -60 -61 -62 -63
leaf_value=-0.029888411584979031 0.028001745899785543 0.028001745899785543 0.20528656165210984 0.14384924046866593 -0.00036450590931982928 0.083415524589707274 0.20108974672955404 0.013874343687894631 0.18201315643957791 0.14384924046866593 -0.0004813371464298063 -0.0023672749785319937 0.028001745899785543 0.028001745899785543 -0.0023672749785319937 -0.033844534178287915 0.028001745899785543 0.028001745899785543 0.20539567942455894 0.013874343687894631 0.028001745899785543 0.071412946854192652 -0.01820442218885129 -0.0023672749785319937 0.1228594961510473 0.013874343687894631 0.028001745899785543 -0.0049975199662687306 0.0075819587131809585 -0.018351616926104437 -0.0077418820337237255 -0.00042818901813566245 -0.0023672749785319937 0.00034381663909917532 0.12674647633778355 0.028001745899785543 0.028001745899785543 0.028001745899785543 -0.0042175249713795352 -0.0016165699408373921 -0.010707995725625771 -0.0023672749785319937 0.028001745899785543 0.009739980041550543 0.0082995553218228012 -0.034923754321645788 0.028001745899785543 0.028001745899785543 0.0027714798135912776 0.028001745899785543 -0.0078679613468281822 0.028001745899785543 -0.012916531323352404 -0.0023700609447804988 0.024997296339205166 0.028001745899785543 -0.0023672749785319937 0.011912654647486561 0.012426084002460038 -0.0038905320068726014 0.052191153967814687 0.017644803142331609
leaf_weight=1188.5471803248365 2.7500238681241163 121.90743766023661 78.519248076539952 116.06690533440269 34.576289470438496 19.44124580222708 11.110964559135025 12.389880131246171 32.473256575729465 79.187547477180487 125.35387667188479 5.5349345019785678 430.50704311486334 12.677820630051427 45.124819664793904 231.93839260368259 8.6810509772622009 2.2870376067876341 46.021332568139769 365.74257645930629 387.77224821342679 46.327002827252727 34.203817035930115 1973.3145678841829 24.190595288775565 48.347570308877039 49.194347036696854 28.384972810992622 67.965252778172726 248.70823473238852 303.4208546862792 228.43708834881545 23.823678409695276 90.379709798377007 5.4184960148559176 31.827754004872986 4.1220254968648069 3.503893012617481 63.458414511726005 219.30518194077013 202.11642213958839 3.2333872874442013 50.974582379974891 29.937288994013215 133.73663386095723 2125.3518023834768 10.988044988902397 49.362661612671218 145.12471076956717 1.5716143117460877 16.985932587544085 1.7434240626462258 3.0697917018405869 29.09047822454886 100.4192685191083 0.89700257059303012 4.6274805378779993 68.330050274686073 268.91603507578839 6.9164220030070274 46.535029781312915 80.668664555982105
leaf_count=107646 177 8229 2171 3717 2437 1213 170 794 868 3681 9653 413 30789 709 3305 20755 486 69 893 27852 26065 2245 2816 157007 1324 3522 3790 2038 5207 19839 24254 16611 1894 6500 108 2131 236 206 4548 17201 15960 141 3307 2271 9681 193201 792 3485 11624 95 1222 110 205 2137 7120 56 326 5341 19267 506 3029 5840
internal_value=-0.000130097 -0.00740585 0.0556649 0.0161866 -0.0173333 0.0398268 0.0310388 0.0101307 0.000817522 0.153438 0.0396939 0.143849 0.0203425 0.0280017 -0.0311608 -0.00944345 0.011723 0.188287 0.196663 0.0280017 0.0318784 0.0280017 -0.00360699 -0.00169176 0.0813463 -0.00478839 0.00729052 0.00565307 -0.00187642 -0.00607046 -0.00943768 0.00669399 -0.0329602 0.012945 0.0280017 0.0522113 0.0970352 0.105118 0.0102577 0.000881765 -0.00417775 -0.0327513 0.0498182 -0.00781474 -0.00236727 -0.0331731 0.00338864 0.0193282 -0.00429216 0.0765866 0.0124071 0.11354 0.0277221 0.0137011 0.0147688 0.118941 0.0280017 0.0016606 0.0161991 0.0280017 0.0403516 0.0122432
internal_weight=10233.5 9057.25 1176.29 2680.76 6376.48 1018.59 967.529 2564.7 2758.47 157.707 163.362 38.0082 1470.81 956.418 3618.02 280.297 993.973 51.0584 48.7714 909.284 543.541 476.834 1093.89 2595.1 47.1348 1081.5 872.066 815.955 308.7 1033.15 697.254 488.052 3337.72 259.615 425.018 37.2463 34.4569 30.3349 507.255 335.897 300.019 235.172 118.522 232.054 2107.05 3313.9 301.693 169.235 448.546 21.0129 443.797 26.831 14.0578 415.412 398.426 25.0876 53.9901 287.635 369.335 56.1108 97.5096 115.245
internal_count=809285 735683 73602 195920 539763 67750 66611 192203 212821 5852 10934 1281 105815 66441 326942 24201 72781 1139 1070 63800 35948 33034 86388 201887 2641 85594 64552 60256 23924 82072 55717 35199 302741 18588 28304 2239 1932 1696 36332 26355 23438 20896 7644 18231 166688 300847 23539 12088 35878 1308 31784 1490 997 29746 28524 1380 3811 22542 26387 4296 6336 8277
is_linear=0
shrinkage=0.05


Tree=5
num_leaves=63
num_cat=0
split_feature=189 139 189 143 142 132 143 133 110 85 153 43 115 143 139 186 139 152 143 152 43 5 79 151 173 186 8 79 15 15 63 141 133 173 152 186 95 17 64 71 142 65 135 21 133 94 65 94 1 143 142 133 95 63 5 79 85 63 133 63 142 149
split_gain=1426.04 843.766 594.839 427.796 333.661 236.869 170.627 85.8584 73.8916 55.1791 47.3352 54.517 35.629 33.0712 25.1623 17.8419 15.6651 14.3448 11.1838 8.26682 23.0491 8.0631 8.03289 7.34975 6.51335 5.98458 4.76691 4.73672 4.72752 4.60016 5.55778 4.76679 4.19593 3.64799 3.9102 4.16864 3.5686 3.6407 3.55353 3.61982 3.51892 3.48352 3.40963 3.30563 3.18435 3.13248 3.09612 2.71943 2.71127 3.10426 3.17991 3.75959 4.64959 3.30203 3.21112 2.64679 2.63771 4.21426 2.55552 2.46172 2.45422 2.29801
threshold=0.19000000506639483 0.15667280554771426 -1.0000000180025095e-35 0.96549606323242199 14.821883678436281 13.500000000000002 -0.95676425099372853 -1.0000000180025095e-35 2.5000000000000004 9.5000000000000018 -1.0000000180025095e-35 0.83337885141372692 5.0353527069091806 1.1732241511344912 0.15667280554771426 13.500000000000002 0.15667280554771426 0.88695618510246288 0.065946251153945937 1.2900102734565737 0.92911589145660411 0.33606646955013281 -0.082429721951484666 1.0000000180025095e-35 1.0000000180025095e-35 12.500000000000002 3.1904290914535527 2.6840825080871586 0.45608803629875189 0.032424582168459899 0.94457885622978222 0.11601907387375833 581.50000000000011 1.0000000180025095e-35 0.76725864410400402 12.500000000000002 0.019328075461089615 0.38751944899559027 0.56129157543182384 0.87837970256805431 0.60033929347991954 -0.98325580358505238 31.500000000000004 0.17618262767791751 402.50000000000006 64.500000000000014 0.50402903556823742 24033.500000000004 0.9146680235862733 -0.7438620626926421 1.2574026584625246 131.09999847412112 0.35625699162483221 -0.97432601451873768 0.80069136619567882 2.9077230691909794 6.5000000000000009 -0.41135761141777033 51.500000000000007 -0.99703630805015553 65.195487976074233 1.0000000180025095e-35
decision_type=2 2 2 2 2 2 2 2 2 2 2 2 2 2 2 2 2 2 2 2 2 2 2 2 2 2 2 2 2 2 2 2 2 2 2 2 2 2 2 2 2 2 2 2 2 2 2 2 2 2 2 2 2 2 2 2 2 2 2 2 2 2
left_child=1 2 10 6 5 16 -3 -8 60 15 11 -1 -10 -4 -7 17 -2 18 23 -12 -21 -17 -20 26 25 28 27 42 29 -25 31 -31 48 34 35 36 -24 -38 -19 43 -23 -33 56 -40 46 -39 -29 58 49 -28 51 -51 -53 -54 -55 -46 57 -9 -47 -43 -6 -45
right_child=4 3 13 -5 8 14 7 9 12 -11 19 -13 -14 -15 -16 21 -18 38 22 20 -22 40 33 24 -26 -27 32 44 -30 30 -32 41 -34 -35 -36 -37 37 45 39 -41 -42 59 -44 61 55 47 -48 -49 -50 50 -52 52 53 54 -56 -57 -58 -59 -60 -61 -62 -63
leaf_value=-0.025212784811467149 0.023081852974407915 0.050083587721558742 0.0003369437546349128 0.050083587721558742 0.050083587721558742 0.027544170053521284 0.050083587721558742 0.0003369437546349128 0.15411709635340154 0.0003369437546349128 -0.033670273264528379 0.0003369437546349128 0.050083587721558742 0.016917111273667504 0.050083587721558742 0.050083587721558742 0.16363843709250905 0.006469515128897008 0.0003369437546349128 -0.028483300226266259 0.0003369437546349128 0.0003369437546349128 0.0003369437546349128 0.0003369437546349128 0.0003369437546349128 0.0003369437546349128 0.0003369437546349128 0.025682300944831527 0.0003369437546349128 0.0003369437546349128 0.0003369437546349128 0.0003369437546349128 0.0003369437546349128 0.0003369437546349128 0.0003369437546349128 0.0011217101074082051 0.0003369437546349128 0.0003369437546349128 0.01053537752143182 0.0016236605424691073 0.027499497773565636 0.0003369437546349128 0.0003369437546349128 0.050083587721558742 0.018134725019857807 0.0053688241510263263 0.00080122046369193929 0.0003369437546349128 0.0003369437546349128 0.0045542258070191089 0.0063107975150205739 0.0034275575770923838 0.0003369437546349128 0.050083587721558742 0.0027150306991782446 0.0003369437546349128 0.0003369437546349128 0.037387802474673076 0.050083587721558742 0.050083587721558742 0.088098019848140419 0.0003369437546349128
leaf_weight=308.04817713101511 4.3462088340311302 119.24037241355109 2405.3155660165357 275.98048448083864 29.994250510208076 828.51653421981609 31.006962027444388 5.1365527884190696 101.39737082686042 1330.8844719297776 2882.8778955031448 52.491252459163661 6.995456800053943 295.69547126494581 198.8102662381425 22.798755605792394 55.512072436118615 14.685042830969904 20.882341487609665 252.51416709346813 22.976921659734217 11.340314623870656 4.3209309001977081 7.4615751251840257 15.545276191944138 12.068375608519998 13.060606023253056 46.173814228415722 4.2249882406904353 1.8390058718068747 2.7897814436291801 2.6369701995572461 20.064631805129466 4.7234047511446979 6.3570438252063459 10.019778864108956 2.9289611854183013 3.0113623174111117 11.067549323241108 7.4177653613005523 18.578139044286218 1.0150008317723322 419.65433371599647 32.358799651163281 16.246957075636601 5.9783373278914942 19.79459587103338 1.5934917674749147 5.052311444640508 13.942505993356461 23.682895188961993 9.9048680308769672 2.9891498736105815 21.806486047673399 5.3287471909716251 33.911886487810989 20.987514804088278 13.858344705266061 56.639310996426502 38.904816186375697 10.733679286699042 1.2658178989659052
leaf_count=28682 248 7266 187273 13394 1614 55069 1786 367 2454 104549 269729 4300 392 21169 12420 1307 908 1043 1426 23453 1977 706 289 462 1127 864 884 3384 264 113 174 169 1344 312 455 718 194 188 821 555 1109 72 31348 2377 1196 396 1438 118 351 942 1573 686 192 1474 368 2504 1575 1020 3717 2583 553 103
internal_value=-0.000151515 -0.0070858 -0.0173076 0.0158382 0.0500836 0.0500836 0.00841843 0.00526836 0.124313 0.00390297 -0.0308395 -0.0133066 0.146193 0.000336944 0.0500836 0.0131696 0.156384 0.0114407 0.00961057 -0.0328088 -0.0232654 0.0405413 0.0238815 0.00730388 0.0207753 0.0271221 0.00544633 0.00345939 0.0333064 0.0372403 0.0424915 0.0467948 0.014564 0.0298151 0.0320665 0.0347946 0.0386549 0.041217 0.0332266 0.0391026 0.0160442 0.0500836 0.00106934 0.0440308 0.0122783 0.0435197 0.0191512 0.0457115 0.0189555 0.0212079 0.0247944 0.0312583 0.0384659 0.0471468 0.0500836 0.0018693 0.0142896 0.025645 0.0473228 0.0500836 0.0559152 0.0500836
internal_weight=10227.4 8991.08 6219.92 2771.16 1236.31 1087.19 2495.18 2375.94 149.121 2344.93 3518.91 360.539 108.393 2701.01 1027.33 1014.05 59.8583 961.332 894.537 3158.37 275.491 52.7172 116.455 778.082 86.4858 70.9405 691.596 575.764 58.8721 54.6471 47.1856 44.3958 115.832 95.5726 90.8492 84.4922 74.4724 70.1515 66.795 52.1099 29.9185 42.5568 459.637 44.6922 116.127 67.2225 65.9684 64.2111 95.7676 90.7153 77.6547 53.9718 40.0293 30.1244 27.1352 50.1588 39.9824 18.9949 62.6176 39.9198 40.7279 33.6246
internal_count=809544 735886 536583 199303 73658 68645 185909 178643 5013 176857 328141 32982 2846 208442 67489 72308 1156 69186 64287 295159 25430 3122 7813 56474 5828 4701 50646 42832 3837 3573 3111 2937 7814 6387 6075 5620 4902 4613 4899 3856 1815 2824 34310 3301 8522 4419 4822 4231 6470 6119 5235 3662 2720 2034 1842 3700 2962 1387 4113 2655 2167 2480
is_linear=0
shrinkage=0.05


Tree=6
num_leaves=63
num_cat=0
split_feature=46 142 189 159 147 189 189 132 181 135 176 15 139 189 159 10 176 147 147 43 97 189 131 139 135 148 171 97 189 142 147 186 110 189 142 134 134 94 143 147 173 15 94 151 171 151 152 143 13 76 189 130 134 8 13 186 187 7 10 173 110 135
split_gain=1226.02 815.746 648.331 456.568 200.838 169.727 138.786 261.617 124.329 86.4127 252.515 76.5278 68.2977 69.2645 62.6542 57.6671 54.6651 50.9891 49.3253 69.8813 39.2053 38.275 36.3868 30.0672 25.8408 29.7821 23.9552 23.8371 23.0441 20.8003 16.1166 15.4537 15.412 14.8548 13.65 11.4401 11.3106 10.8906 10.8386 10.5697 10.4327 10.1732 9.41911 9.26356 9.28138 9.0514 8.96109 8.84029 8.49077 8.21259 8.15285 7.782 7.70643 7.6336 7.58765 7.56792 7.47607 7.43008 7.30031 7.27587 7.56515 7.22966
threshold=1.0000000180025095e-35 13.826690196990969 -1.0000000180025095e-35 38.564739227294929 0.79087123274803173 0.35000000894069677 0.19000000506639483 13.500000000000002 1.0000000180025095e-35 3.0650000572204594 1.0000000180025095e-35 0.31137761473655706 0.15667280554771426 0.19000000506639483 25.102735519409183 0.061038911342620857 1.0000000180025095e-35 0.91471031308174144 1.0000000180025095e-35 0.85098305344581615 1.0000000180025095e-35 0.26999999582767492 138.50000000000003 0.15667280554771426 45.500000000000007 1.0000000180025095e-35 1.0000000180025095e-35 -1.0000000180025095e-35 -1.0000000180025095e-35 0.23471936583518985 0.88471606373786937 13.500000000000002 3.5000000000000004 -1.0000000180025095e-35 47.633358001708991 1.0000000180025095e-35 280.50000000000006 23794.500000000004 0.15343189984560016 0.92868700623512279 1.0000000180025095e-35 0.1205900087952614 25801.000000000004 1.0000000180025095e-35 1.0000000180025095e-35 1.0000000180025095e-35 0.87482970952987682 0.96549606323242199 0.83005177974700939 7067.7041015625009 -1.0000000180025095e-35 1447.5000000000002 1280.5000000000002 2.2867884635925297 0.024569208733737472 9.5000000000000018 1.0000000180025095e-35 0.1275887340307236 1.9685530662536623 1.0000000180025095e-35 2.5000000000000004 110.50000000000001
decision_type=2 2 2 2 2 2 2 2 2 2 2 2 2 2 2 2 2 2 2 2 2 2 2 2 2 2 2 2 2 2 2 2 2 2 2 2 2 2 2 2 2 2 2 2 2 2 2 2 2 2 2 2 2 2 2 2 2 2 2 2 2 2
left_child=1 3 18 4 12 9 17 -8 11 10 58 20 21 15 27 24 -7 23 19 -2 42 50 29 33 -14 36 45 37 35 55 53 43 -24 -6 -29 46 38 40 -26 -31 48 -30 47 -17 52 -27 -19 -3 51 -33 -1 -13 57 -11 -38 56 -9 -45 -4 60 -49 -55
right_child=2 8 5 -5 6 16 7 22 -10 30 -12 14 13 -15 -16 31 -18 28 -20 -21 -22 -23 32 -25 25 26 -28 34 41 39 -32 49 -34 -35 -36 -37 54 -39 -40 -41 -42 -43 -44 44 -46 -47 -48 59 -50 -51 -52 -53 -54 61 -56 -57 -58 -59 -60 -61 -62 -63
leaf_value=-0.022751912618967637 -0.026736576742136337 0.059681903589213638 0.00029410239176981762 0.18301547185360117 -0.026756241453719076 0.038822924364921983 0.13504550029311391 0.14703170032124696 -0.0030423062989256024 -0.00074464411455542475 0.086152732899488965 0.093549324697183467 0.093181768435864176 0.093181768435864176 0.15688695375538952 0.011603989732322156 0.14577180238826784 -0.016135778639949555 -0.033279846033686888 -0.0023081369713256173 0.0045757808978406402 0.036139285807094627 0.073338174507428425 0.0085810917534035625 0.0059880370014432985 0.045906110477911877 -0.00038258031663506169 0.0015425097819055124 0.0085810917534035625 0.035194294036246701 -0.0051703687162657436 0 0.0085810917534035625 0.0035047710192067602 0.057495009058873364 -0.028077715208029926 0.0070475364396650284 0 0.044344812049969845 0.012028665950391927 -0.0073506817967038578 -0.0030135775144166468 0.00078458273538904949 -0.00038258031663506169 0.002465655251976626 0.093181768435864176 -0.0030135775144166468 0.042874687162619551 0.016676737677141135 0.070304037284060816 -0.00038258031663506169 0 -0.00038258031663506169 -0.0001035873982845079 0.081627388144266746 0.04090605909901656 0.010346024752183901 0.057865911591293263 0.015854233118893207 0.0026254728167448469 0.14716756186709792 0.015028516047410168
leaf_weight=43.3882829513459 505.20239136955934 14.909408533421809 178.43633838220558 34.572869752533734 83.972542112314841 35.549067402622313 46.260333288810216 2.1957145250635319 27.637539839895908 407.47782772527717 27.042851903956034 46.398163930192823 29.469943701304146 61.000322043240885 15.170486601433366 203.96201333748468 19.546104870009003 209.60629701963626 2580.6384682547214 91.505660911352606 6.7403026079264228 84.633916277438402 4.418774003876023 1013.197335736666 67.13729613283067 32.808203131658956 9.9460670999251288 33.27014496603806 85.763705439763726 128.29755441856105 1568.8622420532338 5.6119682797871091 404.84132743574446 70.249303190576029 12.18943779748224 119.42519316493417 6.7779818177950828 4.5158365636307272 22.682619533821708 96.654489414941054 2.1287461737520053 786.89888005658577 1.722066465372335 2.665426624560495 19.813759039607248 36.804689383352525 113.00518037742586 7.5656407523347289 8.18318265408743 18.71053755680623 93.839041461484157 2.8310424404480719 6.5208752673497647 121.13073867528874 9.9008174910122744 23.202694004852674 2.6059289631957654 37.050766276646755 130.19754528034537 1.4793422808725143 130.36893457140832 205.04128759360174
leaf_count=4068 48277 593 13078 461 7911 2236 778 124 1978 30968 474 1463 1753 2322 239 13501 226 16713 249639 7790 464 4942 178 72435 4868 2302 649 1715 6393 7722 125685 294 28138 5198 601 11186 416 239 1350 6875 86 62403 53 155 1306 2011 8923 327 356 899 6585 102 381 8692 617 1443 176 2057 8543 65 3374 14591
internal_value=-9.38076e-05 0.0200647 -0.0149811 0.0139186 0.0122171 0.00305907 0.00658555 0.0260222 0.0969121 0.00115462 0.0246654 0.106495 0.0346685 0.0437794 0.0714949 0.0369728 0.0861527 0.000986486 -0.0302615 -0.0169982 0.130225 0.0106673 0.0174138 0.00858109 0.0565409 0.0469283 0.0698584 0.0531144 -0.00574535 0.0321932 -0.00230814 0.0218554 0.00858109 -0.0131379 0.0212514 -0.0149811 0.0272098 0.0721888 0.0177657 0.0258275 0.0774448 -0.000979922 0.135187 0.0175757 0.0335499 0.0795824 -0.00970208 0.136458 0.0813264 0.0574151 -0.00558483 0.0890834 0.0448418 0.00377228 0.0610883 0.0709104 0.11852 0.0522938 0.00708598 0.142145 0.143322 0.00941669
internal_weight=10203.6 4333 5870.63 4017.89 3983.32 2693.28 3190.6 708.477 315.11 2638.19 335.677 287.473 792.725 570.863 124.687 509.863 55.0952 2482.12 3177.35 596.708 162.786 221.861 662.216 1167.42 215.528 186.058 79.559 109.517 1314.7 252.956 2302.51 294.335 409.26 154.222 45.4596 442.037 106.499 64.057 89.8199 224.952 59.5411 872.663 156.045 270.013 66.0508 69.6129 322.611 154.323 57.4124 24.3225 137.227 49.2292 46.2371 733.65 16.6788 28.0043 4.80164 39.7162 308.634 139.414 137.935 326.172
internal_count=809387 299188 510199 287533 287072 204493 236596 45434 11655 202031 22095 9677 50476 34881 4801 32559 2462 191162 305706 56067 4876 15595 44656 85544 13966 12213 4962 4562 105618 16340 179936 18593 28316 13109 2316 36822 7251 2246 6218 14597 2007 68796 4412 17400 3899 4313 25636 4359 1921 1193 10653 1565 2593 54251 1033 1743 300 2212 21621 3766 3701 23283
is_linear=0
shrinkage=0.05


Tree=7
num_leaves=63
num_cat=0
split_feature=144 183 177 159 190 132 40 15 16 181 144 176 78 97 85 104 34 159 176 179 170 170 170 180 134 9 91 85 144 144 144 170 45 29 144 89 10 94 69 144 144 25 190 97 170 79 144 85 144 134 170 106 63 94 131 132 41 168 190 94 144 144
split_gain=1214.44 736.63 662.045 426.298 241.085 257.52 157.042 197.633 149.035 137.8 131.849 394.524 263.265 115.604 114.171 81.0219 74.6968 72.3205 65.0776 63.9326 62.4753 58.0717 55.4889 46.1626 34.3132 33.3777 29.8666 28.3455 27.3333 27.0642 36.4901 23.8606 86.8671 18.9486 17.7969 17.0206 16.4573 14.5246 14.062 13.7504 12.5719 11.9365 11.7429 11.6285 11.236 11.0184 10.3592 9.97251 9.40816 16.2303 9.48836 9.24285 9.1148 9.01347 8.87899 9.70843 8.87243 8.86755 9.09025 8.79545 8.69185 8.63201
threshold=0.95908960700035106 1.0000000180025095e-35 1.0000000180025095e-35 38.564739227294929 1.0000000180025095e-35 13.500000000000002 4.0406162738800058 0.30222027003765112 -1.0000000180025095e-35 1.0000000180025095e-35 0.91890200972557079 1.0000000180025095e-35 -1.0000000180025095e-35 1.2900000214576723 5.5000000000000009 10404.692871093752 -1.0000000180025095e-35 16.601388931274418 1.0000000180025095e-35 1.0000000180025095e-35 1.0000000180025095e-35 1.0000000180025095e-35 1.0000000180025095e-35 1.0000000180025095e-35 37.500000000000007 0.27189573645591741 -1.0000000180025095e-35 10.500000000000002 0.23567233234643939 0.67989498376846325 0.17632728815078738 1.0000000180025095e-35 0.43158076703548437 0.3095229864120484 0.36519555747509008 2.5000000000000004 0.082725699990987792 1.5000000000000002 5.6406114101409921 0.68318140506744396 0.98359847068786632 0.61428958177566539 1.0000000180025095e-35 1.2900000214576723 1.0000000180025095e-35 -1.1107501983642576 0.80597889423370372 10.500000000000002 0.28847827017307287 26.500000000000004 1.0000000180025095e-35 0.59166666865348827 -0.97432601451873768 79.500000000000014 1.0000000180025095e-35 573.50000000000011 0.27893319725990301 1.0000000180025095e-35 1.5000000000000002 15298.000000000002 0.94672751426696788 0.92783483862876903
decision_type=2 2 2 2 2 2 2 2 2 2 2 2 2 2 2 2 2 2 2 2 2 2 2 2 2 2 2 2 2 2 2 2 2 2 2 2 2 2 2 2 2 2 2 2 2 2 2 2 2 2 2 2 2 2 2 2 2 2 2 2 2 2
left_child=1 3 6 4 8 19 7 9 14 31 -3 -12 15 26 22 -13 41 21 51 37 33 53 23 24 29 52 -10 39 45 30 -1 32 -2 54 -30 -28 -18 -6 56 48 -23 42 -4 57 -29 -24 -41 -15 49 -16 -51 -8 -22 -9 55 -7 -39 58 -35 -25 -54 -31
right_child=2 10 16 -5 5 20 18 17 13 -11 11 12 -14 47 27 -17 36 -19 -20 -21 25 40 28 59 -26 -27 35 44 34 61 -32 -33 -34 43 -36 -37 -38 38 -40 46 -42 -43 -44 -45 -46 -47 -48 -49 -50 50 -52 -53 60 -55 -56 -57 -58 -59 -60 -61 -62 -63
leaf_value=0.081701769029888377 0.12845554339512988 -0.031097887352933534 -0.0012160318131091182 0.16269821477315127 0 0.06583130094647506 0.070934529888627224 -0.0092653412065561835 -0.030032068368851719 -0.0020642623735138937 -0.025425786311699412 0.380511659136197 -0.014325406909366395 0.0018350894735860051 0.036019393290478999 -0.0036541270533801901 -0.031390484845133772 0.12554193556247048 0.17989417402149907 0.0019262500494596679 0 0.016880550967986723 -0.0035992031197543089 0.10916260167168033 0.005191227172242816 0.02392049406492943 -0.03067501221128606 -0.006682862214065226 -0.010808751195013889 0.044419619365966848 0.005376323284567123 0.16494300466971679 0.034434427448364856 0.00707050408940292 0.053179919699613387 -0.0088516976060337219 -0.0023869368723910094 0.040647708197681785 0.04678177350652897 0.030471819677329551 0.08741216869838396 0.0091968881585176507 0.072168288510807505 -0.003375146069276037 0.0087436859347456153 0.12422209827726988 0.0081711601548854051 -0.0057717040793783692 -0.0023796197071488403 -0.0027321296213767368 0.02924140701016097 0 0.081826945637346604 0.018234085981830496 0.019022714882808212 -0.001982718014274304 0.13669206410882767 0.037389208995528687 0.021017816536908179 -0.0010835368141230474 -0.0070504083890385446 0.11110240150023015
leaf_weight=13.871659710886886 107.7685062851815 2294.8647941539239 5.4780650903558117 36.717722575587686 3.0720375428354592 17.81859556314885 12.007924852077851 55.787564829253824 634.08589659990685 23.253471621399513 69.441343026308459 7.991710689209869 7.2689269394904832 786.23881174795679 45.761488837204524 1.2858842635905601 101.67793386733683 16.15169216011418 69.259051685585291 16.346969336023903 3.6504557131847823 12.370385093323419 1.125814149199871 11.42496256205777 297.62901224587404 103.09483213879867 113.09381837926048 976.7098674695153 10.847164978637009 51.666951921433792 102.81662914105982 50.809863382906769 38.303566147427773 909.55803193872271 51.214836942599504 426.63840469790739 95.666906534097507 8.8890324649983068 15.654027139040407 93.428944398809108 29.561109640882933 19.405327526474139 29.972410175614641 191.66542245537858 128.49044965741632 15.778231036238138 130.68532451277133 933.68825190213101 300.62274493472069 124.61339456283895 23.112608348630602 6.1091654739575452 49.984169059534906 52.8363534319069 206.0085704895755 5.5831964664830585 54.989402603881899 24.485103470186004 134.69593121175421 1.4241957385675039 1.5596627499617159 6.0378428093245011
leaf_count=880 2118 228717 411 448 175 1014 694 3621 62466 1624 6565 282 685 58496 3483 109 9861 198 909 1219 179 487 68 651 20723 6441 11007 78282 560 3314 7421 842 1568 64567 2560 35183 7248 432 264 6562 628 1058 1332 15025 9762 745 9357 75322 22358 9469 1508 408 2485 2677 12893 330 900 1826 8574 92 76 322
internal_value=2.12762e-05 -0.00478018 0.0620947 0.00332658 0.00237532 0.0184498 0.0966064 0.0808618 -0.0029501 0.111706 -0.0288027 0.030521 0.21789 -0.0105743 0.00628398 0.342882 -0.00331783 0.0379197 0.157893 0.094872 0.0135732 0.0246257 0.0258409 0.0190295 0.015798 0.043032 -0.0226382 0.000168804 0.0637434 0.0331114 0.0176394 0.124986 0.105922 0.0102931 0.0416512 -0.01371 -0.0178604 0.11182 0.115705 0.00788425 0.0711523 0.0457033 0.0614618 0.00779683 -0.00483555 0.115689 0.0180391 -0.00228464 0.00309363 0.0115691 0.00290017 0.0519847 0.0733619 0.00410455 0.0234424 0.0512712 0.127611 0.00983006 0.00898495 0.0986618 0.0783098 0.0600984
internal_weight=10172.1 9445.63 726.419 7064.78 7028.06 1747.06 474.219 386.843 5281.01 220.135 2380.85 85.9879 16.5465 2893.75 2387.26 9.27759 252.201 166.707 87.3761 98.9515 1648.1 150.555 563.837 484.871 472.022 158.289 1173.82 1823.42 78.966 174.393 116.688 196.882 146.072 1489.81 62.062 539.732 197.345 82.6045 79.5325 718.225 41.9315 54.8558 35.4505 1260.4 1105.2 16.904 224.114 1719.93 494.11 193.487 147.726 18.1171 55.1943 108.624 229.41 23.4018 63.8784 1068.74 1044.25 12.8492 51.5438 57.7048
internal_count=809481 773797 35684 537439 536991 116400 15774 13763 420591 6152 236358 7641 1076 242474 178117 391 19910 7611 2011 2990 113410 7413 37336 33403 32660 9181 108656 140781 3933 11937 8301 4528 3686 104229 3120 46190 17109 1771 1596 52737 1115 2801 1743 89992 88044 813 15919 133818 36818 14460 10977 1102 2740 6298 14237 1344 1332 74967 73141 743 2561 3636
is_linear=0
shrinkage=0.05


Tree=8
num_leaves=63
num_cat=0
split_feature=144 189 97 159 18 79 189 173 40 15 170 159 181 169 29 176 187 144 97 170 79 189 151 147 142 91 20 8 9 173 144 29 144 45 85 135 43 135 147 15 13 187 115 187 9 4 115 142 144 69 11 144 144 182 5 135 141 20 55 78 144 144
split_gain=1082.48 820.599 398.285 355.232 272.931 228.62 175.615 210.785 125.021 138.887 102.697 85.2818 76.9826 63.002 51.5593 44.933 43.084 48.2748 42.0562 35.8242 32.6677 30.7671 29.4562 20.0982 18.3348 17.9046 17.4827 16.771 15.7289 14.7107 14.0268 26.4028 12.6586 12.3837 10.7364 10.5089 9.46909 6.91262 6.47565 5.97338 5.32812 5.2975 5.1246 5.05144 4.92438 4.62829 6.16466 4.53838 4.53692 3.98627 3.96404 3.71547 3.69422 6.86448 3.67767 4.18647 6.10317 3.66253 3.60883 3.41991 3.3696 3.27105
threshold=0.95908960700035106 -1.0000000180025095e-35 1.0000000180025095e-35 38.564739227294929 -1.0000000180025095e-35 -3.1892957687377925 0.19000000506639483 1.0000000180025095e-35 3.8640552759170537 0.29319828748703008 1.0000000180025095e-35 25.102735519409183 1.0000000180025095e-35 1.0000000180025095e-35 0.20633530616760257 1.0000000180025095e-35 1.0000000180025095e-35 0.24363271147012713 4.0250000953674325 1.0000000180025095e-35 -1.4657769203186033 -1.0000000180025095e-35 1.0000000180025095e-35 0.76516544818878185 65.195487976074233 1.0000000180025095e-35 -1.0000000180025095e-35 3.1904290914535527 0.73147168755531322 1.0000000180025095e-35 0.92783483862876903 0.20633530616760257 0.9803157150745393 0.1836417838931084 14.500000000000002 428.50000000000006 0.9613642990589143 6.0250000953674325 0.95513665676116954 0.89111286401748668 0.5773863196372987 3.5000000000000004 2.8924807310104375 1.5000000000000002 0.89651834964752208 12.991071224212648 1.1023761630058291 14.821883678436281 0.65687355399131786 8.7057447433471697 0.55799573659896862 0.98694339394569408 0.9803157150745393 1.0000000180025095e-35 0.15376091748476031 22.500000000000004 0.12077885866165163 2.6488305330276494 3.5000000000000004 0.0889912284910679 0.74955955147743236 0.3470898717641831
decision_type=2 2 2 2 2 2 2 2 2 2 2 2 2 2 2 2 2 2 2 2 2 2 2 2 2 2 2 2 2 2 2 2 2 2 2 2 2 2 2 2 2 2 2 2 2 2 2 2 2 2 2 2 2 2 2 2 2 2 2 2 2 2
left_child=1 4 5 6 18 21 10 16 9 12 14 19 13 22 -3 -10 17 28 34 24 -9 -2 29 47 40 33 -24 -16 -8 38 -6 -32 -21 -4 -1 42 -33 49 50 -34 41 -11 -23 44 57 46 54 61 -47 -22 58 -15 -35 -54 -29 -56 -57 -26 -7 -58 -50 -19
right_child=2 3 25 -5 30 8 7 20 15 11 -12 -13 -14 51 27 -17 -18 23 -20 32 37 35 26 -25 43 -27 -28 45 -30 -31 31 36 39 52 -36 -37 -38 -39 -40 -41 -42 -43 -44 -45 -46 48 -48 -49 60 -51 -52 -53 53 -55 55 56 59 -59 -60 -61 -62 -63
leaf_value=-0.0017486938799273419 -0.02855426764032137 0.018475968482709239 0.069958005192468045 0.14431769420033835 -0.03147388278402373 0.11020531762194968 0.10066507492562776 0.15310088145482259 0.00872752018906762 0.022600609215364123 0.018475968482709239 0.13167194110437783 -0.015938917950838453 -0.0018234553114106437 -0.0017486938799273419 0.15843728453993378 0.018475968482709239 0.018475968482709239 -0.027071011587298091 0.0079265704179542641 0.07832280289636312 0.068435828521701297 0.16640871498578549 0.020713332408609186 0.082818167009741928 -0.028766772576512768 0.014239896879272483 0 0.018475968482709239 -0.0045019176337185727 0.018475968482709239 -0.030784799589494739 0.084990893561334047 -0.007928699878579323 -0.015076644440212462 -0.001804285078654509 -0.0017486938799273419 0.018475968482709239 0.044352210882515203 0.002359217947432882 -0.0047682542124264267 -0.012416495583362691 -0.0013228283885947387 -0.0017295608773266755 -0.00093153193042546506 -0.0017486938799273419 -0.0017486938799273419 0.018475968482709239 0.018475968482709239 0.018475968482709239 0.0070910431152317174 0.034398298703781152 0.0008828516542224602 0.040686910691839245 0.0013859030949177544 -0.0017486938799273419 0.018475968482709239 0 0.030191906489225279 -0.0017486938799273419 0 0.067802754337656437
leaf_weight=750.717259285404 46.990270639100345 181.40928838241962 1.8162037159927411 42.282101227901876 2637.1923658621527 120.33602929908375 32.24499856789771 24.950422841167892 6.3782971215987336 48.508087623587926 375.18735999020282 19.532400182943093 11.325946944401947 9.844027120794637 3239.5509854081756 73.482997083701775 736.42374635627493 4.2487930892530121 158.85753424996801 9.8518784664338437 34.317023095645709 11.2395958488778 47.482482632010942 211.85990382128512 10.026241153696899 53.128360399699886 3.3596805314591611 50.231225882074796 10.297935412148943 2.4879869940486961 9.7881352998374478 66.193364496764843 31.065157205535797 60.920911262001027 242.03550328187703 10.025542624236548 6.014298919340944 3.2640729059494324 16.42170379878371 3.3070539188629473 53.58558881416684 9.1094506902882113 2.0961788049753514 1.9645402281312261 1.5144449662766408 107.88161020612461 73.147361080118571 2.3855645648145574 13.228467558277769 5.8171190213179207 2.2729939600976641 10.635006871394578 64.513421696537989 8.4414223180792742 56.303951813082676 21.800967189657968 204.67885849544837 1.1646243484865397 6.923973813201882 14.476089119634706 28.715119356493233 35.58423339384899
leaf_count=60345 4703 12365 98 465 271009 2236 1683 317 323 2190 23980 265 756 436 254661 885 49039 191 15924 401 405 498 760 13210 403 5243 116 3325 627 88 719 6691 604 4637 20019 684 549 205 404 108 2978 566 128 104 61 7395 5114 106 893 70 54 317 4916 561 3880 1503 14201 45 178 998 1913 1612
internal_value=8.33163e-05 -0.00457491 0.0572876 0.00781457 -0.0222058 0.0779528 0.00662359 0.0244195 0.0897091 0.0769786 0.00210641 0.0433001 0.103006 0.109466 -0.000433234 0.147994 0.018476 0.0376025 -0.00176771 0.0295393 0.106527 -0.00576858 0.117939 0.0281046 0.0144775 -0.00546756 0.158976 -0.00174869 0.0848798 0.098999 -0.0308332 -0.0093162 0.066076 0.00417537 -0.00174869 0.0361363 -0.0234684 0.0661844 0.10102 0.0789848 0.00606502 0.0161157 0.0587367 0.0592247 0.0678885 0.0067797 0.00944435 0.0585447 -0.000603328 0.0717764 0.106102 0.0190647 0.000616327 0.00812342 0.0122261 0.0143087 0.0171371 0.0761575 0.107347 0.018476 0.0138848 0.0627644
internal_weight=10140.8 9381.09 759.753 5510.29 3870.8 570.932 5468.01 1101.39 500.581 420.719 4366.61 189.629 231.09 219.764 3991.42 79.8613 1033.05 296.621 1151.61 170.097 68.3486 70.3516 199.285 254.078 125.873 188.82 50.8422 3810.01 42.5429 148.443 2719.19 81.9958 44.2241 135.692 992.753 23.3613 72.2077 43.3982 145.955 34.3722 111.203 57.6175 13.3358 14.6699 12.7053 570.464 420.638 42.2186 149.825 40.1341 129.533 20.479 133.876 72.9548 347.491 297.26 240.956 11.1909 127.26 219.155 41.9436 39.833
internal_count=809160 773414 35746 398158 375256 20291 397693 67465 14278 13070 330228 7725 5345 4589 306248 1208 66468 17429 96288 7460 997 6013 3836 15119 6347 15455 876 293883 2310 2960 278968 7959 1113 10212 80364 1310 7240 680 2872 712 5734 2756 626 613 509 39222 29021 1909 10201 475 2468 753 10114 5477 23907 20582 16702 448 2414 15199 2806 1803
is_linear=0
shrinkage=0.05


Tree=9
num_leaves=63
num_cat=0
split_feature=189 144 139 159 144 132 135 170 187 139 116 15 142 144 142 147 110 189 79 146 170 144 144 144 94 142 147 133 8 15 144 85 135 13 15 94 144 95 94 133 79 143 143 8 130 130 85 135 78 130 79 94 94 130 79 150 144 135 94 147 135 79
split_gain=932.958 569.803 512.182 280.907 230.777 213.694 203.747 118.106 100.516 103.068 96.685 77.2276 58.1946 51.2291 97.1441 37.2171 35.3515 13.9661 13.4942 11.8845 10.591 8.96896 8.83218 14.7318 7.94055 8.53192 7.5636 7.60513 7.15441 7.00173 5.69712 5.62649 5.05667 4.96367 4.83629 5.24683 4.76006 4.19041 3.94932 3.94535 3.91947 3.00658 2.94684 2.88046 2.82135 2.78227 2.6803 2.54021 2.42554 2.3925 2.14689 2.10878 3.42285 2.08518 2.06633 1.95054 1.85705 1.82313 1.95315 1.74865 1.7018 2.02244
threshold=-1.0000000180025095e-35 0.95908960700035106 0.15667280554771426 38.564739227294929 0.95908960700035106 13.500000000000002 2.0349999666213994 1.0000000180025095e-35 4.5000000000000009 0.15667280554771426 6.5000000000000009 0.1205900087952614 0.077710125595331206 0.9146985411643983 2.3910460472106938 0.88038834929466259 3.5000000000000004 0.32999999821186071 2.8550614118576054 1.0000000180025095e-35 1.0000000180025095e-35 0.67342856526374828 0.50755655765533458 0.23968885838985446 1.5000000000000002 -1.0000000180025095e-35 0.67028987407684337 41.500000000000007 3.2195897102355961 0.10817800834774972 0.83199360966682445 1.0000000180025095e-35 57.500000000000007 0.54201659560203563 0.82542091608047496 5.5000000000000009 0.81995335221290599 0.6637549400329591 33.500000000000007 641.50000000000011 -0.014552456326782702 -0.51415571570396412 -0.4665378332138061 1.0700370669364931 616.50000000000011 1020.5000000000001 10.500000000000002 182.50000000000003 0.029143262654542926 1468.5000000000002 4.4806845188140878 15957.500000000002 570.50000000000011 1473.5000000000002 -1.8320782184600828 3.5000000000000004 0.58386132121086132 119.50000000000001 796.50000000000011 0.86424162983894359 457.50000000000006 2.6610317230224614
decision_type=2 2 2 2 2 2 2 2 2 2 2 2 2 2 2 2 2 2 2 2 2 2 2 2 2 2 2 2 2 2 2 2 2 2 2 2 2 2 2 2 2 2 2 2 2 2 2 2 2 2 2 2 2 2 2 2 2 2 2 2 2 2
left_child=2 3 13 5 21 6 24 -7 9 -3 16 20 34 31 -15 18 -10 26 22 41 -11 -4 23 49 -2 -26 27 -8 33 -29 32 -1 -20 36 35 -9 39 -37 -34 53 -21 45 47 -42 -38 -17 50 -30 55 51 -27 52 -14 -24 -54 -45 -43 58 -44 -40 61 -56
right_child=1 8 4 -5 -6 7 17 12 10 11 -12 -13 15 14 -16 19 -18 -19 30 40 -22 -23 28 -25 25 46 -28 29 42 -31 -32 -33 38 -35 -36 37 44 -39 59 -41 43 56 57 48 -46 -47 -48 -49 -50 -51 -52 -53 54 -55 60 -57 -58 -59 -60 -61 -62 -63
leaf_value=-0.026056510828371057 0.0054276389528015515 0.022932834199297251 -0.0011214254394491118 0.12581851603436608 0.060213004138245332 0.0054276389528015515 0.0054276389528015515 0.0054276389528015515 0.14723227383284765 0.070790473347323177 0.060213004138245332 0.060213004138245332 0.010750286231323767 0.0054276389528015515 -0.031174928608622001 0.031533976939330265 0.060213004138245332 0.074876071969593061 0.013568199103483192 0.0054276389528015515 0.14339858908110389 0.0054276389528015515 0.081407787771087203 0.0054276389528015515 0.0054276389528015515 0.12049595216296781 0.0054276389528015515 0.0054276389528015515 0.0054276389528015515 0.074876071969593061 0.011854679996627726 -0.031822912786830373 0.0054276389528015515 0.0074035444132950065 0.0054276389528015515 0.12541941341513249 0.0054276389528015515 0.038786680071869452 0.087789672278687225 0.0054276389528015515 0.011503718378237056 -0.0011214254394491118 0.0054276389528015515 0.054288036475884205 0.035922036875792734 0.0054276389528015515 0.070990189768087311 0.055471593366944398 0.0054276389528015515 -0.0011214254394491118 0.014981775627107173 0.002005243194338631 0 0.0054276389528015515 0.076165122029613619 0.0054276389528015515 0.0079079142680038329 0.0054276389528015515 0.036445442411527793 0.008395414405237429 0.0016445371708255097 0
leaf_weight=855.33827544774977 2.9727769267483373 233.04300697095459 514.89270184545603 45.202386435354128 106.99565284940763 4785.7886279746454 9.9026704232528591 1.3015744494187149 79.356155637360644 28.793427782977233 22.661001229513204 146.96729594306089 8.1473071678920075 45.286483423697064 201.98985983787861 16.684029280062536 12.799613148730712 2.702324222016613 6.466486080971662 12.455047606519654 36.477551010553725 247.17641349132464 24.666914838700912 44.227381168981083 1.9402615287399374 62.671353524827282 115.61904176491953 2.6561380005732635 4.2522688385652128 3.6235797161061782 7.6399959770496926 2033.081888394503 1.0535730396950373 7.3480567901424356 1.5873856597900147 14.979656798095677 5.4800717385078297 9.2618436534539779 28.496825662892665 2.2864451486530006 14.00481307733571 86.939975629284163 4.0566097627597646 23.934408471555805 7.6245371746190358 8.9178137187845987 42.862101678503677 4.0406367137620691 2.0605949645396313 1.0042920933774429 2.5819862612115676 4.0658467426401321 0.91672623460182023 0.99926770968886458 11.250098827877069 1.6781798850133771 80.379524359756033 16.762205158316647 4.6445271630509524 2.5875153709639553 1.9489348515635345 1.1228309228026763
leaf_count=88762 164 13634 40492 467 1786 357074 671 47 970 824 1557 4976 394 3269 20713 1154 284 59 298 847 465 18214 1339 2383 23 1392 8242 118 185 172 346 215086 44 463 110 700 289 356 1300 123 946 6287 181 1520 425 615 1432 168 137 53 56 219 52 53 540 99 5696 784 223 156 97 46
internal_value=8.22134e-05 0.0123689 -0.0186611 0.00748948 0.00748948 0.00748948 0.0516645 0.00542764 0.060213 0.060213 0.107896 0.071762 0.0305606 -0.0283014 -0.00618754 0.0254874 0.13402 0.00903468 0.0412891 0.0119626 0.11904 0.00542764 0.0320116 0.0169375 0.0996503 0.101778 0.00542764 0.0352478 0.0433233 0.0636738 0.0657118 -0.0301719 0.0732155 0.0557617 0.0965751 0.101063 0.0621303 0.105467 0.0811014 0.074142 0.0317226 0.00563037 0.0199493 0.0385155 0.0217279 0.0215388 0.103571 0.0399824 0.0475681 0.0429074 0.11804 0.04562 0.0506332 0.0789653 0.0627974 0.051185 0.00542764 0.00711273 0.0235913 0.0839526 0.0663172 0.07166
internal_weight=10118.7 6113.9 4004.76 5553.8 869.065 5508.6 247.532 5261.06 560.098 445.281 114.817 212.238 475.274 3135.7 247.276 448.144 92.1558 134.504 201.089 247.054 65.271 762.069 154.845 72.6834 113.028 110.056 131.801 16.1824 82.1615 6.27972 46.2444 2888.42 38.6044 48.4053 27.1305 25.5431 41.0572 24.2415 32.1379 27.9526 54.133 192.921 33.7562 41.678 13.1046 25.6018 108.115 8.29291 27.6732 28.456 65.2533 27.4517 23.3859 25.6662 15.2386 25.6126 167.319 25.4633 8.70114 31.0843 14.3219 12.3729
internal_count=809577 421255 388322 398545 60492 398078 12329 385749 22710 19899 2811 6265 28675 327830 23982 27462 1254 9262 10161 17301 1289 58706 8017 3784 3067 2903 9203 961 4233 290 2144 303848 1798 2692 1213 1103 2229 1056 1500 1515 3549 13752 1541 2702 714 1769 2880 353 1756 1401 1448 1348 1129 1392 735 1619 11983 1188 404 1456 683 586
is_linear=0
shrinkage=0.05


Tree=10
num_leaves=63
num_cat=0
split_feature=115 143 87 159 147 39 115 115 42 181 176 97 79 190 132 9 169 171 116 190 132 86 179 132 86 136 42 176 110 130 94 159 173 86 47 151 110 186 86 69 54 31 169 190 86 186 41 186 173 171 131 110 76 143 8 143 143 86 68 97 89 94
split_gain=855.915 459.404 346.686 225.312 126.045 105.859 148.89 63.8552 58.8176 52.7961 51.9266 523.5 138.342 46.9726 57.0387 48.4629 46.0877 48.1434 44.3597 42.6673 77.7204 41.6076 48.4643 52.935 48.0247 35.5453 29.3255 39.5292 41.8748 28.8389 23.7948 87.9676 24.2124 21.7598 20.3064 19.1796 16.6453 16.4804 15.3335 13.1797 12.8297 12.8053 15.1866 12.0215 11.7019 11.4437 11.0568 10.9572 10.9492 11.5573 16.6244 10.7701 10.5139 10.3494 10.3188 9.76423 9.51831 8.68835 8.6839 8.37876 12.7859 8.18297
threshold=-1.0000000180025095e-35 1.6265276670455935 1.0000000180025095e-35 22.830001831054691 0.90021643042564403 0.98708465695381176 0.99997767806053173 1.0000000180025095e-35 4.2460508346557626 1.0000000180025095e-35 1.0000000180025095e-35 4.0250000953674325 -1.2970995306968687 1.0000000180025095e-35 13.500000000000002 0.23663648217916491 1.0000000180025095e-35 1.0000000180025095e-35 1.5000000000000002 1.0000000180025095e-35 22.500000000000004 3.5000000000000004 1.0000000180025095e-35 1.0000000180025095e-35 1.5000000000000002 -1.0000000180025095e-35 3.5346239805221562 1.0000000180025095e-35 3.5000000000000004 60.500000000000007 1.0000000180025095e-35 25.102735519409183 1.0000000180025095e-35 1.0000000180025095e-35 0.69977453351020824 1.0000000180025095e-35 2.5000000000000004 10.500000000000002 8.5000000000000018 -1.0000000180025095e-35 1.5000000000000002 0.10906023159623147 1.0000000180025095e-35 1.5000000000000002 4.5000000000000009 13.500000000000002 0.6898145079612733 5.5000000000000009 1.0000000180025095e-35 1.0000000180025095e-35 335.50000000000006 3.5000000000000004 42895.275390625007 3.2754380702972417 1.2176655530929568 0.099128294736146941 5.8994288444519052 4.5000000000000009 0.3562231063842774 4.0250000953674325 2.5000000000000004 24185.500000000004
decision_type=2 2 2 2 2 2 2 2 2 2 2 2 2 2 2 2 2 2 2 2 2 2 2 2 2 2 2 2 2 2 2 2 2 2 2 2 2 2 2 2 2 2 2 2 2 2 2 2 2 2 2 2 2 2 2 2 2 2 2 2 2 2
left_child=1 3 10 4 13 7 -7 -4 -8 16 39 12 -12 15 33 21 17 18 30 25 29 22 23 24 -1 57 59 43 36 -21 31 -3 38 -15 -14 51 -29 47 61 -2 44 -37 48 -28 -27 -25 -22 -17 49 50 -43 -16 -35 -40 -46 58 -19 -6 -23 60 -9 -32
right_child=2 9 5 -5 19 6 8 26 -10 -11 11 -13 34 14 35 37 -18 56 -20 20 46 55 -24 45 -26 40 27 28 -30 -31 32 -33 -34 52 -36 41 -38 -39 53 -41 -42 42 -44 -45 54 -47 -48 -49 -50 -51 -52 -53 -54 -55 -56 -57 -58 -59 -60 -61 -62 -63
leaf_value=0.10282095528418284 -0.018658811488000328 0.023450743702614567 -0.029571239772078622 0.11408400680405673 0.09309423494997103 -0.0045034769579191201 -0.0058524801760601762 -0.030024391530631158 0.1184010568509182 0.006414365191700533 -0.011714254659302814 -0.029359375219165242 0.01177265498895377 0.0058777604674256426 0.04569928461016709 -0.00031449652043960303 0.020066877655904813 -0.00061354123414369423 0.0049056200785308375 0.0098369298827912025 0.0045126644945409165 -0.00099536208629317797 -0.017833639591599251 0.017445823674888346 0.037446075120725966 0.0035272647778250921 0.0015319135342056795 -0.0051359710369672882 -0.0056031780749136633 0.095794431936700411 0.10425591151384295 0.11811307376334182 0.0051119374024378543 0.10123010580659042 0.30588989216796914 -0.001586071369850545 0.097965591085167669 0.0075279103179448029 0.011818055715270547 -0.030716355745361124 -0.021452345138159332 0.08835394059670601 0.0039838651502485849 0.030488332769837662 -0.010819446891203439 0.052968606037812428 0.058690473770090359 -0.024404086555586239 -0.0012174350373920842 0.010784253261804355 0.0061011117079264945 0.016842839945816097 0.028388385884147854 0.070849789229494267 0.001718942862409408 0.025502457245960727 0.045847920954047036 0.017796300009039007 0.01736416842427491 -0.003675418758067827 -0.0074073382697145756 0.024943274416354216
leaf_weight=43.602023363171611 302.30400631531666 76.825309650113923 219.31698009443062 46.9235760900483 5.3092076328175635 81.322734070781735 10.581674739092703 74.961291720799636 48.288084802145022 42.948871374130249 4.1469636131951146 183.07191299788246 1.2214626460045099 11.327519334983661 33.738539201454842 119.6229573249293 55.297262093852623 27.988389355625259 21.374984628113452 16.276101060560904 616.17918890490546 226.84504199998628 42.323774947144557 228.8140810597688 97.24915060432977 320.11466768219543 892.92674819893728 3.4786610275914454 20.126934695144882 29.700986107840436 180.72571912128478 34.339013403950958 8.9629165392689156 36.363178156403592 11.483155161578905 11.904051115168839 22.399294919130625 381.01056095951935 15.163377412711268 1964.6275104915985 120.8565042141563 41.240112111539929 15.980547616971306 32.556903688804596 629.41742430218437 23.454195295707905 4.7078661867853944 75.52028218646592 5.5347077614278524 10.810558314595253 8.7515161628980405 451.47136029419198 12.498684499514637 21.600556821809732 215.28449962561717 61.075335137327784 12.034395986964226 12.82594036858063 83.496554207638837 1333.5453615772713 341.93810089348699 7.9073991485056458
leaf_count=2284 31259 3654 24015 648 260 6219 785 8031 883 2993 454 19958 118 543 1736 9035 2633 1465 1449 1015 43018 16600 3332 14527 6373 24760 65571 238 1486 381 3874 378 375 569 307 662 425 25662 636 214419 12209 1415 858 1948 50740 956 122 7383 346 636 500 26948 158 447 16755 3667 429 724 5884 105554 28036 245
internal_value=0.000107245 0.0161863 -0.0130636 0.010519 0.00915468 -0.00186262 0.0398052 -0.00392135 0.0969657 0.0609157 -0.027013 -0.00238406 0.229188 0.0179068 0.0291216 0.0126159 0.0658036 0.0716391 0.0773031 0.000136565 0.0103911 0.0204893 0.0309199 0.0363896 0.0606861 -0.00510891 -0.00179504 0.00514132 0.0480317 0.0698049 0.0815766 0.0567327 0.0918252 0.0740907 0.290335 0.0238137 0.084709 0.00146542 0.094979 -0.029164 -0.00620881 0.0444344 0.0510855 0.00273577 -0.0045209 0.0218109 0.00542899 -0.0101388 0.0610074 0.0667136 0.0762733 0.019346 0.0874266 0.0514304 -0.00760312 0.00794593 0.0163418 0.0562764 0.00406194 -0.00566261 -0.0118409 0.10179
internal_weight=10093.7 4545.4 5548.3 4040.23 3993.31 3081.44 140.192 2941.25 58.8698 505.168 2466.86 199.923 16.8516 2022.63 639.621 1383.01 462.219 406.922 366.899 1970.67 666.864 806.86 435.443 393.119 140.851 1303.81 2721.93 971.489 46.0049 45.9771 345.524 111.164 234.36 60.1894 12.7046 579.431 25.878 576.154 225.397 2266.93 1285.67 94.2215 82.3174 925.484 1164.82 252.268 620.887 195.143 66.3369 60.8022 49.9916 485.21 48.8619 36.7639 844.702 371.417 40.0228 18.1351 310.342 1750.44 416.899 188.633
internal_count=808990 299284 509706 280706 280058 243191 7887 235304 1668 18578 266515 20837 879 130074 34371 95703 15585 12952 11058 149984 44536 53623 27472 24140 8657 105448 211289 69668 2149 1396 9609 4032 5577 1270 425 33101 663 42080 5202 245678 104464 4417 3755 67519 92255 15483 43140 16418 2897 2551 1915 28684 727 1083 67495 26151 1894 984 22484 141621 36067 4119
is_linear=0
shrinkage=0.05


Tree=11
num_leaves=63
num_cat=0
split_feature=115 144 189 159 144 136 189 132 97 147 169 144 142 181 15 139 131 144 169 97 86 132 159 41 144 79 144 189 171 189 136 86 151 76 189 31 85 144 169 6 171 86 148 94 147 72 142 115 18 29 13 84 173 170 144 27 74 29 17 67 147 152
split_gain=775.389 513.342 460.781 222.005 115.787 157.032 108.463 160.567 81.977 78.5781 70.2329 59.1437 63.1816 53.5667 52.4425 45.3135 37.0046 36.972 49.0323 30.8208 25.0066 23.9434 20.0385 22.2509 22.708 19.5983 37.514 18.7452 18.2808 18.0174 17.5815 15.2569 14.475 13.4798 12.1875 10.6248 9.28044 11.0647 13.7324 9.00749 8.03637 7.3232 7.15914 6.76171 6.47308 6.23714 6.21576 6.14684 8.09594 6.01519 5.67802 5.61862 5.42531 5.4173 5.45373 4.96375 4.93073 5.34273 4.75265 5.89721 6.35153 4.73546
threshold=-1.0000000180025095e-35 0.95908960700035106 -1.0000000180025095e-35 25.102735519409183 0.95908960700035106 1.5000000000000002 0.19000000506639483 22.500000000000004 -1.0000000180025095e-35 0.91471031308174144 1.0000000180025095e-35 0.9146985411643983 2.3910460472106938 1.0000000180025095e-35 0.40866906940937048 0.15667280554771426 1.0000000180025095e-35 0.24363271147012713 1.0000000180025095e-35 1.0000000180025095e-35 8.5000000000000018 13.500000000000002 38.564739227294929 0.67582258582115184 0.98359847068786632 -1.7141634821891782 0.058734185993671424 -1.0000000180025095e-35 1.0000000180025095e-35 0.26999999582767492 -1.0000000180025095e-35 5.5000000000000009 1.0000000180025095e-35 1332.4207763671877 -1.0000000180025095e-35 0.69350904226303112 4.5000000000000009 0.83568662405014049 1.0000000180025095e-35 12.339590549468996 1.0000000180025095e-35 13.500000000000002 1.0000000180025095e-35 24289.500000000004 0.95200768113136303 -0.56174489110708226 22.149734497070316 1.1571673750877383 151.71870422363284 0.22719708830118182 0.34030279517173773 1.0000000180025095e-35 1.0000000180025095e-35 1.0000000180025095e-35 0.23567233234643939 0.73176160454750072 1.0000000180025095e-35 0.27603945136070257 0.90267455577850353 -0.46264424920082087 0.96098059415817272 1.0641291141510012
decision_type=2 2 2 2 2 2 2 2 2 2 2 2 2 2 2 2 2 2 2 2 2 2 2 2 2 2 2 2 2 2 2 2 2 2 2 2 2 2 2 2 2 2 2 2 2 2 2 2 2 2 2 2 2 2 2 2 2 2 2 2 2 2
left_child=1 3 11 6 29 8 9 25 -6 15 13 51 -13 14 19 27 17 18 31 32 21 -17 23 24 -16 -8 -27 -1 -23 -4 -11 33 40 -9 42 -26 37 38 49 -35 41 43 61 52 45 -12 -47 48 56 -19 -51 -2 55 -36 -55 -3 57 -31 59 -59 -61 -32
right_child=2 10 4 -5 5 -7 7 16 -10 30 44 12 -14 -15 22 20 -18 36 -20 -21 -22 28 -24 -25 35 26 -28 -29 -30 47 34 -33 -34 39 53 -37 -38 -39 -40 -41 -42 -43 -44 -45 -46 46 -48 -49 -50 50 -52 -53 -54 54 -56 -57 -58 58 -60 60 -62 -63
leaf_value=-0.023643877510535514 -0.031051245580224901 0.087507978092747962 -0.00092048191558739823 0.10987813615786875 0.1142636359386353 0 0.11763844224708896 0.013423258332537411 0.00072106970947805342 0.013423258332537411 -0.0090844907242389316 -0.00092048191558739823 -0.029737015405589901 -0.0020266997566347768 -0.00060422844636163998 0.027623981355828026 0.013423258332537411 0.013423258332537411 0.013423258332537411 -0.006574458133433928 -1.1438067485406323e-05 0.013423258332537411 0.094797424743311529 0.088543941667629369 0.053236539993862145 0.087583041180020721 0.027623981355828026 -1.1438067485406323e-05 -1.1438067485406323e-05 -0.00092048191558739823 -0.018611090718134268 0.037566919828929325 0.11532446419975172 0.15440648349369754 -0.0035569530777874061 0.0025882806696971399 0.016979595142318494 0.013423258332537411 0.013423258332537411 0.013423258332537411 0.027272752212479507 0.02210361455065972 -0.0035569530777874061 0.022013365804663492 -0.019764898051978643 0.0057113867092813157 0.050312566571889331 8.810098339602943e-05 0.057024784102698116 0.091614009218117437 0.013423258332537411 -0.025068739703558253 0.0039338745856365475 0.013423258332537411 -0.00019734281681965121 0.0027143845974563177 -0.00092048191558739823 0.0067684576760053301 0.0061481348740552045 0.047032074451308935 -0.00092048191558739823 -0.0035569530777874061
leaf_weight=113.21330972752185 1711.6100779602784 171.18603921734029 2280.5777773148293 49.228452769297292 63.631473193177953 117.64329675097542 34.463829817221267 1.6719728069438193 21.351241175376344 17.476283161173342 12.796818919581709 48.631009820383042 186.16164638915507 24.345081416860921 47.638064706159639 381.34451550380618 531.40239605779061 1.5629874759761175 19.278492114550318 7.6561401633080086 342.64124036033172 595.65194610769686 15.352529739262534 13.45540071086725 51.768870376617997 34.774026662809774 17.450541838814388 169.36521538683155 238.17091501802497 17.426149345963495 329.68438808531209 12.546465156061457 66.65055168926483 14.319523445199588 692.06331499824591 14.606785211071836 200.33480620913906 15.911224518684319 10.197996266273551 1.4356488152116078 15.821184119078678 10.763081117023829 47.516496962591191 9.672925744627717 11.018564605081336 20.102166446507912 11.868458600802112 71.089911201328505 8.2868734354706231 17.688665187248265 1.5923834479181085 808.64876172576624 3.1524040477816007 31.58530649394379 120.09550280468829 2.6875856253755037 31.271815378713654 24.064641221339116 37.238712952661444 38.602017911412986 6.6938442446407853 34.950767836518935
leaf_count=11949 193329 2700 178853 545 745 8725 443 58 1341 946 493 3298 20440 1622 2247 25663 34348 71 1045 501 24293 37527 160 154 1454 368 455 11922 16617 973 29530 666 961 608 55754 651 12180 699 501 54 576 212 3949 192 575 861 357 4513 470 639 81 88278 108 2277 8884 81 2210 1570 2423 2394 485 3233
internal_value=0.000130584 0.0152841 -0.0125709 0.00932086 0.00203035 0.0379203 0.00795113 0.023045 0.08764 0.00347962 0.0623104 -0.0269619 -0.00277771 0.0687535 0.0727917 0.0100805 0.0159479 0.0315786 0.0697134 0.0854942 0.0134233 0.0134233 0.0450178 0.0354817 0.0255527 0.0859895 0.0562132 -0.00817363 0.0122905 -0.000920482 -0.00604309 0.105429 0.0881712 0.133904 -0.00707788 0.0434031 0.0226531 0.0424153 0.0583978 0.145107 0.0771241 0.0802227 -0.0140969 0.0827789 0.00804105 0.0166854 0.02751 0.0127822 0.0179842 0.0783085 0.0849068 -0.029195 0.0852659 -0.00355695 0.00570086 0.0864496 0.0140312 0.0184099 0.0225773 0.0300552 0.0400271 -0.0167282
internal_weight=10061.1 4588.16 5472.93 4077.62 2717.88 202.626 4028.39 914.631 84.9827 3113.76 510.543 2755.05 234.793 454.757 430.412 1840.39 827.943 296.54 49.2521 287.59 1557.81 1215.17 142.822 127.469 114.014 86.6884 52.2246 282.579 833.823 2515.25 1273.37 29.9736 279.934 17.4271 1255.9 66.3757 247.288 46.9533 31.042 15.7552 213.283 197.462 412.152 186.699 55.786 44.7674 31.9706 234.674 163.584 20.844 19.281 2520.26 177.026 843.744 151.681 173.874 155.297 124.025 106.599 69.3605 45.2959 364.635
internal_count=809257 299210 510047 285305 204702 10811 284760 52216 2086 232544 13905 305345 23738 11619 9997 127971 50950 16602 2431 5331 104100 79807 4666 4506 4352 1266 823 23871 54144 193891 104573 1386 4830 720 103627 2105 14171 1991 1292 662 3869 3293 36712 3081 2286 1711 1218 15038 10525 791 720 281607 2889 66915 11161 2781 10055 7845 6872 4449 2879 32763
is_linear=0
shrinkage=0.05


Tree=12
num_leaves=63
num_cat=0
split_feature=115 144 189 159 144 176 135 189 132 147 116 147 85 143 86 187 144 169 169 55 116 181 79 176 134 144 147 171 189 170 144 144 85 69 168 143 159 169 181 115 86 86 94 7 66 141 26 86 13 134 45 1 64 29 72 86 9 134 43 86 177 25
split_gain=693.601 426.27 421.014 183.501 99.1224 145.802 94.067 105.897 147.034 72.8847 69.3804 51.9637 51.4098 37.8763 36.5666 36.5365 27.9271 35.771 25.3679 23.6238 22.5546 23.8563 20.8307 18.7013 18.4265 16.6267 15.3868 13.3642 12.6798 11.8353 10.275 12.8481 10.6463 9.85386 9.71493 9.585 9.37472 8.73727 8.83313 8.33471 8.06854 7.40903 7.27467 7.17476 6.88594 6.88353 7.99374 6.44147 6.42741 6.88647 6.16632 6.14886 6.05637 5.98705 5.90729 5.26463 6.97698 6.26897 5.21394 5.06793 5.00802 5.05069
threshold=-1.0000000180025095e-35 0.95908960700035106 -1.0000000180025095e-35 38.564739227294929 0.95908960700035106 1.0000000180025095e-35 -1.0000000180025095e-35 0.19000000506639483 22.500000000000004 0.91471031308174144 7.5000000000000009 1.0000000180025095e-35 7.5000000000000009 4.4966177940368661 2.5000000000000004 1.0000000180025095e-35 0.24363271147012713 1.0000000180025095e-35 1.0000000180025095e-35 2.5000000000000004 1.5000000000000002 1.0000000180025095e-35 -1.419453978538513 1.0000000180025095e-35 1.0000000180025095e-35 0.8688228726387025 0.95716083049774181 1.0000000180025095e-35 0.14999999850988391 1.0000000180025095e-35 0.81995335221290599 0.61393180489540111 5.5000000000000009 0.35003460943698889 1.0000000180025095e-35 -0.32951384782791132 22.830001831054691 1.0000000180025095e-35 1.0000000180025095e-35 1.4511349797248843 3.5000000000000004 6.5000000000000009 1394.5000000000002 0.70234793424606334 0.91855448484420787 0.13202039897441867 3.9618560075759892 13.500000000000002 0.3887071311473847 267.50000000000006 0.40489333868026739 0.4255517721176148 0.9996800720691682 0.5363769829273225 -0.56174489110708226 8.5000000000000018 0.71838098764419567 1.0000000180025095e-35 0.95740923285484325 3.5000000000000004 1.0000000180025095e-35 0.63889557123184215
decision_type=2 2 2 2 2 2 2 2 2 2 2 2 2 2 2 2 2 2 2 2 2 2 2 2 2 2 2 2 2 2 2 2 2 2 2 2 2 2 2 2 2 2 2 2 2 2 2 2 2 2 2 2 2 2 2 2 2 2 2 2 2 2
left_child=1 3 11 6 26 39 14 9 22 19 -7 25 18 23 -1 16 17 33 20 41 21 27 -9 24 -14 -2 28 52 45 53 31 -18 44 -10 -17 -24 50 38 -15 58 43 -8 -29 -35 48 -4 -47 -16 49 -33 -26 -43 60 55 -20 57 -57 59 -6 -11 -3 -62
right_child=2 12 4 -5 5 10 7 8 15 29 -12 -13 13 37 47 34 30 -19 54 -21 -22 -23 35 -25 36 -27 -28 42 -30 -31 -32 32 -34 40 -36 -37 -38 -39 -40 -41 -42 51 -44 -45 -46 46 -48 -49 -50 -51 -52 -53 -54 -55 -56 56 -58 -59 -60 -61 61 -63
leaf_value=0.14824743836234325 -0.023064611450380162 0.093468350419062513 -0.0048236274591051936 0.099300619598742534 0.051617619003310938 0.11052070874348636 0.0084752603241733861 0.11049430634080665 0.0084752603241733861 0.0084752603241733861 -0.013374132557408014 -0.029654321998573999 0.045774705938959624 0.069756285353162958 0.047717667459197206 0.0084752603241733861 0.014471794784779852 0.0084752603241733861 -0.012087906230852177 -0.012725118628037392 0 0 0.060736321331999625 0.0810753355305594 -0.011269787262436401 -0.013374132557408014 -0.0080309792639688075 -0.011474606738464756 0.012738988210712735 0.005745152155112173 0.0084752603241733861 0.0084752603241733861 0.026685982441906023 0.14594147904682428 0.036319394075287628 0.0084752603241733861 0.052845883533127962 0.0078082556855262435 -0.0040010359081748591 -0.0017927324567681515 0.04844994613595844 -0.0038853180358673738 0.044941957810048658 0.01019454476894339 0.0084752603241733861 6.5379729242562277e-05 0.011399774144470458 -0.0057808352993867426 0.0084752603241733861 0.10450564380426793 0.011559000137815377 0.0067920706746535109 0.0013651894240756749 -0.021906052331834291 0.032193782728404667 -0.016785609009219351 -0.0039149357628899713 -0.0074872064445361923 0 -0.0030446208572434373 0.050934785688875377 -0.0086650209314532416
leaf_weight=9.5535675843857444 454.03096856581396 169.76455994998105 559.41952242735715 50.193117225542665 8.0093018264597031 59.391047445271397 1176.6377002907611 37.179163716558833 3.2780292098905184 34.013722291667364 12.063103719643548 2157.7478569355153 40.376488408481237 95.18223550649418 26.353180825768508 505.32394492079038 92.365151140955277 19.497927279095165 6.9544366087211555 126.25825469428673 8.3662563668622152 8.2801242903806251 42.955936130209011 8.9476393474324123 40.992813032062259 72.369519663334358 597.35789448965807 5.1607309535902486 204.37389209272806 150.7914565376268 93.23473668214865 2.3751109484583166 49.228145434521139 9.5820710004190897 30.380581051984336 10.525804698234422 5.6394723149132906 9.1328182385914243 3.0179147457238278 119.24498727922037 16.946360608752002 245.43981113391055 11.980387906049144 2.3348647112725311 2.8879495315195518 974.33168019627919 181.17134582622384 4.6637849716935298 1.503164088280754 11.822232860868096 76.253939195361454 284.05395780617255 2.7186025390692512 81.049514811995323 18.388310386493686 275.33916141922236 184.15650514943991 419.17802639800357 6.7924528191651907 107.93675740278559 19.723198007559407 1.8213415643840551
leaf_count=377 50174 2112 42938 453 387 575 77644 464 138 2728 850 249361 747 1944 1257 32263 5129 1055 250 11964 526 507 575 122 2210 5966 49471 139 12634 11081 5306 101 2988 336 2044 242 96 305 197 8653 800 17925 398 92 114 76159 12592 247 74 463 3038 19508 40 8595 605 23075 15010 34257 378 9085 652 81
internal_value=4.88556e-06 0.014181 -0.0121584 0.00868154 0.00169169 0.0346555 0.00743335 0.00660745 0.021338 0.00212439 0.0897707 -0.026191 0.0560595 0.0398275 0.0789494 0.0145225 0.028397 0.060863 0.0727679 0.00847526 0.0780755 0.0810816 0.080218 0.0239322 0.0183358 -0.0133741 -0.00105348 0.084273 0.00112041 -0.00714398 0.0206349 0.0282632 0.0444201 0.0898022 0.00847526 0.0510958 0.00768759 0.0629077 0.0671633 0.0029247 0.0979292 0.00847526 0.0280718 0.131697 0.0747141 -0.000282693 0.0019055 0.0392936 0.0849703 0.0929934 0.00323841 0.00180589 0.0882825 -0.00894876 0.0192288 -0.00779364 -0.0117788 -0.00441092 0.033048 0.00444885 0.089324 0.0442714
internal_weight=10046 4639.74 5406.3 4107.04 2722.16 205.501 4056.85 4016.28 931.421 3084.85 71.4542 2684.15 532.701 279.543 40.5705 840.76 305.056 51.6393 253.158 1832.39 227.815 219.449 90.6609 172.21 163.263 526.4 2516.65 211.169 1919.3 1252.47 253.416 160.182 67.8166 32.1413 535.705 53.4817 122.886 107.333 98.2002 134.047 28.8633 1706.13 17.1411 11.9169 18.5885 1714.92 1155.5 31.017 15.7005 14.1973 117.247 529.494 194.028 1101.67 25.3427 1020.62 459.496 561.129 14.8018 141.95 191.309 21.5445
internal_count=809497 299359 510138 285390 204637 10843 284937 283056 52184 230872 1425 305501 13969 8659 1881 50903 16596 2421 5310 127041 4455 3929 1281 6213 6091 56140 193794 3422 144323 103831 14175 8869 3740 1366 34307 817 5344 2446 2141 9418 1228 115077 537 428 752 131689 88751 1504 638 564 5248 37433 2885 92750 855 84155 38085 46070 765 11813 2845 733
is_linear=0
shrinkage=0.05


Tree=13
num_leaves=63
num_cat=0
split_feature=183 144 189 112 139 189 132 136 86 144 142 97 115 132 133 113 15 186 170 13 147 144 79 91 147 115 113 6 76 144 147 169 144 142 189 94 86 141 173 63 134 76 31 71 144 189 141 94 79 97 144 45 144 144 67 133 89 147 139 94 94 142
split_gain=659.021 497.847 211.298 210.987 113.522 149.259 109.153 94.9618 88.6085 84.4258 206.733 117.167 98.0399 62.1618 57.5391 48.6039 46.8146 26.146 25.3181 24.2469 23.0101 22.8556 21.9342 20.1249 15.4404 13.2351 12.8587 12.5693 11.8878 11.574 11.0297 10.3997 8.53709 14.1019 7.869 7.34723 7.30048 9.89148 7.11111 6.67861 5.51182 5.45155 5.33987 5.26762 9.60799 5.02982 4.96055 4.95129 4.80341 4.66647 4.53101 6.12758 4.80277 5.02213 4.56394 4.49019 4.07748 3.52985 3.30041 2.92795 2.86448 3.06042
threshold=1.0000000180025095e-35 0.95908960700035106 0.19000000506639483 0.77599006891250621 0.15667280554771426 -1.0000000180025095e-35 22.500000000000004 1.5000000000000002 3.5000000000000004 0.9146985411643983 1.6272174715995791 4.0250000953674325 1.3472737669944765 13.500000000000002 1.0000000180025095e-35 1.0000000180025095e-35 0.15444944053888324 5.5000000000000009 1.0000000180025095e-35 0.36501485109329229 0.89835038781166088 0.9550708830356599 -1.4657769203186033 1.0000000180025095e-35 0.96479904651641857 6.1322011947631845 275.50782012939459 -1.0000000180025095e-35 90698.027343750015 0.9803157150745393 0.95656889677047741 1.0000000180025095e-35 0.69189634919166576 0.18346320837736133 -1.0000000180025095e-35 86.500000000000014 7.5000000000000009 0.11540133878588678 1.0000000180025095e-35 0.98814770579338085 1018.5000000000001 2339.2944335937505 0.89163947105407726 0.6078576147556306 0.99014428257942211 -1.0000000180025095e-35 0.13028505444526675 22781.500000000004 -1.5120856761932371 19.154999732971195 0.23968885838985446 0.19261546432971957 0.68732738494873058 0.80597889423370372 0.94130352139472973 654.50000000000011 9.5000000000000018 0.91400283575057995 0.15667280554771426 11822.500000000002 1.0000000180025095e-35 1.0000000180025095e-35
decision_type=2 2 2 2 2 2 2 2 2 2 2 2 2 2 2 2 2 2 2 2 2 2 2 2 2 2 2 2 2 2 2 2 2 2 2 2 2 2 2 2 2 2 2 2 2 2 2 2 2 2 2 2 2 2 2 2 2 2 2 2 2 2
left_child=1 2 4 7 5 60 22 17 13 48 11 12 23 -6 49 19 24 25 43 28 32 -14 58 -11 31 42 -17 -5 50 -20 -7 36 33 -10 -22 -31 37 -16 -15 -39 -30 -38 -3 -18 -45 -35 -46 55 -2 -9 51 -8 -52 -54 -53 -37 -19 -42 -4 -43 61 -1
right_child=9 3 6 27 8 30 15 14 20 10 -12 -13 21 38 16 26 18 56 29 -21 34 -23 -24 -25 -26 -27 -28 -29 40 35 -32 -33 -34 45 -36 47 41 39 -40 -41 57 59 -44 44 46 -47 -48 -49 -50 -51 52 54 53 -55 -56 -57 -58 -59 -60 -61 -62 -63
leaf_value=-0.011571999235144613 -0.030010891034293254 0.1062925814822316 0.012855761383461806 -0.0269557425827908 0.043291061524340937 -0.0020447349959263543 0.011731024117198355 0.0005811283915605033 0.011731024117198355 0.084667419883402054 -0.025929315784993048 -0.016714472627863422 0.23498286742488261 0.011731024117198355 0.0023474280857346003 0.096770860798051153 0.0005811283915605033 0.05166130744350679 0.0049060915626485402 0.011731024117198355 -0.011571999235144613 0.0034437897382475764 0.043705478937920976 -0.013971613473879733 0.010704277199102625 0.002559552082345453 0.011731024117198355 0.0005811283915605033 0.028294139924356393 0.0041498152886074941 -0.0088494770313826254 0.01731466851279544 0.011731024117198355 -0.0084499158773655939 -0.0020447349959263543 0.074308583967652192 0.0005811283915605033 0.08553663562271184 -0.0020447349959263543 0.0025519842439191954 0.07264923572526033 0.062204683450365963 0.033491651911968699 0.0005811283915605033 0.0005811283915605033 0.0024826718234417094 0.070915395034801751 0.0047789167638619522 -0.023928362910333796 0.024482672081141296 0.011731024117198355 0.046157842143347214 0.039349929790777179 0.014337345754187393 0.011731024117198355 0.0011685282371961066 0.0005811283915605033 0.011731024117198355 0.1041051614152102 0.015400136694603835 -0.029232938607864967 -0.026727162765892903
leaf_weight=26.774525698645448 1160.7126041572192 126.92702479251602 3.2361618436989366 36.923982077423716 214.85305164895544 1926.9674732801213 9.8577600751741539 49.655434657630394 113.37512345524738 3.5883466833329303 108.14551173400832 13.720607553244916 13.740452615733373 516.31497135362588 4.7817763443745198 18.943837843835361 53.608673908631317 46.068552562515833 14.100629987166029 725.80160163794062 319.96954772777099 1.5235942391882407 57.294765128652216 9.3353146603039932 13.831877529810297 4.1647893300832939 5.7706972901069085 158.91963997899438 47.014148608446703 7.1107409510004791 588.7421707775211 12.802414287361897 244.64528475524276 151.21455709043948 755.00102860228799 41.315902485192055 4.3343503298965542 132.08873186465644 55.319648813514505 3.4204350123764007 19.202451048971859 12.123017640318723 9.5139457645127532 13.435183226989468 2.5754237206128874 313.41262418184488 5.8105181088612881 4.7487548869394223 768.74716274542152 15.373077967335119 159.51394747207814 43.639453555661021 39.505511379014933 63.573618155060103 5.1144927176792399 3.0990757809195193 3.5020705752394852 3.24188845680328 37.288962711463682 11.784131496038752 638.13897667540004 30.970827995522995
leaf_count=2882 139511 1561 155 4108 13375 146763 515 3359 7609 249 12415 1257 350 33352 59 171 2324 1000 451 45864 27208 100 892 814 262 113 328 9997 2284 96 49471 405 15722 11522 59252 605 77 1729 3906 51 892 203 175 618 73 20875 183 112 88166 1096 8502 2073 1915 3238 243 43 114 182 402 186 74101 3435
internal_value=0.000157096 0.00673435 0.00254201 0.0442157 -0.00140398 -0.00774474 0.021269 0.0588993 0.00617389 -0.0248582 0.0108435 0.0989187 0.149996 0.01671 0.0441685 0.01671 0.0522805 0.0882825 0.0290301 0.0149281 0.000141945 0.219658 0.0708132 0.0280002 0.0683664 0.10015 0.0803064 -0.000712496 0.0253471 0.0496409 -0.00204473 0.0722253 0.00693554 0.00327872 -0.00204473 0.0591271 0.0756334 0.0813579 0.011731 0.0837853 0.0442899 0.0384848 0.102756 0.00759904 0.0258332 -0.00107423 0.0559892 0.0654999 -0.0276685 0.000581128 0.0205581 0.0337052 0.0169552 0.0255318 0.0410276 0.0703457 0.0480704 0.065626 0.0995798 0.0466532 -0.0281537 -0.0144501
internal_weight=10006.2 7926.72 7134.7 792.02 5895.7 3211.59 1239 596.177 2684.11 2079.51 150.054 41.9083 28.1877 786.488 406 1141.18 340.972 190.176 145.805 1116.46 1897.62 15.264 97.8199 12.9237 195.167 140.606 24.7145 195.844 390.663 70.3751 2515.71 181.335 822.648 578.002 1074.97 56.2745 168.532 140.291 571.635 135.509 69.4585 28.2415 136.441 75.4298 21.8211 464.627 8.38594 49.1637 1929.46 65.0285 321.205 58.6117 262.593 103.079 48.7539 44.415 49.5706 22.4443 40.5251 23.9071 695.884 57.7454
internal_count=808991 566129 537129 29000 469473 276652 67656 14895 192821 242862 15185 2770 1513 50633 11932 66207 7477 2963 4505 65708 142188 450 1449 1063 2972 1849 499 14105 19844 1307 196234 2710 55728 40006 86460 856 2305 1839 37258 1780 3358 466 1736 3198 874 32397 256 760 227677 4455 16486 2831 13655 5153 2316 648 1114 1074 557 389 80418 6317
is_linear=0
shrinkage=0.05


Tree=14
num_leaves=63
num_cat=0
split_feature=183 143 189 177 170 159 116 132 176 39 176 97 147 142 189 29 189 139 164 134 170 86 86 159 109 134 139 86 86 86 79 142 142 132 97 176 142 68 10 11 141 169 91 97 22 142 86 55 152 147 141 94 23 147 134 11 29 31 147 11 39 116
split_gain=597.666 303.687 184.005 134.473 117.167 93.3723 84.419 84.0536 65.043 63.8534 243.884 88.3539 53.1747 52.0089 45.8421 39.5916 64.1156 39.0549 35.1538 25.6157 39.8405 24.6371 21.0763 20.7064 19.1371 17.2114 15.215 10.9089 10.8395 10.1337 10.0452 9.6811 11.3588 8.92944 8.72404 44.0592 8.37085 8.28287 8.22386 7.85455 7.10878 7.02105 6.14266 11.0344 6.10955 5.5405 5.32338 5.16443 5.05786 4.82433 4.68019 4.63639 4.38239 4.34921 4.28036 4.20582 4.75167 3.90783 5.22959 3.87149 3.65554 6.11677
threshold=1.0000000180025095e-35 1.6265276670455935 0.19000000506639483 1.0000000180025095e-35 1.0000000180025095e-35 38.564739227294929 6.5000000000000009 13.500000000000002 1.0000000180025095e-35 0.92854586243629467 1.0000000180025095e-35 4.0250000953674325 0.89323115348815929 31.629706382751468 -1.0000000180025095e-35 0.15279884263873103 -1.0000000180025095e-35 0.15667280554771426 1.0000000180025095e-35 187.50000000000003 1.0000000180025095e-35 3.5000000000000004 7.5000000000000009 17.090764999389652 1.0000000180025095e-35 26.500000000000004 0.15667280554771426 9.5000000000000018 1.5000000000000002 4.5000000000000009 -1.5120856761932371 0.17810153216123584 1.6794459223747256 61.500000000000007 4.0250000953674325 1.0000000180025095e-35 16.964852333068851 -0.95171141624450672 3.917423009872437 0.28188480436801916 0.13482289761304858 1.0000000180025095e-35 1.0000000180025095e-35 2.0349999666213994 2.1608017683029179 47.633358001708991 10.500000000000002 6.5000000000000009 0.77988892793655407 0.95805323123931896 0.12947537750005725 21414.500000000004 0.19856702536344531 0.91609564423561107 218.50000000000003 0.8030863106250764 0.23384860157966617 0.24956849962472918 0.63060426712036144 0.34328019618988043 0.97668448090553295 24.500000000000004
decision_type=2 2 2 2 2 2 2 2 2 2 2 2 2 2 2 2 2 2 2 2 2 2 2 2 2 2 2 2 2 2 2 2 2 2 2 2 2 2 2 2 2 2 2 2 2 2 2 2 2 2 2 2 2 2 2 2 2 2 2 2 2 2
left_child=1 2 4 6 12 7 8 28 13 30 42 -12 15 19 17 21 -17 -14 24 22 23 26 37 36 45 -16 -1 -19 -4 -6 -2 -23 -33 -26 35 -32 52 -3 -18 -40 -41 50 43 -11 49 48 -34 -42 55 -39 -15 -22 -21 -31 -50 56 -5 58 -8 -60 -27 -62
right_child=9 3 5 18 29 -7 57 -9 -10 10 11 -13 14 41 25 16 38 27 -20 20 51 31 -24 -25 33 60 -28 -29 -30 53 34 32 46 -35 -36 -37 -38 44 39 40 47 -43 -44 -45 -46 -47 -48 -49 54 -51 -52 -53 -54 -55 -56 -57 -58 -59 59 -61 61 -63
leaf_value=-0.0047141950309236794 -0.029440615068070039 0.013296562524036562 0.027902824722073769 -0.0065518177251180018 0.020152321967512894 0.084532150443992066 -0.0085172352766184466 0.020152321967512894 0.098378378225354959 0.047169114223994661 0.19897813833229544 -0.014515842061351604 -0.028231991508642945 0.039885386995640995 0.020152321967512894 -0.025540170351258204 0.00062562881223610046 -0.0040740561862323728 0.08715584440042709 0.033228083298134314 0.059489266336002745 0.020152321967512894 0.011057771029147546 0.062356319054582734 -0.027581744674289085 -0.0040740561862323728 0.020152321967512894 -0.017129199140772513 0.07903646406138419 0.01415050213292089 -0.016269284194744667 -0.008471844927729703 0.019807022249923464 -0.0029750734664315661 -0.024471653191830801 0.097149664432658753 -0.015651172112877927 0.076580237582150268 -0.001548761712451941 0.005614129749383209 0.020152321967512894 0.024093597810821148 -0.027149868777688588 -0.017781124636030064 0 0.039631601467547913 -0.0081897463297715047 0.005614129749383209 0.023633955143464908 0.0068164598721872083 0.081302954971027019 0.002422921494924095 0.0056404050646022171 0.00015589001201163669 -0.018709419129984178 -0.012115174427392883 0.04262477570171163 -0.0049181377037646442 0.041720896155115691 -0.0045457619018355122 0.020152321967512894 -0.0040740561862323728
leaf_weight=82.776450131801539 1151.2749983506656 10.811962998101079 22.831159437759197 3.9703233194013654 195.46930260981026 52.052482726867311 9.6122537513656443 1121.2539090214996 68.390259847335983 4.3917920496242031 14.875722248129025 5.2790732624634975 405.36201352699572 26.844918687042082 24.847065181602375 220.4069835475384 1093.9914808227331 230.0237522864627 6.0594995647261376 13.280747591779798 57.678990245709429 31.305748852624674 26.951944699743763 11.850372469634747 61.570830594981089 2238.9214278471045 155.35178250622994 162.79394568780845 68.108751034305897 111.5814678806928 178.83590115384868 154.18481844960479 68.387487561951275 91.684288048360031 568.53224334792321 3.9859385393065159 36.840597584436182 68.037246324623993 128.88159962804639 175.95511340413941 132.26659420164651 15.1885184335988 88.564439909692737 16.341612735421222 2.2764895742147919 16.850695460598217 17.591485703422222 11.365993640472878 2.9006353775621418 4.4578942150837966 103.68320139452408 5.2128331480780608 105.26039221601968 113.23338130496268 18.799222455752897 3.5001722790620979 13.403829852133638 68.096187773066049 12.029553824038883 3.687810374016407 25.336276127258316 38.579082692071097
leaf_count=6286 142160 321 410 203 9411 448 649 65094 649 353 339 575 48555 388 1239 26116 78910 18096 127 870 1111 2119 902 107 7210 180699 8330 14006 691 6310 20192 11335 3996 6825 67399 186 1668 2132 8301 11848 8721 430 10157 1790 114 657 1172 798 140 161 1461 152 5964 8327 914 162 595 5106 856 260 1712 3090
internal_value=0.000150425 0.00633966 0.00290243 0.0341517 -0.00085535 0.0201523 0.0454844 0.0201523 0.0528048 -0.0240127 0.0095118 0.150294 -0.00287858 0.0454399 -0.00710739 0.00293018 -0.000616292 -0.0174179 9.05308e-05 0.0338007 0.023195 0.015134 0.0533664 0.00958137 -0.00422016 -0.00353137 0.0201523 -0.00598103 0.0685828 0.0201523 -0.0263257 0.00339978 -0.000326394 -0.013578 -0.0213566 -0.011143 0.00358204 0.0650685 0.00300002 0.00866618 0.012823 0.0706148 -0.0216692 0.00149707 0.0709386 0.0187061 0.0136688 0.0201523 0.00660358 0.0733295 0.0747551 0.0556543 0.0101533 0.00736731 -0.0087471 0.0221341 0.0313168 0.00113834 0.0163714 0.0311814 -0.00407406 0.00736527
internal_weight=9983.87 7951.79 7082.86 868.932 5818.61 1264.25 650.192 1212.19 556.766 2032.08 129.453 20.1548 5398.33 488.376 3125.86 2272.47 1762.87 798.18 218.739 342.659 230.124 509.598 112.536 167.232 212.68 2327.68 238.128 392.818 90.9399 420.284 1902.63 271.47 240.164 153.255 751.354 182.822 155.382 85.5836 1542.46 448.469 319.588 145.717 109.298 20.7334 74.7716 59.4249 85.979 143.633 42.5742 72.4951 130.528 62.8918 118.541 224.815 21.6999 20.8743 17.3742 93.4258 25.3296 15.7174 2302.84 63.9154
internal_count=809305 566154 526020 40134 459377 66643 23301 66195 16430 243151 13214 914 435329 15781 267397 167932 134694 80657 16833 13502 9872 33238 3630 8609 16706 186740 14616 32102 1101 24048 229937 18622 16503 14035 87777 20378 8502 2728 108578 29668 21367 2279 12300 2143 2407 2671 5168 9519 2014 2293 1849 1263 6834 14637 1054 960 798 6871 1765 1116 185501 4802
is_linear=0
shrinkage=0.05


Tree=15
num_leaves=63
num_cat=0
split_feature=101 144 159 177 170 144 176 97 190 13 40 15 110 151 182 144 181 109 52 159 144 138 97 169 147 147 151 142 85 180 8 144 144 144 184 77 176 91 106 91 8 6 94 79 139 138 110 144 41 144 144 94 72 144 147 89 147 190 85 144 144 186
split_gain=532.277 417.91 160.69 134.99 110.122 94.572 246.017 112.188 83.8187 60.5876 56.032 57.766 53.7687 49.8771 39.8561 36.2979 35.741 31.1099 29.8913 26.7845 26.5828 25.8942 24.1139 20.8464 19.7167 18.563 18.5164 21.6511 18.0304 25.2769 17.0512 24.3187 15.1599 24.4305 52.5281 15.7475 14.6027 14.0445 17.6126 13.8809 13.2707 13.0373 12.6908 12.3997 38.6673 21.5816 19.2626 16.5112 19.761 11.3785 14.4541 10.2994 10.7199 10.2623 10.0712 9.34975 9.07232 8.98766 8.90815 8.69785 27.4139 16.2324
threshold=419.37730407714849 0.95908960700035106 38.564739227294929 1.0000000180025095e-35 1.0000000180025095e-35 0.9146985411643983 1.0000000180025095e-35 5.0250000953674325 1.0000000180025095e-35 0.25331388413906103 3.8640552759170537 0.40866906940937048 3.5000000000000004 1.0000000180025095e-35 1.0000000180025095e-35 0.058373941108584411 1.0000000180025095e-35 1.0000000180025095e-35 1.0000000180025095e-35 13.198024272918703 0.70466029644012462 1.0000000180025095e-35 1.0000000180025095e-35 1.0000000180025095e-35 0.9064183533191682 0.93880674242973339 1.0000000180025095e-35 31.629706382751468 10.500000000000002 1.0000000180025095e-35 3.5759493112564091 0.23567233234643939 0.80597889423370372 0.92077764868736278 1.0000000180025095e-35 9.5342845916748065 1.0000000180025095e-35 1.0000000180025095e-35 0.62019231915473949 -1.0000000180025095e-35 0.35864345729351049 0.61986175179481517 245.50000000000003 -0.77605757117271412 0.15667280554771426 1.0000000180025095e-35 2.5000000000000004 0.28847827017307287 0.76001909375190746 0.9146985411643983 0.87233012914657604 17015.500000000004 -0.56174489110708226 0.96691203117370617 0.8668593466281892 2.5000000000000004 0.95558455586433422 1.5000000000000002 16.500000000000004 0.11009996384382249 0.17632728815078738 1.0000000180025095e-35
decision_type=2 2 2 2 2 2 2 2 2 2 2 2 2 2 2 2 2 2 2 2 2 2 2 2 2 2 2 2 2 2 2 2 2 2 2 2 2 2 2 2 2 2 2 2 2 2 2 2 2 2 2 2 2 2 2 2 2 2 2 2 2 2
left_child=1 2 4 10 8 -2 37 18 9 20 11 16 36 24 22 21 23 -5 -8 42 28 -10 39 26 41 43 27 -3 29 59 -15 -32 35 49 -35 -22 -12 38 -7 -11 -37 -6 -13 44 57 -46 47 48 -45 50 -34 52 -31 -38 -54 -41 -44 -17 -16 -1 61 -61
right_child=5 3 -4 17 13 6 7 -9 15 14 12 19 -14 30 58 25 -18 -19 -20 -21 32 -23 -24 -25 -26 -27 -28 -29 -30 51 31 -33 33 34 -36 40 53 -39 -40 55 -42 -43 56 46 45 -47 -48 -49 -50 -51 -52 -53 54 -55 -56 -57 -58 -59 -60 60 -62 -63
leaf_value=-0.013300478910545411 -0.026130357656519967 0.038303821099352382 0.084310534825623673 0.030787190823280464 0.037806848573721734 0.064134277515993723 0.19877590210059232 -0.017161273754090191 0 -0.023457793790505766 0.021518631701524436 -0.0093394929312685705 -0.0099280733349352904 0.075555730629279144 -1.9450146032622352e-06 0.0053057191743395892 -0.0023054091854008436 -0.010436460163346824 0 0.067922915298270825 0.007202207863012948 0.065688787761952916 -0.0040848124586012865 0.015389956275879885 0.0040038141513011388 -0.00016733903217404106 0.087592233900213645 0.074086409658947139 -0.0099366290001919044 0 0.078856966688039126 0.0030305275355895504 -0.0060862384395787388 0.001835196171818147 0.087030205998495674 0.05284541628745091 0.18076019704066718 -0.025375431472601781 -0.015393178255770518 -0.026582282491396755 0.012000436218141406 0.012430611690154206 0.030190243145877444 0.12228625874711385 0.022194391091430562 0.080267708973978946 0.0048461715634185859 0.018919668702655757 -0.0046649457907970504 -0.026296474656603272 0.020850487876411566 -0.0085810825164485786 0.094868295495563165 0.087251985518390904 0.0014837949779223799 -0.0079546866242755452 -0.0048505916416469773 0.022194391091430562 -0.0074196247070185198 0.054485920181597182 0.00045983370180055922 0.0058162383807660537
leaf_weight=75.413333157863235 1832.3359124239869 140.51616229549109 53.891714201774448 63.730341939764912 110.51872096785519 6.3353896510234362 19.276029954722624 8.0451181414027797 21.30919907912903 545.38471362012933 9.9937682627933082 56.260820929521287 12.068526163850036 49.550493757473305 1178.5968950465322 232.10581335259485 24.529186455372837 131.38999446515663 1.8225341059078335 17.40034541420755 72.665213945620053 41.942144960572477 463.69422456609755 30.698256468167529 201.41122351677041 525.56147588635213 72.335960956421332 83.602946920203976 320.05603262587101 5.6390650204120965 11.010855337066458 34.629154838432441 132.51825573306996 55.212404691177653 22.544423271072446 59.221682033778052 5.3169255856191731 101.43136853443139 13.530886954060405 81.090427902439842 36.734947999451833 110.01540580615983 58.48239229558385 4.3689641013916107 42.319546381797409 30.343702312835376 716.22799699720053 73.880421333669801 3.4906564811826684 32.427594689506805 72.685848036424431 4.5806472434342131 11.618949564042849 81.583907556254417 4.3581875516974824 395.19678044272587 22.693066950465436 30.840699386157212 616.89708615184645 35.008344331159606 599.29842217620171 34.535259309435787
leaf_count=6222 227640 2617 458 2662 5608 422 311 931 1497 63951 343 2863 497 1891 90088 14579 1616 11479 173 186 5217 487 36800 1009 14044 37620 805 1061 26917 314 341 1213 9250 3866 1309 4012 96 11943 1370 10030 2603 5705 1883 207 2305 397 43698 4278 236 2190 5029 299 589 726 279 34136 1033 1557 51355 2173 42310 2363
internal_value=0.000145962 0.00592518 0.00205139 0.0398359 0.00136411 -0.0229974 0.014614 0.133425 -0.000386277 -0.00375189 0.0512468 0.0433513 0.0842175 0.0234667 -0.00762017 0.00907024 0.0545119 0.00333592 0.184091 0.0169334 0.0042913 0.0449367 -0.0136693 0.0588178 0.0156309 0.00755697 0.062902 0.0530864 -2.93317e-05 0.00409158 0.0554371 0.0277975 0.0139779 0.00719846 0.0306041 0.0259416 0.0961008 -0.0178864 0.0167592 -0.0179539 0.0388252 0.0258148 0.00814453 0.0111452 0.0192184 0.0503737 0.00762007 0.0299571 0.0840684 -0.000830043 0.00360516 0.0482308 0.0605594 0.102768 0.0770123 -0.0114213 0.0203912 0.00973618 -0.00257793 0.00219308 0.00406284 0.0326633
internal_weight=9942.18 7959.4 7148.8 810.603 7094.91 1982.78 150.441 29.1437 6577.77 4855.38 615.482 506.519 108.963 517.136 3280.86 1722.39 351.683 195.12 21.0986 154.837 1574.52 63.2513 1485.37 327.153 421.945 1659.14 296.455 224.119 1090.51 770.452 95.1905 45.64 484.01 315.389 77.7568 168.622 96.8946 121.298 19.8663 1021.67 95.9566 220.534 137.436 1133.58 335.61 72.6632 797.968 81.74 7.85962 237.632 205.204 26.1968 21.6162 86.9008 15.9771 476.287 81.1755 262.947 1795.49 744.255 668.842 69.5436
internal_count=809089 566299 537423 28876 536965 242790 15150 1415 508163 401302 14735 13073 1662 28802 286360 106861 7108 14141 484 5965 114942 1984 144917 5492 25357 104877 4483 3678 81466 54549 3445 1554 33476 21644 5175 11832 1165 13735 1792 108117 6615 11313 5779 67257 18838 2702 48419 4721 443 16469 14279 1481 1182 822 868 44166 2916 16136 141443 53068 46846 4536
is_linear=0
shrinkage=0.05


Tree=16
num_leaves=63
num_cat=0
split_feature=83 144 159 112 139 116 144 97 84 135 135 132 151 151 97 144 147 184 135 144 79 133 144 135 169 29 92 133 144 144 144 10 169 97 89 95 144 0 147 190 144 144 144 6 141 140 141 76 144 95 97 173 187 68 187 144 140 69 159 65 147 68
split_gain=511.643 345.734 139.845 127.642 88.4745 85.4816 76.7657 125.42 111.861 70.7617 70.04 62.3452 51.28 48.9056 33.8383 29.5107 27.5587 25.0085 24.7777 21.022 24.9525 35.0267 23.1795 19.7585 18.2314 18.1403 17.4061 17.3364 17.0642 18.7376 24.4834 23.772 15.3551 14.8621 24.1728 12.6427 11.8885 10.9251 10.9016 8.49459 8.24824 16.3347 13.1257 14.8425 8.0659 8.01801 7.55162 7.51543 7.50059 7.32997 6.90824 6.81274 6.95453 6.7034 7.06331 6.56104 6.35059 6.28576 6.05324 6.04431 6.0319 5.81927
threshold=1.0000000180025095e-35 0.95908960700035106 38.564739227294929 0.77599006891250621 0.15667280554771426 -1.0000000180025095e-35 0.9146985411643983 4.0250000953674325 1.0000000180025095e-35 9.5000000000000018 5.2449998855590829 22.500000000000004 1.0000000180025095e-35 1.0000000180025095e-35 1.2900000214576723 0.9803157150745393 0.9064183533191682 1.0000000180025095e-35 1.5000000000000002 0.28847827017307287 -1.7721476554870603 -1.0000000180025095e-35 0.67342856526374828 1.0000000180025095e-35 1.0000000180025095e-35 0.49574708938598638 0.59729731082916271 9.5000000000000018 0.056108074262738235 0.23968885838985446 0.68318140506744396 4.0675024986267099 1.0000000180025095e-35 1.2900000214576723 2.5000000000000004 0.016951915808022026 0.9550708830356599 -1.0000000180025095e-35 0.93829163908958446 1.0000000180025095e-35 0.69189634919166576 0.80597889423370372 0.17632728815078738 1.0000000180025095e-35 0.13168267160654071 0.13777061551809314 0.12229382991790773 10796.982910156252 0.5169476866722108 0.83406272530555736 1.0000000180025095e-35 1.0000000180025095e-35 5.5000000000000009 -0.99131149053573597 2.5000000000000004 0.764996498823166 0.12374829873442651 0.0069598474074155101 25.102735519409183 0.3969195038080216 0.94807440042495739 -0.79587584733963002
decision_type=2 2 2 2 2 2 2 2 2 2 2 2 2 2 2 2 2 2 2 2 2 2 2 2 2 2 2 2 2 2 2 2 2 2 2 2 2 2 2 2 2 2 2 2 2 2 2 2 2 2 2 2 2 2 2 2 2 2 2 2 2 2
left_child=1 2 4 10 5 35 -2 8 -8 11 23 19 16 15 26 17 40 -12 -7 57 39 22 -22 25 28 53 -10 -15 -14 47 -31 49 38 34 -20 -1 -16 -5 51 -21 42 55 43 46 -29 -44 -11 -30 -37 56 -25 52 -17 -3 -55 -42 -32 -6 -27 -19 -35 -49
right_child=6 3 -4 37 9 18 7 -9 14 12 13 -13 24 27 36 32 -18 59 33 20 21 -23 -24 50 -26 58 -28 44 29 30 31 -33 -34 60 -36 48 -38 -39 -40 -41 41 -43 45 -45 -46 -47 -48 61 -50 -51 -52 -53 -54 54 -56 -57 -58 -59 -60 -61 -62 -63
leaf_value=-0.027156095381662634 -0.025589632910548145 0.00061735860664945694 0.078233505357568164 -0.025705762667545408 0.0038690054184381166 0.0038690054184381166 -0.019301895867345015 -0.024788866809916803 0.079927198832363447 -0.0015136446002836554 0.00061735860664945694 0.0038690054184381166 -0.0015136446002836554 0.00061735860664945694 0.15316842654150065 0.054031879719254931 -0.00045453571990471548 0.00061735860664945694 -0.025435627255006893 0.0038690054184381166 0.012768510693648486 0.0038690054184381166 0.095818549806158781 0.09381064382047459 -0.00072697715846440345 0.0065136185676536486 -0.012855652662406521 0.029680324669050746 0.023347311419480196 0.0072596108420012757 -0.0015136446002836554 0.00087942599273488147 0.0035529885387968357 -0.0015136446002836554 -0.0037074102984367124 -0.027452800226435661 0.00880338050994732 0.00061735860664945694 0.01756220399775377 0.080113329524367338 0.017090637838519863 0.0054467653082954856 -0.0015136446002836554 0.003990772576065226 0.085758514125615137 0.0080141862020465925 0.038724858493949237 0.015474566298698748 -0.0015136446002836554 0.010744452396813126 0.0080128861145687159 0.00061735860664945694 0.00061735860664945694 0.087143713594298844 0.035812659608577282 0.040144234442312243 0.079983127498099799 0.071919266289750733 0.047165536549160586 0.04416995884935461 -0.0067809019553835767 0.082173364726652987
leaf_weight=373.08947663248546 1792.5345123186489 3.5802082977315868 55.201014739810489 34.375972241316049 1.9189116649504274 943.72453629638039 23.144122705554764 94.671643748602946 3.4959787468833374 6.2907235251914235 98.398982983831957 137.50240292538365 34.164433260724763 4.1750017760059555 22.297549836614056 132.00774515463854 1172.0064224533999 5.4069552553992244 174.06231093155657 4.711834138768622 19.97872283095785 53.406280529947253 13.772338304319417 88.125778925867053 55.542508270867984 30.675030613099807 8.8584042525908426 16.880419770022854 19.376482691353885 91.80786331006675 1.1804047396581143 20.249647078802809 30.008515324851032 1403.7554485264409 469.86524623836885 28.572608430593391 2.5682124552549785 157.77283464974607 42.095302700501634 23.508140429476043 104.01582117026555 228.34808671927021 360.48398634709883 95.351248962120735 56.958597507749801 333.66770976367116 67.96776130242506 7.645606431309715 83.494581070975983 7.8726593012397634 4.0739793584798454 2.8850939192634533 2.7605538425705154 37.526414504973218 23.579879901270033 57.252080185120576 33.577768755625584 71.300822500197683 10.952407359611241 40.712086604355136 559.04616391555464 30.640617847384419
leaf_count=47003 228642 39 457 4054 31 59366 2591 11277 212 385 5421 9229 2339 266 474 2072 93369 87 21383 282 873 3057 549 870 3243 837 813 208 952 4647 52 891 1026 106059 39914 2948 204 9941 1162 237 6376 13728 24681 6033 680 21903 4131 388 6115 347 203 70 172 479 334 3433 1552 1747 95 645 47420 1409
internal_value=0.000267382 0.00588801 0.00233795 0.0364769 0.00168873 -0.00316451 -0.0226694 0.010683 0.0643381 0.00810572 0.04727 0.0299595 0.00543364 0.0351607 0.113066 0.0264621 0.00297816 0.00843329 -0.000454536 0.0482612 0.0321966 0.0166388 0.0552934 0.072005 0.024699 0.052061 0.0274225 0.0703883 0.0304277 0.0355983 0.0248534 0.0477458 0.0382817 -0.00315011 -0.00977009 -0.0227386 0.143065 0.000617359 0.0436911 0.0697577 0.00835043 0.0144019 0.00552487 0.0178066 0.0759509 0.00238229 0.0338605 0.0597408 -0.00728678 0.0670533 0.090884 0.0506107 0.0523143 0.0683107 0.071921 0.0263864 0.0762232 0.0695793 0.0216563 0.0380495 -0.00151364 0.0727574
internal_weight=9914.87 7967.3 7144.35 822.952 7089.15 4035.61 1947.57 155.036 60.3643 3053.54 630.803 326.099 2727.44 432.289 37.2201 354.275 2425.38 144.518 3550.45 188.597 115.377 87.1573 33.7511 198.514 302.058 106.314 12.3544 78.014 246.515 212.351 154.688 62.8805 209.757 2606.73 643.928 485.157 24.8658 192.149 179.749 28.22 1253.38 389.616 863.761 169.61 73.839 694.152 74.2585 57.6627 112.067 42.6308 92.1998 137.653 134.768 64.6865 61.1063 161.268 34.7582 73.2197 41.6274 46.119 1962.8 38.2862
internal_count=809403 565190 536529 28661 536072 330208 244213 15571 4294 205864 14666 16005 189859 11809 1703 10655 174039 6153 274142 6776 4998 4479 1422 2857 15820 1784 1025 1154 12577 10238 7489 2842 4502 214776 61297 56066 678 13995 3476 519 80670 23537 57133 10549 888 46584 4516 2749 9063 1951 1073 2314 2244 852 813 9809 1604 1778 932 732 153479 1797
is_linear=0
shrinkage=0.05


Tree=17
num_leaves=63
num_cat=0
split_feature=183 144 112 189 159 132 144 176 97 139 189 135 86 151 132 144 134 170 147 176 15 79 159 69 45 147 135 186 181 169 8 147 189 147 141 35 66 79 64 189 132 141 68 106 94 94 139 135 69 86 71 5 169 71 94 176 75 95 95 68 141 89
split_gain=468.288 337.232 135.199 128.198 86.5026 84.7878 77.9604 185.329 76.2845 68.2661 123.031 67.5149 58.8813 40.5666 37.5856 28.9004 21.6535 21.5206 16.7729 14.8163 23.1353 13.2339 12.755 11.8587 26.1354 10.7471 12.4518 10.7138 10.5663 8.81279 8.56204 8.1916 9.30935 8.82789 7.77122 7.30174 6.72228 5.48225 5.18508 4.98876 4.96974 4.59006 3.97853 3.96903 3.28391 3.76597 3.17482 3.11301 3.01365 3.19881 3.94825 2.88081 4.05399 2.89654 2.85392 3.33203 2.78652 2.76042 2.55036 3.25038 2.49282 2.34987
threshold=1.0000000180025095e-35 0.95908960700035106 0.77599006891250621 0.19000000506639483 25.102735519409183 22.500000000000004 0.9146985411643983 1.0000000180025095e-35 5.0250000953674325 0.15667280554771426 -1.0000000180025095e-35 5.2449998855590829 4.5000000000000009 1.0000000180025095e-35 13.500000000000002 0.9803157150745393 1.0000000180025095e-35 1.0000000180025095e-35 0.94558703899383556 1.0000000180025095e-35 0.57187387347221386 -1.7141634821891782 14.29222631454468 -1.0000000180025095e-35 0.22744696587324145 0.74833333492279064 175.50000000000003 2.5000000000000004 1.0000000180025095e-35 1.0000000180025095e-35 1.0000000180025095e-35 0.79431909322738659 -1.0000000180025095e-35 0.95764091610908519 0.11484961584210397 0.91933825612068187 -0.95715627074241627 -1.5120856761932371 0.50822317600250255 0.29000000655651098 708.50000000000011 0.11928717419505121 -0.98963111639022816 0.9574275314807893 841.50000000000011 44.500000000000007 0.15667280554771426 -1.0000000180025095e-35 9.2642064094543475 13.500000000000002 -0.87837970256805409 0.11294294521212579 1.0000000180025095e-35 -1.0000000180025095e-35 1.0000000180025095e-35 1.0000000180025095e-35 0.26666667312383657 0.022481716237962249 0.54332983493804943 0.7470383644104005 0.12201572954654695 4.5000000000000009
decision_type=2 2 2 2 2 2 2 2 2 2 2 2 2 2 2 2 2 2 2 2 2 2 2 2 2 2 2 2 2 2 2 2 2 2 2 2 2 2 2 2 2 2 2 2 2 2 2 2 2 2 2 2 2 2 2 2 2 2 2 2 2 2
left_child=1 3 11 9 5 21 37 23 35 10 54 19 14 15 -11 16 38 27 34 20 42 46 -22 24 -8 26 -19 -7 29 41 -4 -14 -33 60 -17 -9 -36 -2 -13 -27 44 -15 -3 51 45 -41 -5 -34 49 50 -40 -38 -53 -54 55 -1 -35 -43 -46 -60 -12 -44
right_child=6 2 30 4 -6 17 7 8 -10 12 33 13 31 28 -16 18 -18 25 -20 -21 22 -23 -24 -25 -26 39 -28 -29 -30 -31 -32 32 47 56 36 -37 43 -39 48 40 -42 57 61 -45 58 -47 -48 -49 -50 -51 -52 52 53 -55 -56 -57 -58 -59 59 -61 -62 -63
leaf_value=-0.025132322180726942 -0.0275132870220763 0.0035717095426924966 -0.024022705059804764 0.0062177922063584622 0.073628531954162219 0.06300617445958874 0.082457568278816118 0.15516166424109246 -0.016250130431130785 0.029352941348544288 -0.0070581372848674776 -0.0011418793057603506 0.0086998294734494663 0.0062264234456123899 0.0086998294734494663 -0.00024348897640845844 -0.0011418793057603506 0.0086998294734494663 0.008632283979912914 0.088783103408153 -0.0011418793057603506 0.035338249252752821 0.050714476450656854 -0.025808386706718596 -0.017179892855828091 0.0086998294734494663 0.083433031388888662 0.0086998294734494663 -0.0011418793057603506 0.0061753474163558988 -0.0011418793057603506 -0.0093677321070814046 0.0086998294734494663 -0.0092858439121982304 0.0035466368286916575 0.015432755985244302 0.0020402997072730155 -0.020966240223409174 0.0010780270492355226 0.0086998294734494663 0.0086998294734494663 0.01141841625288492 0.072261270092932581 0 0.0086998294734494663 0.067537295358620686 0.082093305206513312 -0.00069319957232048454 0.0095681237890002154 0 0.061679102274776611 0.055859770627269136 -6.964640595439963e-05 0.033220856174624572 -0.026864442525222982 -0.0093677321070814046 -0.0013184004547401487 0.079828185157258771 0.047678423982744918 0.0086998294734494663 -0.00069319957232048454 0.0069901706511865157
leaf_weight=30.081981327028188 1040.2810042869678 3.6849262956820885 35.789326585756498 3.0603970839583772 58.041496887410176 5.6806563818972782 4.1389716209960197 22.037354775493444 7.9700612392116446 314.25716373611067 234.97236587223597 5.5965388600016004 203.90166831707757 4.1171027854288686 752.7721320939454 7.9778603146551168 97.713306230478338 9.1208156140346563 44.444716137004434 86.344216166413389 24.189808319628355 61.518902695621364 11.258490939973852 93.113747743984277 18.598865437335917 37.03929700597655 13.314230095100354 1022.4016439028928 2.8243592783837803 6.9851667008188079 157.04468617723614 443.36943286245514 23.741924862726592 392.21772500360385 10.408820801239925 2.6178208620549404 4.4051412115513804 700.58510736294556 4.1378971007070531 1.6872602425573848 5.7383880972047328 4.2617505860252995 73.387477154188673 4.8089050127600776 22.799856970144901 9.2428390362183546 38.499758873600513 999.81680097324715 10.93076384856249 3.831845007982337 21.545784496993296 127.93830561600043 8.5897108361241425 10.867404174583497 575.94350752289029 23.517980993972742 164.94190013091429 65.238265291613061 9.6440931410761532 3.3268338118214151 1698.3381427537242 3.4325401406676965
leaf_count=3589 139380 51 4213 146 559 289 254 300 971 19050 18126 106 12628 49 48260 168 5413 233 1369 801 777 900 106 11742 1759 1791 322 60803 189 193 9879 36514 1119 34148 227 180 78 88305 67 69 277 121 1051 322 1072 395 383 75433 153 82 333 1932 269 332 73903 2757 13945 658 444 144 130340 98
internal_value=0.000361085 0.00565314 0.0354942 0.00211862 0.0162847 0.013303 -0.0219916 0.0123338 0.109021 -0.00103482 -0.00609003 0.0463447 0.00471749 0.0347033 0.00921949 0.0266939 0.00861631 0.00921949 0.0379695 0.0704685 0.0535175 0.0557168 0.015916 -0.0180718 0.0116502 0.0303743 0.0593356 0.00869983 0.0658081 0.0691398 -0.00114188 -0.00106962 -0.00106962 -0.00106962 0.0448347 0.146272 0.0470778 -0.0249604 0.0354547 0.0200924 0.0297896 0.0740235 0.0678831 0.0496171 0.0357805 0.0587769 0.0783107 -0.0006932 0.0411769 0.0490767 0.0544971 0.0509965 0.0521806 0.0204923 -0.0257464 -0.0120391 -0.00700433 0.0770167 0.021794 0.0367897 -0.0006932 0.0702557
internal_weight=9890.09 8000.74 841.755 7158.99 1301.12 1243.07 1889.34 148.477 32.6252 5857.87 3120.01 648.921 2737.86 446.624 1067.03 363.197 143.756 1140 219.441 202.297 115.953 103.079 35.4483 115.852 22.7378 111.914 22.435 1028.08 83.4266 80.6023 192.834 1670.83 1466.93 2490.47 174.996 24.6552 167.018 1740.87 46.0428 89.4786 52.4393 73.6171 80.5049 156.609 46.7009 10.9301 41.5602 1023.56 40.4463 29.5155 25.6837 151.801 147.395 19.4571 629.543 53.6 557.16 69.5 35.7708 12.9709 1933.31 76.82
internal_count=809567 566676 29037 537639 67827 67268 242891 15206 1451 469812 276808 14945 193004 12061 67310 10851 6154 65839 4697 2884 2083 1429 883 13755 2013 4747 555 61092 1210 1021 14092 125694 113066 196559 3328 480 3160 227685 741 4192 2401 828 1200 2933 2124 464 529 76552 635 482 400 2611 2533 601 80249 6346 48093 779 1660 588 148466 1149
is_linear=0
shrinkage=0.05


Tree=18
num_leaves=63
num_cat=0
split_feature=183 144 112 190 144 142 177 85 132 135 164 139 97 144 135 172 97 142 139 15 151 92 86 15 144 180 77 135 142 86 175 69 69 142 4 135 77 142 9 144 63 94 85 86 85 68 135 67 9 141 148 94 63 139 79 85 45 167 167 141 106 94
split_gain=427.944 303.54 99.444 94.273 68.6602 132.079 106.207 59.1298 58.6832 57.5684 49.2493 44.6823 38.3038 36.7708 30.3223 27.8637 23.471 19.9975 19.9531 19.1708 19.0229 17.8421 17.8297 16.5756 13.2656 17.0328 12.6567 18.7934 11.1296 9.81978 9.36269 11.6024 9.20549 9.13677 9.04272 8.37984 8.15617 8.14021 12.5082 7.97513 7.91693 7.78792 7.77615 7.24611 7.14766 6.90511 6.89297 6.56543 6.45138 6.42927 6.33508 8.25635 8.06167 6.10282 5.89354 5.74779 5.71001 5.63344 5.77196 5.69623 5.59416 6.12911
threshold=1.0000000180025095e-35 0.95908960700035106 0.77599006891250621 1.0000000180025095e-35 0.9146985411643983 2.3910460472106938 1.0000000180025095e-35 7.5000000000000009 13.500000000000002 5.2449998855590829 1.0000000180025095e-35 0.15667280554771426 4.0250000953674325 0.9803157150745393 -1.0000000180025095e-35 1.0000000180025095e-35 1.2900000214576723 1.0000000180025095e-35 0.15667280554771426 0.42200417816638952 1.0000000180025095e-35 0.61470985412597667 3.5000000000000004 0.65227791666984569 0.71031588315963756 1.0000000180025095e-35 5.158524990081788 -1.0000000180025095e-35 13.826690196990969 2.5000000000000004 1.0000000180025095e-35 0.1101454868912697 5.7078099250793466 8.9645895957946795 -1.0000000180025095e-35 4.0250000953674325 11.505046844482424 0.070575341582298293 0.23129519820213321 0.058734185993671424 0.30983072519302374 4395.5000000000009 10.500000000000002 6.5000000000000009 16.500000000000004 -0.94786915183067311 1.0000000180025095e-35 -1.0000000180025095e-35 0.074976034462451949 0.13202039897441867 1.0000000180025095e-35 2031.5000000000002 -0.76155778765678395 0.15667280554771426 -1.5120856761932371 27.500000000000004 0.40664970874786383 1.0000000180025095e-35 357.72499084472662 0.12257871776819231 0.9574275314807893 24289.500000000004
decision_type=2 2 2 2 2 2 2 2 2 2 2 2 2 2 2 2 2 2 2 2 2 2 2 2 2 2 2 2 2 2 2 2 2 2 2 2 2 2 2 2 2 2 2 2 2 2 2 2 2 2 2 2 2 2 2 2 2 2 2 2 2 2
left_child=1 3 9 7 54 6 12 11 18 21 19 16 -6 15 43 48 -1 53 -5 36 28 23 24 45 25 50 35 29 -15 -28 37 -32 -20 -24 -4 -19 -10 38 -29 -34 -26 -27 -38 -13 -39 -3 -36 -17 -11 -22 -16 -52 -53 -9 -2 57 -46 59 -59 -21 61 -30
right_child=4 2 34 8 5 -7 -8 17 10 13 -12 14 -14 20 22 47 -18 26 32 55 49 -23 33 -25 40 41 27 30 60 -31 31 -33 39 -35 46 -37 42 44 -40 -41 -42 -43 -44 -45 56 -47 -48 -49 -50 -51 51 52 -54 -55 -56 -57 -58 58 -60 -61 -62 -63
leaf_value=-0.01377750637717305 -0.026962288118778224 0.014240697860033229 -0.023214620240486206 0 0.13536552314325748 -0.024588170021227294 -0.017726886140503228 -0.023771127224535359 0.011263216014040005 0.029559850157905916 0.078274122099220689 0.089676621044852467 -0.012132933095904753 0.0094890587608098438 0.0044425237461417277 -0.0014062456135256003 0.0036579635220078594 -0.025442882216035162 0.058350314101678173 -0.0052406889983861379 0.024526241176789202 0.086738054146607194 0.0036579635220078594 0.014106682401870768 0.018560428238392122 0.083021802347082618 0.077224910131143465 0.053408249608530092 0.044233765052049269 0.012107394171655921 7.4105527364545191e-05 -0.026511504034908623 0.038205004545487267 0.040629009037285599 0.014106682401870768 -0.005215257289338227 0.030066539638723067 -0.0016106628981497431 0.00027487713738672692 0 0.046667785947860765 0.0036579635220078594 -0.011264629602522775 0.0036579635220078594 -0.013903119594648248 0.064862449839581088 -0.0014062456135256003 0.046408798887449532 -0.0014062456135256003 0.078679363523583679 0.0051089504118841996 0.0036579635220078594 0.041664344928612283 -0.0053785752626265265 -0.020195058715703346 -0.0059417408691536215 -0.0048740107278134074 0.047531796652400961 0.0088610427000409882 0.0054318258633358494 0 0
leaf_weight=296.3649379663475 1015.2899631989276 12.279951426440674 32.098925607817364 22.769780712784268 29.906602571776602 94.615859428573458 20.31107590636384 182.70269895747333 683.98960068116139 11.769675012008518 20.203305412316695 11.092778680700571 3.7968537754786658 42.530917282580049 199.67421665719303 6.2747552733635521 529.44651680142852 110.5497634770727 87.978459583828226 144.76440179099154 14.522603641438762 73.81211266653554 426.92829262715532 31.54920558311278 68.923426338646095 7.4942794421949639 4.752151306289309 10.670220442611024 160.62643202733307 23.82382955684443 67.020315434827353 93.6799823347028 12.627046309644358 12.212805296047007 57.538005080190487 104.42595510939282 102.4385828054219 1656.3054526220221 41.285455042074318 8.218705335777484 56.478917214233661 5.007492401971831 9.2187768892472359 3.0202508062939168 227.89641150262469 83.501428667521395 100.5935119848873 49.23916155511688 104.42193955145922 45.336208685737802 58.432800134178251 10.757162292095016 43.583529554714914 69.049772510319599 687.55535498002428 141.63372794885072 832.10384578432422 9.8671934840240265 44.701872177553014 716.25739610426535 8.2735849147138634 9.2784971600631234
leaf_count=31627 139430 155 4018 1465 618 12206 2031 24043 38299 244 174 326 366 1140 11527 109 38196 14518 1277 9457 167 738 27910 752 3729 277 201 808 2738 1094 5678 12015 114 671 2319 8748 5160 130218 3306 145 2840 235 618 115 20842 1211 7653 706 5672 467 3245 645 2556 5600 88384 10191 69733 317 2871 46752 538 197
internal_value=0.000161081 0.00517837 0.0334543 0.0018214 -0.0214655 0.0107099 0.0698088 -0.0017547 0.0110089 0.0426559 0.00865878 0.00576377 0.118682 0.0320317 0.0134204 0.0130666 -0.0026144 -0.00556204 0.0427354 0.00767764 0.0431186 0.065067 0.0119744 0.049513 0.0189336 0.0131242 -0.00445743 -0.003579 0.0346644 0.0335684 -0.00400653 -0.0156054 0.0512826 0.00464845 0.00143709 -0.0160727 0.013527 -0.00329727 0.0153565 0.0149686 0.0327152 0.0617078 0.0261033 0.0762739 -0.00369082 0.0596489 0.00143709 0.0407441 0.00143709 0.0688301 0.0101602 0.0194531 0.032726 -0.0190268 -0.0243117 0.00320901 -0.00689487 0.00467629 0.0196759 0.00358868 0.0401142 0.0420146
internal_weight=9853.47 8002 843.647 7158.35 1851.48 148.63 54.0145 5153.68 2004.67 653.416 1873.07 1729.42 33.7035 452.274 903.606 171.706 825.811 3424.27 131.594 1852.87 280.568 201.143 889.493 127.331 450.352 324.949 3172.51 2957.54 220.709 28.576 2928.96 160.7 108.824 439.141 190.23 214.976 795.647 2768.26 51.9557 20.8458 125.402 12.5018 111.657 14.113 2716.31 95.7814 158.132 55.5139 116.192 59.8588 312.448 112.773 54.3407 251.752 1702.85 1057.22 1060 915.591 54.5691 861.022 178.179 169.905
internal_count=809402 566367 28824 537543 243035 15221 3015 420703 116840 14834 113839 123899 984 11978 54076 6731 69823 296804 3001 113665 5247 2856 53635 2118 25054 18485 267161 243895 4613 1295 242600 17693 1536 28581 13990 23266 44077 224907 4114 259 6569 512 5778 441 220793 1366 9972 815 5916 634 17973 6446 3201 29643 227814 69588 90575 59397 3188 56209 3473 2935
is_linear=0
shrinkage=0.05


Tree=19
num_leaves=63
num_cat=0
split_feature=101 189 13 189 159 97 186 39 135 110 147 29 132 43 110 147 76 169 106 189 110 135 111 142 179 109 104 43 74 142 110 101 116 63 141 142 97 147 171 9 67 130 8 27 0 116 66 6 65 142 66 68 25 25 118 67 67 89 9 1 152 36
split_gain=394.482 188.489 113.735 135.788 102.558 110.037 69.6053 52.5264 89.0045 53.0204 34.6901 31.5169 31.2572 23.4946 22.3945 18.4039 16.5193 16.0563 13.4345 12.6064 10.1655 9.58628 9.41179 9.28102 8.83181 8.76416 8.24378 13.021 8.06258 7.01645 6.97252 10.8343 6.34461 5.69054 5.331 5.23728 5.13393 4.98429 4.67222 5.92482 5.12646 5.43752 4.55367 4.06658 3.89521 3.08586 3.03877 5.27528 3.4938 3.62425 3.02929 3.02065 3.7885 3.28746 2.76848 2.75657 2.66238 4.13048 5.00819 3.61002 3.34796 3.01742
threshold=940.15237426757824 0.19000000506639483 0.21270100772380832 -1.0000000180025095e-35 25.102735519409183 -1.0000000180025095e-35 6.5000000000000009 0.92690232396125805 4.0250000953674325 2.5000000000000004 0.94899407029151928 0.33413881063461309 22.500000000000004 0.94541773200035106 8.0000000000000018 0.94744113087654125 845.67483520507824 1.0000000180025095e-35 0.92078432440757763 0.29000000655651098 3.5000000000000004 -1.0000000180025095e-35 1.0000000180025095e-35 0.29997226595878607 1.0000000180025095e-35 0.5018897056579591 9344.7963867187518 0.87614881992340099 1.0000000180025095e-35 15.829251766204836 2.5000000000000004 86760.656250000015 6.5000000000000009 0.75747531652450573 0.12229382991790773 0.54520615935325634 4.0250000953674325 0.87362372875213634 1.0000000180025095e-35 0.79687190055847179 0.4643405973911286 1347.5000000000002 3.6313686370849614 0.51904448866844188 31.476349830627445 7.5000000000000009 0.93679264187812816 2.1487343311309819 -0.72380334138870228 0.6999499797821046 0.279854565858841 0.18123652786016467 0.63889557123184215 0.51867231726646434 1.0000000180025095e-35 0.87323939800262462 0.50559517741203319 10.500000000000002 0.69727683067321788 0.3916259109973908 0.96627756953239452 8.8562092781066912
decision_type=2 2 2 2 2 2 2 2 2 2 2 2 2 2 2 2 2 2 2 2 2 2 2 2 2 2 2 2 2 2 2 2 2 2 2 2 2 2 2 2 2 2 2 2 2 2 2 2 2 2 2 2 2 2 2 2 2 2 2 2 2 2
left_child=1 2 10 -4 5 6 32 22 9 -9 24 20 16 15 -6 25 -8 19 -15 37 -11 -12 26 -21 -1 34 27 -2 -17 -23 -29 -32 -3 51 -5 -26 -33 -14 40 -40 44 -42 -18 45 46 -35 47 48 49 -36 -49 56 53 -53 -47 -41 57 58 59 -27 -58 -61
right_child=7 4 3 13 14 -7 12 8 -10 11 21 -13 17 18 -16 28 42 -19 -20 23 -22 29 -24 -25 35 33 -28 30 -30 -31 31 36 -34 43 38 -37 -38 -39 39 55 41 -43 -44 -45 -46 54 -48 50 -50 -51 -52 52 -54 -55 -56 -57 60 -59 -60 61 -62 -63
leaf_value=0.011463085873585837 -0.014158808361513266 0.084643066568923078 -0.024848858306499959 -0.0047962425036955966 0.077276646505247668 0.011463085873585837 0.075881546173006686 -0.017293728769065608 -0.022982763931234485 0.12127844865325993 0.011463085873585837 -0.01230461754068933 0.027552605681704846 0.011463085873585837 0.011463085873585837 -0.0096185605573881026 0.036421102411045535 0.011463085873585837 -0.0020659992353968372 0.065569423791431422 0.025426207794545547 -0.011959883423853023 -0.026371695639905192 0.029948197316542122 -0.025375243967167477 -0.010152932838900341 -0.02230620381720444 -0.010209203114594089 -0.00097323761025734472 0.011463085873585837 -0.010194688177161416 0.074492089951208124 0.011463085873585837 0.011463085873585837 -0.0047962425036955966 -2.6721936463003768e-05 0 0.011463085873585837 -0.0044564037801093741 0.011463085873585837 0.011463085873585837 -0.0047962425036955966 0.011463085873585837 0.011463085873585837 -0.0047962425036955966 -0.0087899384596047767 -0.0023203722377145375 -0.0047962425036955966 0.011463085873585837 0.0094983226475735972 0.0096639170064141081 1.615209098765588e-05 -0.0074187162892547414 0.011463085873585837 0.011463085873585837 -0.0047962425036955966 -0.01417297879672985 -0.015823054789338636 0.011053506396254784 0.0078304808645497503 -0.000611884879231367 -0.011323082767130718
leaf_weight=1528.9034221173351 216.59276449293975 64.302226758212782 614.38935648180632 137.78932715089468 86.601642903318861 926.28920422564261 43.643172789656091 14.205227544742227 78.746211988276627 23.012982053056479 13.636847362184197 5.1546065520597031 60.523100772319594 179.15160426373768 13.676314863259902 671.79366975164157 46.49639111282886 113.99912777889404 180.95472778615658 25.846874088747427 7.378127453623164 233.36622691451339 998.50235305436217 132.05649395375804 23.34767588241084 110.60057668951049 439.15805645078217 7.9068507750344006 461.83997310722771 21.404423844549456 5.4731144643083107 7.3405493453028594 2.8932759575109221 10.298169145826249 54.226550293911714 79.674927049782127 2.4199396238982445 85.393567263890873 205.56014987596427 40.618013544095447 307.82349783497921 23.72298573119042 9.3133651797252224 87.201984517363599 38.707848064528662 75.681503794083255 99.226519919233397 77.12243152121664 222.25704362541728 78.011351599445334 34.397951052116696 185.20194131444441 108.46109797827376 59.728145115441293 14.658112798468208 8.1660307045531209 148.4214207855257 45.563116262594122 67.779613043807331 72.771909732022323 70.998519863554975 22.450056053392473
leaf_count=86337 27310 1011 82279 9664 819 52670 482 1683 10213 326 601 649 2425 10977 100 56820 456 5611 14437 867 539 19775 140504 4038 2452 8463 58357 870 38072 694 704 303 113 706 3945 5655 296 4835 14668 2911 21459 1633 116 6689 2725 5885 6966 5189 15539 5361 2386 14120 8337 4622 1137 580 11432 3647 5247 5628 5361 1624
internal_value=0.000308943 0.00506419 0.00121494 -0.00310027 0.0203271 0.0169147 0.0348124 -0.0207693 0.00959048 0.0589948 0.0114631 0.0884718 0.0279766 0.000345895 0.0682545 -0.000895319 0.0529681 0.0214128 0.0114631 0.0278797 0.105594 -0.00635566 -0.0231315 0.037766 0.0114631 0.00157071 -0.0181714 -0.0101938 -0.00613817 -0.00930151 0.0219518 0.038278 0.0815062 -0.00175389 0.00428994 -0.00691144 0.0613985 0.0161188 0.00537876 -0.00053282 0.00700688 0.0114631 0.0298727 0.00600356 0.0041326 -0.000843157 0.00534453 0.00703696 0.0100003 0.00261925 -0.00219318 -0.00343975 8.83739e-05 0.00359464 -0.00471166 0.0114631 -0.00578023 -0.00268723 -0.000165264 -0.00415284 -0.0100078 0.00272567
internal_weight=9832.83 8026.94 6415.91 4515.58 1611.03 1510.76 584.468 1805.89 128.497 49.7509 1900.33 35.5457 517.272 3901.19 100.278 3541.08 99.4529 417.819 360.106 303.82 30.3911 268.407 1677.39 157.903 1631.93 2407.45 678.891 239.733 1133.63 254.771 23.1405 15.2336 67.1955 1079.82 1327.63 103.023 9.76049 145.917 1189.84 254.344 935.496 331.546 55.8098 187.84 603.95 100.638 565.242 466.015 354.495 132.238 111.52 891.976 353.391 244.93 90.3396 48.784 538.585 319.165 273.602 205.823 219.42 95.222
internal_count=809320 567566 494023 378509 73543 72624 19954 241754 13410 3197 115514 1514 18830 296230 919 270816 1054 17776 25414 12165 865 21070 228344 4905 94444 175924 87840 29483 94892 20469 2173 1303 1124 82898 93026 8107 599 7260 83362 18159 65203 23092 572 14417 42111 7728 39386 32420 24845 9306 7575 68481 27079 18742 7022 3491 41402 24609 20962 15715 16793 7252
is_linear=0
shrinkage=0.05


Tree=20
num_leaves=63
num_cat=0
split_feature=183 144 189 112 170 144 97 84 144 135 133 147 189 164 29 189 15 139 170 186 86 97 86 97 179 41 0 135 133 170 65 144 131 97 144 144 147 84 94 144 189 94 94 66 143 94 65 86 8 4 140 29 15 189 89 19 147 143 147 24 76 144
split_gain=370.473 264.14 95.968 81.4844 69.8994 56.035 84.53 59.395 54.0552 52.8126 35.1467 33.3908 31.5575 29.048 26.1033 44.7221 24.3018 22.3976 19.745 18.698 16.626 14.917 11.4158 11.1233 10.9771 10.7283 10.7231 10.1397 8.77667 8.64625 12.9267 8.64215 7.9099 6.70265 9.04555 6.66321 6.39543 6.20387 6.14788 5.94217 4.80644 5.19605 4.66313 5.39083 4.61755 4.41047 4.22694 4.1968 4.17243 4.30632 6.17139 5.39749 4.45029 4.15836 4.44952 3.97915 3.69706 3.40861 4.40483 3.4053 3.15443 3.06178
threshold=1.0000000180025095e-35 0.9550708830356599 0.19000000506639483 0.77599006891250621 1.0000000180025095e-35 0.9146985411643983 4.0250000953674325 1.0000000180025095e-35 0.11960539594292642 6.0250000953674325 1.0000000180025095e-35 0.89749842882156383 -1.0000000180025095e-35 1.0000000180025095e-35 0.15279884263873103 -1.0000000180025095e-35 0.1205900087952614 0.15667280554771426 1.0000000180025095e-35 5.5000000000000009 6.5000000000000009 1.2900000214576723 9.5000000000000018 1.0000000180025095e-35 1.0000000180025095e-35 0.52722826600074779 -1.0000000180025095e-35 -1.0000000180025095e-35 -1.0000000180025095e-35 1.0000000180025095e-35 0.052270896732807166 0.9550708830356599 487.50000000000006 -1.0000000180025095e-35 0.96691203117370617 0.9803157150745393 0.86424162983894359 1.0000000180025095e-35 245.50000000000003 0.1664543151855469 0.19000000506639483 709.50000000000011 25535.500000000004 -0.77921354770660389 0.45408296585083013 23695.500000000004 0.99968227744102489 13.500000000000002 3.1209415197372441 12.991071224212648 0.13690296560525897 0.32533317804336553 0.29639299213886267 0.2100000008940697 8.5000000000000018 0.39369469881057745 0.96098059415817272 1.0958660244941714 0.92295324802398693 1.699812710285187 22996.978515625004 0.90152683854103099
decision_type=2 2 2 2 2 2 2 2 2 2 2 2 2 2 2 2 2 2 2 2 2 2 2 2 2 2 2 2 2 2 2 2 2 2 2 2 2 2 2 2 2 2 2 2 2 2 2 2 2 2 2 2 2 2 2 2 2 2 2 2 2 2
left_child=1 2 4 9 11 37 7 -7 32 19 -11 14 17 -10 20 -16 29 -13 40 23 24 25 -19 28 -1 -9 -5 -14 33 30 -12 -23 47 34 -3 -20 -31 -2 -37 -22 -18 -42 43 -32 -41 -40 57 -4 -17 50 51 52 -50 -21 55 -55 -6 58 -45 -29 -51 -26
right_child=5 3 8 26 56 6 -8 21 13 10 16 12 27 -15 15 48 18 22 35 53 39 31 -24 -25 61 -27 -28 59 -30 36 42 -33 -34 -35 -36 38 -38 -39 45 44 41 -43 -44 46 -46 -47 -48 -49 49 60 -52 -53 -54 54 -56 -57 -58 -59 -60 -61 -62 -63
leaf_value=0.013813334166087064 -0.025695557090261001 0.14172260467217046 0.062085023044450655 -0.023584702513822119 0.013813334166087064 -0.020465388213238837 -0.022815804695015762 0.058762940123329145 0.013813334166087064 0.0024708806792330148 0.0024708806792330148 -0.024349764204198637 0.013813334166087064 0.071688798627306802 -0.0224050021874437 -0.00013894634639878315 0.0024708806792330148 -0.0032708918816115751 0.0039744842309343675 0.0047122593407491874 0.013813334166087064 0.10489443026396612 -0.017621192199324728 0.0024708806792330148 -0.018165351914274895 -0.011378400346040971 0.0024708806792330148 -0.0032708918816115751 0.021080681704725459 0.073688719239583186 0.0024708806792330148 0 0.013813334166087064 0.043977398596199535 0.070715353233865449 0.00697262299342696 0.01295046792907165 -0.018711537014746548 0.051873853198397581 -0.010235328678941688 0.0024708806792330148 0.039824930098057459 0.0024708806792330148 0.03400823166912003 0.013813334166087064 0.0024708806792330148 0.0024708806792330148 0.013813334166087064 -0.00064371099843273235 -0.0058817715123835948 0.013813334166087064 -0.0071832655441780944 0.013813334166087064 0.0047122593407491874 0.0047122593407491874 0.047638190882142134 -0.0039908901401163842 0.05215451556051956 0.0024708806792330148 0.0036746636182869823 0.010838107425573786 0.0052026877309560345
leaf_weight=357.11839397944277 966.48331528876588 8.4100526489346503 67.224677205173066 34.350558604914113 365.30171589156089 17.90165087008063 85.027300586603815 4.7657417640730264 1234.8385023869778 78.062281532635097 19.948914738823078 349.95605985113798 25.18023694618023 19.944118929794058 214.61452088619262 1133.438486560146 68.773677553224843 214.30598541210929 16.746041169768432 16.163220544731303 14.232774686272021 28.239455207425639 151.58467404944531 3.3988897552626431 32.49092192635726 8.4124231461755681 168.40080806912738 1999.5013080501085 14.645559151918858 43.116478877607733 6.8987965756386975 2.5156830558189531 5.3623491054895558 38.261877110227942 94.1777500276512 14.081910333770791 8.5824452930246462 661.18539459072053 54.458826302696252 126.38162006117636 3.6435330277599887 12.814769673073895 3.1947516988439011 16.452951717947148 17.656735414202558 3.1024446681549298 4.5320835035236078 3.3093801654176778 62.598829248687252 117.06763673240494 200.66639482064056 91.70814190870442 45.081436248190585 3.0911511921440242 4.4090000592113929 34.01165767092607 60.72181645638193 109.08948669554957 7.54572189306782 178.78508297605731 31.203655457502464 17.308571885150741
leaf_count=20808 139692 129 1243 4476 19392 2397 11183 215 65455 5390 462 48446 1085 170 29208 82178 2867 17379 485 483 879 476 13703 163 2827 816 10541 165731 251 347 121 201 253 560 864 169 81 88327 664 9200 83 355 53 258 1063 75 59 116 4258 7685 12883 5989 3076 36 119 533 4612 1342 174 13818 1958 1207
internal_value=0.000368602 0.00494364 0.00172743 0.0305447 -0.00104732 -0.0202705 0.00893076 0.0513996 0.0138133 0.0387089 0.0286831 -0.00265051 -0.00626458 0.0138133 0.00162949 -0.0011761 0.034757 -0.0153583 0.0196587 0.0592632 0.0110147 0.0802926 -0.00647861 0.0684643 0.0138133 0.0217982 0.00247088 -0.00327089 0.0704419 0.0458913 0.0377887 0.0981042 0.0549331 0.0745044 0.0830847 0.0355656 0.0660778 -0.0229398 0.0418825 -0.00302538 0.00247088 0.0260796 0.042745 0.0441123 -0.00671301 0.0487835 0.0462064 0.0593782 0.00157654 0.00513698 0.00782122 0.00137589 0.00888261 0.0300757 0.0378457 0.0431054 0.0138133 0.0477708 0.0214251 -0.00327089 -0.00196119 -0.00985358
internal_weight=9802.48 8027.95 7137.58 890.366 5806.9 1774.53 146.862 61.835 1330.68 687.614 471.045 5380.88 2919.31 1254.78 2461.57 1896.38 392.983 715.847 173.621 216.569 565.189 43.9333 365.891 158.894 406.918 13.1782 202.751 2203.47 155.495 219.362 167.663 30.7551 75.8964 140.85 102.588 88.3892 51.6989 1627.67 71.6432 158.271 85.232 16.4583 147.714 144.519 144.038 57.5613 137.62 70.5341 1681.76 548.326 400.055 199.388 107.68 57.675 41.5118 37.1028 426.024 133.088 23.9987 2178.29 148.271 49.7995
internal_count=809069 565762 534622 31140 467385 243307 15288 4105 67237 16123 12985 443381 260162 65625 183219 147235 7595 79528 4698 3138 35984 1708 31082 1967 24842 1031 15017 180634 1804 2897 2469 677 1612 1553 993 1393 428 228019 908 11142 3305 438 2007 1954 10263 739 1833 1359 118027 35849 26206 13323 7334 1171 688 569 24004 1774 432 179549 9643 4034
is_linear=0
shrinkage=0.05


Tree=21
num_leaves=63
num_cat=0
split_feature=183 143 189 170 112 159 132 39 176 116 85 29 189 86 189 97 184 181 130 71 84 104 43 86 159 97 39 69 139 134 45 66 99 135 45 69 86 143 78 143 37 19 138 8 23 115 26 116 11 64 63 35 169 5 66 71 63 141 106 31 135 132
split_gain=335.245 151.579 91.4376 76.9475 60.7937 55.2689 45.7779 41.7558 102.623 33.4476 32.3296 33.5511 45.8484 29.0958 25.4965 24.8578 22.5821 19.3809 15.421 14.1516 10.0812 9.68677 11.0056 9.59943 9.32126 7.35989 7.06479 6.98431 6.57027 6.47746 6.22176 5.55404 5.31665 5.25895 5.19397 6.40476 4.48643 4.45626 4.57553 4.36922 4.22825 3.8255 3.81047 3.3285 3.1318 4.07294 3.2778 3.2849 3.1317 3.11894 3.06073 2.84732 2.82235 2.79698 3.5764 2.59928 2.86555 2.55734 2.59577 2.54814 2.39608 2.34674
threshold=1.0000000180025095e-35 2.1866680383682255 0.19000000506639483 1.0000000180025095e-35 0.79259186983108532 38.564739227294929 13.500000000000002 0.92854586243629467 1.0000000180025095e-35 6.5000000000000009 10.500000000000002 0.15279884263873103 -1.0000000180025095e-35 6.5000000000000009 -1.0000000180025095e-35 4.0250000953674325 1.0000000180025095e-35 1.0000000180025095e-35 122.50000000000001 1.0000000180025095e-35 1.0000000180025095e-35 7729.2275390625009 0.83557730913162243 10.500000000000002 1.2500239014625552 1.0000000180025095e-35 0.92073178291320812 11.21312475204468 0.15667280554771426 26.500000000000004 0.89008647203445446 0.80826249718666088 0.043539805337786681 182.50000000000003 0.22744696587324145 -1.0000000180025095e-35 1.0000000180025095e-35 5.0820376873016366 0.050866050645709045 7.0864548683166513 0.37248617410659796 0.99404427409172069 1.0000000180025095e-35 3.5091991424560551 0.42590141296386724 0.65349712967872631 0.67211252450943004 28.500000000000004 0.36083671450614935 0.83174303174018871 0.9962262511253358 0.98695510625839245 1.0000000180025095e-35 0.87790101766586315 0.46762931346893316 -1.0000000180025095e-35 0.3393674641847611 0.13124834746122363 0.9506097435951234 0.27044416964054113 43.500000000000007 103.50000000000001
decision_type=2 2 2 2 2 2 2 2 2 2 2 2 2 2 2 2 2 2 2 2 2 2 2 2 2 2 2 2 2 2 2 2 2 2 2 2 2 2 2 2 2 2 2 2 2 2 2 2 2 2 2 2 2 2 2 2 2 2 2 2 2 2
left_child=1 2 3 10 9 6 36 20 34 17 11 13 42 28 16 -10 -12 18 25 37 -2 22 -22 -18 -6 27 44 40 -1 -16 51 39 -24 -19 35 -9 -4 -20 -39 61 59 49 -13 -38 45 46 -14 -48 57 50 -42 -28 -41 -46 -55 -15 -57 -11 60 -3 -59 -21
right_child=7 4 5 -5 24 -7 -8 8 15 48 14 12 26 55 29 -17 23 33 19 31 21 -23 32 -25 -26 -27 30 -29 -30 -31 -32 -33 -34 -35 -36 -37 43 38 -40 52 41 -43 -44 -45 53 -47 47 -49 -50 -51 -52 -53 -54 54 -56 56 -58 58 -60 -61 -62 -63
leaf_value=-0.0033232414914354993 -0.025077979889508162 0.030493206495946692 0.013937593769386879 0.013937593769386879 -0.022011052700904414 0.062788995606440912 0.013937593769386879 0.04105163844341226 0.10015611523877961 0.00039677926556760446 -0.023922097065131376 -0.023547109426164031 0 -0.013788116707201342 0.013937593769386879 -0.010881297203674718 -0.0031100081186410883 0.036994913139929579 0.0011954538059789971 0.00039677926556760446 -0.01174246066980103 -0.020777110364424783 0.036895307109992781 -0.016849263469061373 0.00039677926556760446 0.00039677926556760446 0.013937593769386879 0.0073668473942061557 0.013937593769386879 -0.0031100081186410883 -0.00077027087904443456 0.012105306903187826 -0.0028812580655404479 0.00039677926556760446 -0.021644143000631711 -0.014230340911395082 0.055202780158171032 0.027319573752637445 0.00039677926556760446 0.071311443557367779 0.060081018215511151 0.00039677926556760446 -0.00077027087904443456 0.013937593769386879 -0.00077027087904443456 -0.00077027087904443456 -0.00077027087904443456 0.013937593769386879 0.00039677926556760446 0.036018180781532148 0.0018040105820395858 -0.00077027087904443456 0.014777979603836131 -0.00030496369381567456 0.013937593769386879 0.013085259884607093 -0.006270987425042159 0.00039677926556760446 0.00039677926556760446 0.00039677926556760446 0.039725442815482306 0.03329309261856743
leaf_weight=90.320255124213872 959.40670004493586 18.87367219456792 11.329178107844198 457.82937252306147 41.52953712141607 53.597472322988324 1237.3753576575546 3.8606599029590143 24.393189602058559 8.6383636479004071 318.06731120697077 217.28463737091079 61.970986212487333 75.173026475124061 26.563313241975266 4.5065941981665665 211.58644075953634 4.8014711606156188 44.099438491786714 4.3780585520726154 186.67916365971178 438.82307823373412 14.058523501902529 130.1094943445205 131.76931938258349 7.4749267562656305 119.53928763009026 12.614442637161117 363.91919897511252 2032.3395179240324 87.966325148867327 19.10547759392648 11.912499869380552 28.969518719743064 85.120402119122446 7.7276718761931971 80.444281729753129 55.957437532910262 6.6632930300402213 26.61587763488933 173.6762719504186 2.5375033093150696 17.669949094350159 9.3932394423754868 1207.5090704099421 141.06548764184117 33.564047127816593 94.596906368620694 41.649752108816756 57.761527049289725 3.4985671400063429 18.491266553566675 6.990592521528014 61.724057248837198 36.111793867836241 20.855680407272303 66.61639790640038 3.0057005280468756 5.7157080543693146 6.6131784365643389 12.226166126049064 35.706990331178531
leaf_count=7066 141993 337 297 24287 5507 443 66394 166 339 621 44449 30415 4839 5250 1198 587 16857 297 1577 128 24503 60703 1035 11544 8080 449 8099 217 19515 166451 6653 437 1537 2018 11152 1062 767 1040 110 373 2999 63 2207 84 83431 10748 2502 6869 3024 1092 52 1366 222 4465 2571 1323 4745 219 418 130 841 1072
internal_value=0.000361805 0.00466785 0.00243722 -0.000285839 0.0258313 0.0139376 0.0139376 -0.0195267 0.00782882 0.0334496 -0.00203174 0.00182009 -0.00119045 0.0120238 -0.00588295 0.0830526 -0.0144103 0.0378422 0.0403805 0.0281291 -0.0216929 -0.0165166 -0.00733445 -0.00526683 -7.2208e-05 0.0482914 0.00144341 0.0495961 0.0139376 -0.00311001 0.00963223 0.0422188 0.0203235 0.000396779 -0.0173825 0.00950219 0.0479228 0.0143126 0.0224089 0.0484432 0.0513533 0.053784 -0.0217688 0.0517374 0.000271453 0.00458793 0.00932231 0.0137437 0.000888586 0.054435 0.0591486 0.0139376 0.0636362 -0.000770271 0.00745649 -0.00725468 -0.000927601 0.0154418 0.0237927 0.0227794 0.0323627 0.0295065
internal_weight=9780.37 8043.89 7283.01 5890.87 760.873 1392.14 1338.54 1736.49 125.609 587.574 5433.04 2714.38 2097.49 616.885 2718.67 28.8998 659.763 516.338 482.567 199.517 1610.88 651.473 212.65 341.696 173.299 283.05 1862.54 275.575 454.239 2058.9 225.997 92.797 25.971 33.771 96.7087 11.5883 101.167 106.72 62.6207 73.6915 262.961 237.474 234.955 89.8375 1636.54 331.197 190.132 128.161 71.2357 234.936 177.175 138.031 33.6065 1305.34 97.8359 162.645 87.4721 29.5859 20.9476 25.4869 15.2319 40.085
internal_count=809235 566158 534835 466850 31323 67985 67542 243077 13306 17736 442563 202064 164165 37899 240499 926 72850 12613 10298 4959 229771 87778 27075 28401 13587 5339 131543 4890 26581 167649 16118 2232 2572 2315 12380 1228 1148 2727 1150 1795 4673 4206 32622 851 115425 24958 14210 9371 5123 4143 3051 9465 595 90467 7036 11318 6068 2099 1478 467 1060 1200
is_linear=0
shrinkage=0.05


Tree=22
num_leaves=63
num_cat=0
split_feature=183 144 159 170 112 189 132 144 176 135 13 135 15 189 151 176 86 132 189 15 159 79 144 144 134 186 144 144 10 94 85 144 144 91 115 64 134 131 37 168 144 169 141 135 13 147 71 94 10 144 144 173 31 73 147 75 132 135 141 141 150 50
split_gain=302.808 192.8 87.4147 81.0025 67.1044 54.0256 59.5445 54.0236 107.511 49.1429 39.1877 36.9076 32.191 52.4995 31.2298 21.0622 19.5508 21.1436 22.8089 16.2497 29.3412 15.8296 24.0529 14.1326 14.4055 13.4514 13.0097 20.1355 19.2857 14.3858 10.5673 9.73856 13.8655 9.61637 10.4298 9.61592 8.21531 8.13932 12.1146 8.6474 7.85355 7.65347 7.55628 7.75169 6.88858 6.74184 6.49856 7.42355 6.49481 6.30145 7.62248 6.18351 5.83234 5.81322 5.76307 6.22853 5.6437 5.54459 5.30991 5.2994 5.29177 6.0887
threshold=1.0000000180025095e-35 0.95908960700035106 38.564739227294929 1.0000000180025095e-35 0.77599006891250621 0.19000000506639483 22.500000000000004 0.9146985411643983 1.0000000180025095e-35 5.2449998855590829 0.099703434854745879 5.2449998855590829 0.43228729069232946 -1.0000000180025095e-35 1.0000000180025095e-35 1.0000000180025095e-35 10.500000000000002 1.0000000180025095e-35 -1.0000000180025095e-35 0.39206241071224218 14.730658054351808 -1.4657769203186033 0.058734185993671424 0.9803157150745393 1.0000000180025095e-35 1.0000000180025095e-35 0.22797682136297229 0.50755655765533458 3.3252438306808476 637.50000000000011 13.500000000000002 0.23968885838985446 0.52938154339790355 1.0000000180025095e-35 1.0000016689300539 0.95652210712432872 1314.5000000000002 181.50000000000003 0.37334001064300543 1.0000000180025095e-35 0.26955579221248632 1.0000000180025095e-35 0.12229382991790773 389.50000000000006 0.3048671185970307 0.96723100543022167 0.6078576147556306 1931.5000000000002 -1.0000000180025095e-35 0.81995335221290599 0.69631826877594005 1.0000000180025095e-35 0.23456486314535144 1.0000000180025095e-35 0.94744113087654125 1.0000000180025095e-35 46.500000000000007 1.0000000180025095e-35 0.11523665860295297 0.17135158181190493 2.5000000000000004 2.5000000000000004
decision_type=2 2 2 2 2 2 2 2 2 2 2 2 2 2 2 2 2 2 2 2 2 2 2 2 2 2 2 2 2 2 2 2 2 2 2 2 2 2 2 2 2 2 2 2 2 2 2 2 2 2 2 2 2 2 2 2 2 2 2 2 2 2
left_child=1 2 3 5 9 12 21 52 33 15 26 -10 16 -14 23 19 17 30 57 -3 -21 -7 -23 24 -11 -8 29 -28 35 -5 -1 44 -33 34 -9 -29 53 38 40 59 -27 51 -34 45 -12 49 47 -16 -6 50 -44 58 -2 -31 -15 -56 -18 -19 -25 -39 61 -52
right_child=7 4 -4 10 48 6 25 8 11 14 31 -13 13 54 46 -17 56 18 -20 20 -22 22 -24 41 -26 37 27 28 -30 36 -32 32 42 -35 -36 -37 -38 39 -40 -41 -42 -43 43 -45 -46 -47 -48 -49 -50 -51 60 -53 -54 -55 55 -57 -58 -59 -60 -61 -62 -63
leaf_value=0.009187935527875819 -0.015810212444398421 0.053275623031320135 0.061779945812479156 0.018444622540053312 -0.021387887612629348 0.064822450117491756 0.064721593865903412 0.047766476151341483 0.098064877277640586 0.02687098681401022 0.04395769099201384 -0.014648464612238893 -0.023135584834038887 -0.0013563388423096124 0.010345788175518317 0.074317906080748897 -0.015625055416411484 0.0010989690200375441 0.0010989690200375441 0.00015714850698061455 0.061130153115679257 0.04931347653814315 0.009187935527875819 0.00015714850698061455 0.00015714850698061455 0.062098652359486611 0 0.085353795029754972 0.018928430795559448 0.11603811725392882 -0.002409276988887515 -0.0052640722230967441 -0.0093928235466445471 -0.022664195390574449 -0.013923003960892733 -0.00024309164478118962 0 0.0010989690200375441 0.004953220503289257 0.024848456873504489 0.018506518372709013 0.0016051318709716209 0.017982990091695971 -0.00031598578417356155 0.013468509167678916 -0.0030439422961270556 0.068353318555953627 0.050292551569403043 0.00015714850698061455 0.0096492842489715094 0.063044803199967678 0.00015714850698061455 -0.023570662586614288 0.0041110375354356642 -0.0097235428830271444 -0.0010893873853480964 0.00020095743640944727 -0.02327237688986647 0.032339370601940629 0.029226739022452264 0 -0.0073826994900357589
leaf_weight=611.36250752047636 397.57826651504001 70.853682727305568 54.828240496804938 13.249689983815189 29.962703658013197 47.334675441001309 4.5922406616737126 6.9034542874651406 30.772539883160789 50.70569022167183 30.74116273126856 7.1663769002261679 401.35109117460524 1291.3592411397985 27.311580425724969 83.49028225929942 201.8069770205766 13.788544801500391 1562.4880008344917 36.08221922548546 18.111412749247393 40.396331525291316 20.996049895999022 8.3332624735485279 99.014848233426164 9.9096754808269889 36.431106059724698 23.54426809640427 38.753652131723356 13.267360110010488 191.14850201099762 130.05780808480631 23.198213665149524 89.64537673452287 11.400931889955244 3.0209441627084734 2.4823082437651456 716.16887187870452 226.84065728941641 34.557993217458716 82.275309822696727 32.513663303907379 45.690039721026551 39.716326713503804 61.138286986402818 17.668998692097375 36.597819757182151 25.352014654781669 161.03485759449541 42.006924539382453 31.09186081707594 5.1626659699541042 1154.6364934675148 2.1452670999278771 575.85297307108704 339.2129811655177 72.999368620963651 123.077671099898 182.66654600534821 11.951031523931304 5.024095297951134 1.6035366495343613
leaf_count=39331 54609 845 451 379 4062 565 200 352 480 740 1296 944 58290 100002 423 783 17183 1722 111604 1061 167 355 473 164 5425 471 1271 794 1292 370 15963 7869 1302 12099 1309 92 73 41212 11978 2041 4474 1034 2535 2365 3626 1262 417 348 9983 2261 1626 134 173167 71 50562 28719 5295 17160 3273 685 269 82
internal_value=0.000234705 0.0042815 0.00158547 0.00107685 0.0264846 -0.000480282 0.00910997 -0.0189203 0.00977532 0.0338286 0.0192315 0.0769654 -0.00261986 -0.00660501 0.0242865 0.0540405 0.00111905 0.00252448 -0.00062536 0.0379728 0.0147331 0.0435811 0.0231787 0.0174756 0.00507849 0.00545298 0.0425598 0.0307649 0.0463972 0.0708158 0.00918794 0.0115214 0.00726018 -0.015979 0.0135269 0.0763312 0.0960038 0.00488173 0.0115404 0.00200684 0.0264036 0.025203 0.0152232 0.0186471 0.0256699 0.0239125 0.0504355 0.0327029 0.000157149 0.0278729 0.0357032 0.028853 -0.0216561 0.106507 -0.00354126 -0.00657337 -0.0114032 -0.0198317 0.0305541 0.00109897 0.0519657 0.0584064
internal_weight=9760.43 8062.32 7195.13 7140.3 867.193 6579.47 1195.02 1698.1 145.889 676.196 560.832 37.9389 5384.45 2607.78 467.658 208.538 2776.67 2501.87 1699.35 125.047 54.1936 108.727 61.3924 378.397 149.721 1086.3 132.895 101.75 65.3189 31.1446 802.511 427.937 336.058 107.95 18.3044 26.5652 17.8949 1081.7 319.026 762.678 92.185 228.676 206 182.802 91.8794 143.085 89.2614 52.6636 190.998 125.416 83.4095 196.162 1552.21 15.4126 2206.43 915.066 274.806 136.866 191 728.12 37.7195 32.6954
internal_count=809390 566430 537571 537120 28859 508285 62454 242960 15184 14814 28835 1424 445831 237573 11958 2856 208258 185780 130486 2073 1228 1393 828 10770 6165 61061 4342 3449 2178 893 55294 24493 19571 13760 1661 886 514 60861 16923 43938 4945 4605 11702 10400 4922 8035 1188 771 14045 6773 4512 3571 227776 441 179283 79281 22478 18882 3437 41897 1977 1708
is_linear=0
shrinkage=0.05


Tree=23
num_leaves=63
num_cat=0
split_feature=183 144 159 112 147 144 176 110 180 190 170 147 85 132 135 142 170 172 144 133 8 144 172 135 142 147 95 152 132 138 187 66 147 91 45 148 151 141 79 152 99 135 79 94 63 110 7 141 141 110 0 95 79 94 187 144 142 135 133 86 159 141
split_gain=279.808 188.414 70.8739 62.2753 59.3368 49.8868 100.422 47.412 39.0134 36.9918 34.2814 32.2082 30.262 27.8089 24.7903 19.4803 17.9274 16.2519 29.0234 19.6016 15.9283 13.635 15.2455 13.5874 13.3271 13.3123 12.5103 12.4029 18.8906 12.1859 11.9173 10.1622 9.83189 9.46491 10.8833 9.37116 9.00741 8.46776 8.17244 11.1458 8.09019 9.7674 9.90643 7.99907 7.95708 7.82884 7.55769 8.3418 7.49312 7.98596 7.08712 7.07546 6.31015 6.24973 6.19783 5.54476 8.78028 6.58278 5.641 5.54181 5.31472 5.30693
threshold=1.0000000180025095e-35 0.95908960700035106 38.564739227294929 0.77599006891250621 0.79431909322738659 0.9146985411643983 1.0000000180025095e-35 3.5000000000000004 1.0000000180025095e-35 1.0000000180025095e-35 1.0000000180025095e-35 0.6900656819343568 9.5000000000000018 13.500000000000002 7.1900000572204599 31.629706382751468 1.0000000180025095e-35 1.0000000180025095e-35 0.92783483862876903 -1.0000000180025095e-35 3.0657935142517094 0.9803157150745393 1.0000000180025095e-35 5.2449998855590829 0.09801922366023065 0.94706699252128612 0.6637549400329591 1.0681758522987368 22.500000000000004 1.0000000180025095e-35 5.5000000000000009 0.96300426125526439 0.960046947002411 1.0000000180025095e-35 0.22744696587324145 1.0000000180025095e-35 1.0000000180025095e-35 0.12015969678759576 -1.5120856761932371 0.41164211928844457 -1.0000000180025095e-35 -1.0000000180025095e-35 -0.36009383201599116 157.50000000000003 0.77921530604362499 8.0000000000000018 0.71338161826133739 0.13295985758304599 0.10856039449572565 3.5000000000000004 -1.0000000180025095e-35 0.54332983493804943 -1.8320782184600828 12265.500000000002 1.5000000000000002 0.11009996384382249 0.045236393809318549 1.0000000180025095e-35 18.500000000000004 1.5000000000000002 14.09138870239258 0.1278403773903847
decision_type=2 2 2 2 2 2 2 2 2 2 2 2 2 2 2 2 2 2 2 2 2 2 2 2 2 2 2 2 2 2 2 2 2 2 2 2 2 2 2 2 2 2 2 2 2 2 2 2 2 2 2 2 2 2 2 2 2 2 2 2 2 2
left_child=1 2 4 7 8 52 33 14 10 16 17 -8 21 23 30 -14 25 29 19 -19 26 22 -9 -11 -22 27 -12 40 -29 46 -3 -10 48 34 -7 53 -18 -23 39 -31 41 42 -6 -17 -30 -4 -1 -48 -15 -50 -5 -51 -2 -21 -49 57 -57 -43 -59 -26 -40 -38
right_child=5 3 45 50 9 6 11 12 31 13 20 -13 15 32 -16 43 36 18 -20 35 24 37 -24 -25 59 -27 -28 28 44 38 -32 -33 -34 -35 -36 -37 61 -39 60 -41 -42 55 -44 -45 -46 -47 47 54 49 51 -52 -53 -54 -55 -56 56 -58 58 -60 -61 -62 -63
leaf_value=-0.0018268743768410887 -0.023850859002841125 0.075705591997371979 0.060668615123122771 -0.021360052845383847 -0.014867056561542925 0.048572666091929145 0.092990222157256955 0.0061932302837592879 0.084524024448477841 0.04081362998752517 0.06105648878365294 -0.013503482276417254 0.0014473076518064308 -0.01184563858430094 0.0013155471445885571 0.0053644486847857498 0.0052180689120690724 0.075743625790526681 0.092450655087318701 -0.0066302025278446881 0.059791483769553802 0.0021256754076851548 0.043932135700646274 0 0.024068590944321722 -0.0086588164959505737 0.011837675796157549 0.033335994022279117 -0.0028424744686358096 0.063128733047391181 0.010894886991351681 -0.0067799084478468181 -0.0040974874310834254 -0.022666850204372497 -0.014202747510186837 0.023224667985535633 -0.0065899904890703055 0.045681386910653821 0.0051618032208273568 0.0094397261749464313 -0.012622504639130207 0.01815539802892106 0.039034412683140271 0.042513276771994873 0.021437532115805381 0 -0.0065214194662243947 0.030062175562707634 0.0159888179616362 0.0026722036332641769 0.0013155471445885571 0.014388125762132359 -0.016696400764691501 0.019045347059446667 0.00092536306728309599 0.03095325077186898 -0.0026364706331474808 -0.022819721576848168 -0.0043785137780416655 -0.0045300355939905243 0.04083657793352985 0.042559200341246925
leaf_weight=606.50335098608775 899.68276647143648 92.182098792269244 50.648847610107623 29.627050413662801 8.4905879409852805 6.8108829904522308 31.346722583562951 78.318428527098149 17.001169836148623 72.517732263513608 50.122063310467638 6.8970096627090234 157.13105268412619 53.804941113310633 16.005124000352225 23.956362336844904 238.16728529083775 7.1380160987609989 7.9625291360716792 85.506743033824023 8.365477621991884 13.57611919280316 39.064986857265467 27.658762179751648 19.305448499042541 1295.0858297624582 22.375580532025197 50.994707875026506 205.87732168038201 14.118931452168907 10.63793800632993 2.1488172719546119 332.24968377753976 87.934829995407199 11.834987386435385 66.726045003990293 4.3105594052467522 209.59115460774046 139.73091113049304 26.728066040202975 224.55076938179991 12.593066492256183 21.91524325098726 50.863270763788023 35.064664953206375 5.3417616887018076 38.536205585573043 51.940530538275198 180.30918337740877 840.60849360920838 161.89200172161509 150.37029133009491 625.51042741807032 27.106055022653891 30.014894111569447 14.576744333680834 1893.6502912738069 85.91490263966989 89.097279724810505 49.297555322293192 6.9219195072946595 22.406850490937359
leaf_count=43179 139591 917 413 4050 1002 289 496 2580 584 854 1702 927 5490 3286 1050 486 15181 189 270 5008 221 185 455 1482 555 123775 680 3472 17206 316 266 79 23713 12212 1364 3564 169 2611 6679 1295 23375 1334 807 785 3130 38 2774 3313 11051 51008 10056 8701 88451 1650 2317 1097 150032 12420 6555 1742 273 880
internal_value=0.000263801 0.00412108 0.00143431 0.0258543 0.000971457 -0.0183326 0.00932613 0.0327998 0.0107149 -0.00115572 0.00944376 0.0738659 0.0263361 0.0051537 0.0614191 0.0118798 -0.00365322 0.00630958 0.0192789 0.0136914 0.0315784 0.0357956 0.0202387 0.0300788 0.0138855 -0.00450708 0.0479321 -0.00245054 0.00716016 0.00343502 0.0700482 0.0739611 0.00344325 -0.0158805 0.0130925 0.0090985 0.00879606 0.0432459 0.0146254 0.0334037 -0.00366734 -0.00268246 0.0233028 0.032013 0.000953372 0.0551127 0.000434566 0.0116362 0.005517 0.00638279 0.000459642 0.00453838 -0.0209972 0 0.0203456 -0.00312591 -0.00228659 -0.0112523 -0.0139527 0.00426651 0.00830135 0.0340525
internal_weight=9746.62 8076.6 7193.76 882.846 7137.77 1670.02 144.824 691.327 1277.55 5860.22 1258.4 38.2437 572.501 1657.52 118.825 231.951 4202.7 1108.93 194.439 186.477 149.466 340.551 117.383 100.176 76.9685 3937.81 72.4976 2642.73 291.937 914.495 102.82 19.15 1557.34 106.581 18.6459 179.339 264.885 223.167 187.5 40.847 2350.79 2126.24 30.4058 74.8196 240.942 55.9906 726.995 120.492 1225.09 1171.29 191.519 990.979 1525.19 112.613 81.9554 2095.83 1908.23 187.605 175.012 68.603 146.653 26.7174
internal_count=809632 566302 537371 28931 536920 243330 15288 14825 76390 460530 75727 1423 12592 100095 2233 6761 360435 70827 10681 10411 4900 5831 3035 2336 2518 344205 2382 220430 23808 60146 1183 663 97759 13865 1653 10222 16230 2796 8563 1611 196622 173247 1809 1271 20336 451 51583 8404 74046 70760 14106 59709 228042 6658 5630 171438 151129 20309 18975 2297 6952 1049
is_linear=0
shrinkage=0.05


Tree=24
num_leaves=63
num_cat=0
split_feature=183 143 147 159 39 135 177 106 147 116 112 110 79 180 134 116 139 116 135 159 159 130 135 169 139 86 171 135 95 86 147 73 1 86 130 76 94 17 86 39 11 110 140 147 159 39 187 9 135 45 130 71 94 95 68 143 68 11 13 135 133 182
split_gain=265.699 110.306 84.7346 47.1318 40.1371 55.7173 39.7716 37.0278 27.8712 21.5858 21.2237 20.9629 18.7605 17.4463 15.7849 15.6483 12.3242 26.6434 14.0359 11.6968 10.7964 15.2466 9.73876 9.52394 14.6231 22.565 28.1964 13.9575 10.9364 8.93913 8.34772 7.82849 7.69934 9.79412 9.23362 7.68318 7.02139 6.94612 6.72486 6.54632 7.10185 6.34404 6.27738 5.90265 5.81754 5.78962 5.67095 5.66246 5.63103 5.7497 5.62822 5.62658 7.99608 5.40258 5.70631 4.97261 4.86831 4.76758 5.36719 4.74135 15.6276 8.00971
threshold=1.0000000180025095e-35 2.360770702362061 0.79087123274803173 38.564739227294929 0.92854586243629467 4.0250000953674325 1.0000000180025095e-35 0.9506097435951234 0.93552905321121227 2.5000000000000004 0.77599006891250621 3.5000000000000004 -1.2970995306968687 1.0000000180025095e-35 187.50000000000003 7.5000000000000009 0.15667280554771426 -1.0000000180025095e-35 89.500000000000014 14.09138870239258 13.55137872695923 218.50000000000003 4.0250000953674325 1.0000000180025095e-35 0.15667280554771426 2.5000000000000004 1.0000000180025095e-35 4.0250000953674325 0.65086853504180919 4.5000000000000009 0.72804316878318798 1.0000000180025095e-35 0.90755122900009166 1.0000000180025095e-35 218.50000000000003 1249.5540161132815 1.5000000000000002 0.38751944899559027 3.5000000000000004 0.85535460710525524 0.47792075574398046 8.0000000000000018 0.13879466056823733 0.67028987407684337 0.28478538990020758 0.99130234122276317 5.5000000000000009 0.78952744603157055 4.0250000953674325 0.52976572513580333 1442.5000000000002 -1.0000000180025095e-35 318.50000000000006 0.68764951825141918 -0.59012070298194874 -0.18951044231653211 -0.97858545184135426 0.66267585754394542 0.10933055728673936 4.0250000953674325 28.500000000000004 1.0000000180025095e-35
decision_type=2 2 2 2 2 2 2 2 2 2 2 2 2 2 2 2 2 2 2 2 2 2 2 2 2 2 2 2 2 2 2 2 2 2 2 2 2 2 2 2 2 2 2 2 2 2 2 2 2 2 2 2 2 2 2 2 2 2 2 2 2 2
left_child=1 2 9 8 43 6 12 10 16 13 11 15 -6 19 56 46 17 -4 32 23 21 -16 -19 24 36 26 28 -27 30 -20 37 -5 33 34 -18 -34 -1 -26 -15 -11 -41 -22 -29 48 -12 59 -3 -31 49 -2 -39 -23 -53 54 -44 -25 -13 58 -21 60 -10 -61
right_child=4 7 3 31 5 -7 -8 -9 45 39 44 14 -14 38 20 -17 18 22 29 57 41 51 -24 55 25 27 -28 42 -30 47 -32 -33 35 -35 -36 -37 -38 50 -40 40 -42 -43 53 -45 -46 -47 -48 -49 -50 -51 -52 52 -54 -55 -56 -57 -58 -59 -60 61 -62 -63
leaf_value=0.0054724069797187245 -0.010411676979692605 0.069091134302321208 -0.01771668908611302 0.059756341850070963 -0.011121106804236017 -0.019581295210316686 -0.016515021012916849 -0.011321972786312404 -0.0027315969755159629 -0.0022557880351799634 -0.019284177862143898 0.0062438680286774316 0.082978388386989704 0.079268551984497559 0.0062438680286774316 0.0062444680182380703 0.076715639936472457 0.0063635952888082929 0.0078664479857596566 0.00032840763940076851 0.053469055839737413 0.011255807460542668 -0.0013166061087905071 -0.0010352399072984639 0.0054724069797187245 0.039464798439458312 0.0054724069797187245 0.0054724069797187245 0.024597445923687674 -0.0013166061087905071 0.020830223896691001 0 0.048053303588765924 0.00813363795174008 0.0063635952888082929 0.0063635952888082929 -0.010702604718994362 0.064450637889126333 0.00960289315305503 0.0022898789070606102 0.029168834600643557 0.0062438680286774316 0.0054724069797187245 -0.022670981340770318 0.0062438680286774316 0.019760743091935252 0.013219198661499693 0.0098523672846753448 -0.019079755411111746 0.018304816370748041 0.0054724069797187245 0.0062438680286774316 0.037975876622716856 0.0054724069797187245 0.032715298839646662 0.018066766874434131 0.041282326215337922 0 0.064576893402682189 -0.010044762272261693 0.038668843559751157 -0.003354086261653207
leaf_weight=132.65801797263703 150.60942181067367 58.756430962093873 197.97169424425374 32.822434246423654 4.3617783940280779 70.022133984479296 15.632327808561966 69.774084059150482 525.45257261084771 220.42776860848971 17.137482558013289 14.576752713845051 32.82002649561764 11.597570078622086 88.649521471808839 16.934382473118603 5.8198259213531882 632.27367315537413 486.80241517644026 4.7646873497869882 26.251111012097681 75.764072665726417 1158.4428959092547 123.34844922437333 3.6135956791258641 35.969198372302344 50.576809987745946 165.03268545244646 84.07910597549926 625.3243213006499 27.57649007292639 7.1528538332786402 26.003299137562863 325.94712430691288 10.450095826730829 21.342031898049754 61.618948111761711 81.552935147410608 7.4657101723860242 69.816263092339796 35.891761891281931 6.4656460371334097 24.454147181051667 996.88327768450836 101.01439133036183 18.468714590278978 9.0502738845607364 109.5313678705279 351.53054676306056 14.476712250863782 1.8762898423155991 26.053065820538905 83.093404537517927 16.844434134050971 56.084545690930099 40.775355982361361 141.5512663059053 3.9856702614488304 18.035947573123849 805.6043267692221 18.790572706806415 1051.7210823264759
leaf_count=7170 20150 611 25948 279 546 10082 1980 6489 40158 16602 2472 234 684 338 4629 1137 241 37309 28906 60 256 1806 94879 6961 146 1221 2879 9100 2644 42757 978 61 947 18244 458 1227 6122 2281 291 5128 2508 41 1229 157254 5764 1406 307 7320 51079 1511 50 554 1910 858 2777 2299 2786 84 307 79134 202 85854
internal_value=0.000284773 0.00401358 0.00215275 -0.000314416 -0.0180527 0.00899086 0.0457222 0.0224158 -0.000698919 0.013826 0.0260495 0.0301858 0.0713372 0.017618 0.0253833 0.0532388 0.00208493 -0.000537913 0.00532936 0.0163923 0.0181257 0.0142065 0.0013914 0.0152011 0.0176119 0.0217845 0.0328597 0.0120608 0.0412739 0.0026437 0.0517584 0.0506731 0.0135479 0.0105129 0.0438863 0.031908 0.00547241 0.0596214 0.0606888 0.00258374 0.0125473 0.0440055 0.00754337 -0.0202864 0.00624387 -0.00484608 0.0633971 -0.000812077 -0.0154638 -0.00728241 0.0624541 0.0233637 0.0306883 0.0184577 0.0244005 0.00395652 0.038461 0.0471711 0.0545238 -0.00508637 -0.000917679 -0.00628873
internal_weight=9709.38 8073.04 7337.97 6059.92 1636.34 122.836 52.8141 735.072 6019.95 1278.05 665.298 547.146 37.1818 951.911 462.405 84.7411 3599.91 1988.69 1611.22 932.847 306.277 273.56 1790.72 906.061 741.937 547.66 249.275 298.385 198.698 1221.66 114.619 39.9753 389.562 342.217 16.2699 47.3453 194.277 87.0428 19.0633 326.136 105.708 32.7168 262.416 1513.5 118.152 2420.04 67.8067 734.856 516.617 165.086 83.4292 184.911 109.146 97.3831 80.5387 164.124 156.128 26.7863 22.8006 2401.57 544.243 1857.33
internal_count=809645 566359 537363 465330 243286 13292 3210 28996 464990 72033 22507 14271 1230 47795 12216 2055 258236 158136 100100 47166 9196 8899 132188 46715 37455 24163 8978 15185 6099 78983 3455 340 21117 18943 699 2174 13292 2477 629 24238 7636 297 13964 229994 8236 206754 918 50077 72740 21661 2331 4270 2464 4864 4006 9260 3020 451 367 205348 40360 164988
is_linear=0
shrinkage=0.05


Tree=25
num_leaves=63
num_cat=0
split_feature=83 142 85 190 112 78 176 97 116 164 132 142 151 112 135 142 130 169 90 175 142 38 8 140 97 142 135 29 133 142 134 135 116 106 76 135 78 95 187 75 135 94 106 43 75 64 168 56 45 76 142 134 142 76 142 186 133 135 60 130 142 64
split_gain=237.626 120.131 70.7686 37.8584 32.2079 29.108 70.4181 61.5526 24.1749 23.1517 22.9285 18.1836 16.54 15.9214 31.2006 13.1114 12.7464 12.5583 11.398 11.0504 11.2064 11.6548 10.6516 10.4794 10.1962 12.2604 9.29265 8.86636 8.75207 8.54734 8.4792 8.03531 7.96628 7.95962 16.0298 15.069 7.21419 7.32113 7.17698 7.07849 7.00334 6.63307 6.59343 16.639 9.76693 6.11458 5.9769 5.91433 5.83912 6.39421 7.64334 5.76644 8.6024 5.64891 24.7731 5.62372 5.58403 5.36537 5.34521 5.86492 5.25494 7.83351
threshold=1.0000000180025095e-35 24.533968925476078 5.5000000000000009 1.0000000180025095e-35 0.79259186983108532 -1.0000000180025095e-35 1.0000000180025095e-35 4.0250000953674325 4.5000000000000009 1.0000000180025095e-35 13.500000000000002 1.0000000180025095e-35 1.0000000180025095e-35 0.80425578355789196 -1.0000000180025095e-35 7.4041786193847665 122.50000000000001 1.0000000180025095e-35 1.0000000180025095e-35 1.0000000180025095e-35 7.4041786193847665 4.9067966938018808 2.0018552541732793 0.13725043833255771 -1.0000000180025095e-35 8.6085252761840838 4.0250000953674325 0.32533317804336553 364.50000000000006 0.16684632003307345 55.500000000000007 362.50000000000006 14.500000000000002 0.35416667163372045 690.61526489257824 -1.0000000180025095e-35 0.058223888278007514 0.6531071960926057 2.5000000000000004 -1.0000000180025095e-35 1.0000000180025095e-35 245.50000000000003 0.57738095521926891 0.7766152322292329 -1.0000000180025095e-35 0.85667997598648082 1.0000000180025095e-35 1.0000000180025095e-35 0.40507477521896368 13824.058593750002 3.0659281015396123 111.50000000000001 0.08460803329944612 1249.5540161132815 0.070575341582298293 2.5000000000000004 56.500000000000007 71.500000000000014 1.0000000180025095e-35 1305.5000000000002 0.17810153216123584 0.22031114250421527
decision_type=2 2 2 2 2 2 2 2 2 2 2 2 2 2 2 2 2 2 2 2 2 2 2 2 2 2 2 2 2 2 2 2 2 2 2 2 2 2 2 2 2 2 2 2 2 2 2 2 2 2 2 2 2 2 2 2 2 2 2 2 2 2
left_child=1 2 8 11 26 6 42 -8 12 10 16 40 15 14 -13 33 -5 28 -6 20 22 30 29 -24 25 -12 -3 45 31 51 -22 36 -23 34 55 -36 37 38 58 -27 -4 -28 43 -2 -45 -17 -26 -21 49 -31 -51 52 -16 -18 -55 -1 -42 -29 59 -14 61 -37
right_child=5 4 3 9 18 -7 7 -9 -10 -11 24 13 17 -15 19 27 53 -19 -20 47 21 32 23 -25 46 39 41 57 -30 48 -32 -33 -34 -35 35 60 -38 -39 -40 -41 56 -43 -44 44 -46 -47 -48 -49 -50 50 -52 -53 -54 54 -56 -57 -58 -59 -60 -61 -62 -63
leaf_value=0 -0.0098733512591499973 0.051929737821877667 0.012105277780450268 0.0043009170529171208 0.019618879804988193 -0.021706861300774052 0.08542215292060773 -0.015649284144815517 0.0013652855199618626 0.061470657122787764 0.0063479010412997349 0.038692935337296369 0.040883980930731506 -0.013401946383948702 0.04432877974869813 0.049489079225255493 0.06202294484330665 0.0012494443995213361 -0.011752615761723383 -0.013401946383948702 0.018785277087142505 0.058681162250711287 -0.0010741438258727728 0.01499481299763823 -0.00018909761527141503 0.0374994695865805 0.019618879804988193 -0.0078720783637884779 0.03747487017050382 -0.012909701905733451 -0.00012188057022011591 -0.013164457519837573 -0.0082082814217709892 -0.0069976190989973642 0.058778719885802001 0.0014326806155696896 -0.011640109344512241 0.0092598465148545223 0 -0.002023646507499624 -0.022360679036711073 0.03638986120771464 -0.017126723880087909 0.0026550963283474395 0.086201722149199023 0.0046559085478403489 0.019318797850572791 -0.0031425334733115131 -0.0022372562080983905 -0.006392833989022669 0.013063169215432725 0.0013753693825931698 0.004146889320112963 0.04509657926647731 -0.039003121299840841 0.037248080553791155 -0.0052266759032745108 0.022773784485188412 -0.0074141530534923596 0 0.0038677143424317838 0.030789357593111539
leaf_weight=11.833525512884078 107.95476301446615 97.916222009676858 17.233009706542362 37.019686263432959 59.596135039035289 1104.3450460976455 31.031892393017188 22.977268437665771 463.16738705292664 13.758524539414791 587.22431562314159 43.776123429030122 101.58880746051727 274.96658175793709 17.204496500591631 40.543836324904987 22.760351325501688 59.366500204603653 47.06339609342831 96.936952018368174 79.086372263234807 12.847160349949265 229.83220761989651 172.19443849872914 923.85367734965985 47.85687569862057 56.309831761092937 20.55209106222901 127.89919495630602 313.07562354543188 192.22979074792966 13.338649815843381 3.6401933899905989 71.334757234064455 9.0184771465428621 46.748926651023794 11.107240524936058 66.120307200471871 17.276484705755138 12.298356193961807 174.33824114695017 152.40888552187243 343.26148424849089 8.3761740433692449 2.5457588380886582 12.003181031919665 35.913406026302255 159.79007637195173 1775.431250935304 264.36365764401125 56.723138579138322 186.98995290110179 40.403964640980121 26.126246780157089 7.5456012025242662 60.913673346214637 75.521432815323351 27.232364458330267 4.4218687810935071 8.6933360646362399 526.21273223660683 44.12697552319878
leaf_count=832 15115 1181 2032 1802 3310 175564 425 3345 34806 126 36485 1723 3408 30049 1290 1207 225 3030 5234 14129 2706 250 16747 11523 56328 1401 1704 1306 4328 27657 11936 1292 288 6182 227 2743 501 2348 1053 469 26141 2430 48881 689 133 365 1963 13431 143140 22250 4301 15042 3167 247 81 2429 6000 877 592 284 28571 2286
internal_value=0.000313722 0.00383207 0.00239922 -0.000214313 0.0299294 -0.0171235 -0.00715489 0.0443168 0.0112344 0.00602912 0.00538703 -0.00278103 0.014766 -0.00190345 -0.00101191 0.010708 0.0288656 0.0230927 0.00564594 -0.00155454 -0.000770949 0.00856178 -0.00167053 0.00584668 0.003921 0.00874718 0.0380698 0.0274466 0.0266531 -0.0028274 0.00553912 0.0196371 0.0442759 0.00833225 0.00997114 0.00719417 0.0221036 0.0243587 0.0311263 0.0295003 -0.0152957 0.030388 -0.0136338 -0.00306167 0.0446537 0.0409767 0.000611291 -0.011456 -0.00373986 -0.00785709 -0.00273147 0.00595613 0.0191281 0.0429115 0.0229979 0.0315502 -0.0174841 0.00962224 0.0354763 0.0376599 0.00593373 0.0168106
internal_weight=9678.23 8057.74 7644.44 5900.94 413.294 1620.49 516.147 54.0092 1743.5 1714.36 1700.6 4186.58 1280.33 3919.49 3644.53 870.521 93.4519 409.812 106.66 3600.75 3344.02 287.804 3056.22 402.027 1607.15 647.38 306.635 100.331 350.446 2654.19 271.316 222.547 16.4874 770.189 698.854 626.107 209.208 198.101 131.98 60.1552 267.093 208.719 462.138 118.877 10.9219 52.547 959.767 256.727 2409.59 634.162 321.087 244.598 57.6085 56.4322 33.6718 72.7472 249.86 47.7845 114.704 110.282 617.089 90.8759
internal_count=809607 565455 551596 452929 13859 244152 68588 3770 98667 99127 99001 353802 63861 319629 289580 47025 2355 16836 8544 287857 260297 15180 245117 28270 96646 38355 5315 3755 13806 216847 14642 9478 538 43270 37088 33827 8186 7685 5337 1870 34173 4134 64818 15937 822 1572 58291 27560 197348 54208 26551 19499 4457 553 328 3261 32141 2183 4284 3692 33600 5029
is_linear=0
shrinkage=0.05


Tree=26
num_leaves=63
num_cat=0
split_feature=183 159 142 147 112 147 69 43 177 180 110 135 187 135 190 110 181 187 3 135 18 98 152 135 186 141 5 98 135 31 110 13 147 89 135 43 135 27 69 147 163 75 130 141 6 135 151 142 159 68 85 7 168 76 159 25 141 11 7 13 130 68
split_gain=222.559 107.91 76.8481 60.3371 43.6908 26.4153 26.1146 32.2312 29.055 21.0584 20.6855 25.4044 23.0715 17.3668 15.7301 15.3273 12.9493 12.2788 15.0743 11.4291 11.2525 14.961 13.0528 11.7411 10.0599 9.88439 9.12298 8.89693 15.4591 7.88079 7.84331 9.32496 7.82158 7.81421 9.06913 7.73593 23.5335 11.3804 7.69731 8.66625 8.84822 7.57896 7.69659 7.26604 7.24961 9.90826 7.22254 6.55077 6.38699 6.33592 6.09674 5.9233 5.55973 6.19616 5.73568 6.85787 5.48244 5.40507 6.11836 5.39277 5.38387 5.72453
threshold=1.0000000180025095e-35 38.564739227294929 13.826690196990969 0.79087123274803173 0.77599006891250621 0.94899407029151928 -1.0000000180025095e-35 0.85098305344581615 1.0000000180025095e-35 1.0000000180025095e-35 3.5000000000000004 7.1900000572204599 1.0000000180025095e-35 4.0250000953674325 1.0000000180025095e-35 8.0000000000000018 1.0000000180025095e-35 1.0000000180025095e-35 0.43775583803653723 4.0250000953674325 -1.0000000180025095e-35 1.0000000180025095e-35 1.0853565931320193 -1.0000000180025095e-35 13.500000000000002 0.10577069222927095 0.64620849490165722 -1.0000000180025095e-35 9.5000000000000018 0.27587078511714941 2.5000000000000004 0.37238079309463507 0.95920351147651683 2.5000000000000004 1.5000000000000002 0.95151418447494518 4.0250000953674325 0.59894278645515453 0.51779779791831981 0.75147059559822094 1.5000000000000002 0.26666667312383657 60.500000000000007 0.1596280708909035 2.3322160243988042 1.0000000180025095e-35 1.0000000180025095e-35 2.0854771137237553 0.56111687421798717 -0.73400774598121632 2.5000000000000004 0.82658624649047863 1.0000000180025095e-35 28407.298828125004 5.1994032859802255 0.55689921975135814 0.12229382991790773 0.20497551560401919 0.53924182057380687 0.30733391642570501 836.50000000000011 -0.97858545184135426
decision_type=2 2 2 2 2 2 2 2 2 2 2 2 2 2 2 2 2 2 2 2 2 2 2 2 2 2 2 2 2 2 2 2 2 2 2 2 2 2 2 2 2 2 2 2 2 2 2 2 2 2 2 2 2 2 2 2 2 2 2 2 2 2
left_child=1 2 3 9 10 14 7 -2 13 17 11 -4 16 -9 20 -3 32 18 19 29 22 33 23 -5 47 -16 49 28 44 38 31 59 60 -22 -35 -8 37 -37 -1 40 -40 -7 -43 -19 45 -27 -25 50 -6 -26 -21 -20 53 54 -32 -56 -51 -49 -59 -29 61 -12
right_child=6 15 4 5 48 41 35 8 -10 -11 12 -13 -14 -15 25 -17 -18 43 51 24 21 -23 -24 46 26 27 -28 30 -30 -31 52 -33 -34 34 -36 36 -38 -39 39 -41 -42 42 -44 -45 -46 -47 -48 57 -50 56 -52 -53 -54 -55 55 -57 -58 58 -60 -61 -62 -63
leaf_value=-0.0030948720008652231 -0.011425992885673036 0.062792063518685881 0.060594265005194596 0.031071884847281218 -0.020542690936325193 -0.0078760921766129217 -0.020678676530491404 0.069918748868087105 -0.015368740625819289 0.057042600556057255 0.0046853968592174312 -0.0017156998897149966 -0.0020261965204398545 -0.010162289383774803 -0.015847558741325176 0.0042909475411978546 -0.0020261965204398545 0.002174037245233094 -0.014112305930789968 0.015464140598585597 -0.018672120960233456 4.363296123305186e-05 0.028407143656500218 0 0.00048316460964677161 0.014914018792396996 -0.015053665502333561 0.011421294616033811 0.0066524397903648435 0.017839156418830184 -0.0021451308222814789 0.0040912823056866252 0.0048821371244698077 -0.0213675173373758 -0.00094528957277601822 0.060852116115513402 -0.018408559713207283 -0.01091643893512236 0.07585307560213439 0 -0.0044793449777702872 -0.0045202356910488727 0.0084394541164435309 0.032327179507364516 0.0055002933180972905 0.04855472539131394 0.013177823573035896 0.025292997868653362 -0.0020261965204398545 0 0.0029647021674201351 0.019548452410170683 0.02412878226780945 -0.0081268879694569619 -0.0026357064460440977 0.017898738029243254 0.053953056566055514 -0.0077002993795882244 0.022765100646773839 0.058316117169657095 0.018023608460791794 0.038562904305925738
leaf_weight=4.7475627316161981 203.58025826365338 82.302986045368016 72.715269252650614 28.48370410563075 41.335719318238262 1242.4336270512285 1234.6465265496518 28.473211764037842 19.464680379474885 19.983173533328227 16.722261161427014 19.399891808141547 63.98843530954764 6.3852575354394494 43.210545990295941 14.793805251247248 28.586724637585576 453.35833686435944 59.875605595720117 153.41252550087665 182.50128333728208 999.43448121590336 42.849633236663067 1275.3271822569659 9.8453910295793303 52.656274148044758 5.4422673370281691 16.959279423739648 392.85098794188525 63.697212625440443 202.97377825976582 63.373436841677176 34.906428485308425 65.52528749332123 252.52061993064854 12.156454013616896 66.278446940414142 5.4114471344291806 23.874744368222313 6.3733856346079838 2.6264470083988263 393.76616221273434 155.32246700819815 16.178882909211097 37.401095056615304 48.766102682697237 107.88795861354447 118.07436587422853 139.64549627216184 5.1895015552872783 279.55352683310775 11.235282981113413 19.414151662087534 166.72603109460033 60.665383698185906 101.90603389195167 34.978205432504183 33.091495838190895 23.634069970590645 12.202048604260197 79.776734220678918 192.08730526976433
leaf_count=165 28787 663 939 952 6209 110130 199004 775 2230 635 238 1348 3199 787 2523 104 1918 31543 4446 7067 27501 78018 2647 90352 276 2687 196 839 22095 2034 12145 3633 938 10293 22491 325 10407 795 833 249 105 35207 11844 1111 1356 909 6069 5239 8655 139 15988 521 1045 9960 3627 6047 889 1750 1210 632 1536 2979
internal_value=0.000314572 0.00367362 0.00301482 0.00149639 0.018915 -0.00064637 -0.0168367 -0.00212825 0.0303206 0.0111268 0.0263687 0.0478014 0.021053 0.0551879 0.00152932 0.0547703 0.0260802 0.0101898 0.0138219 0.0158764 -0.00043668 -0.00347685 0.0026825 0.00178652 0.0132339 0.0062967 0.0331387 0.00719526 0.0119726 0.0315027 0.00315218 0.0162372 0.0289195 -0.0104865 -0.00549576 -0.019676 -0.00429711 0.0401167 0.049243 0.0568722 0.0676507 -0.00571904 -0.000766092 0.00359538 0.0260994 0.0328454 0.00105572 0.0111214 -0.0020262 0.0397288 0.00757668 -0.00753072 0.000786374 -0.000235115 0.00335796 0.0102369 0.0476763 0.0193074 0.00540362 0.0374388 0.0316092 0.0361398
internal_weight=9652.99 8076.59 7979.49 7290.33 689.164 5965.16 1576.4 257.903 54.3231 1325.17 508.183 92.1152 416.068 34.8585 4173.64 97.0968 352.079 1305.19 835.652 764.541 2954.53 1499.98 1454.55 1411.7 663.221 1219.11 55.4554 1175.89 531.674 101.319 644.22 92.5348 323.493 500.547 318.046 1318.49 83.8463 17.5679 37.6221 32.8746 26.5012 1791.52 549.089 469.537 138.823 101.422 1383.22 607.766 180.981 50.0131 432.966 71.1109 551.685 532.271 365.545 162.571 40.1677 174.8 56.7256 29.1613 288.586 208.81
internal_count=809234 566124 565357 537398 27959 463002 243110 32579 3792 74396 13095 2287 10808 1562 305821 767 7609 73761 41107 36140 238323 138303 100020 97373 32754 67498 1500 64975 27047 3386 37928 5104 5691 60285 32784 210531 11527 1120 1352 1187 938 157181 47051 32654 4952 3596 96421 31254 14864 1304 23055 4967 32824 31779 21819 9674 1028 8199 2960 1471 4753 3217
is_linear=0
shrinkage=0.05


Tree=27
num_leaves=63
num_cat=0
split_feature=183 144 112 110 144 176 147 32 136 151 142 142 144 144 177 136 10 142 169 179 77 9 144 187 9 187 177 31 76 41 140 76 186 141 8 152 8 67 147 65 13 141 71 144 7 16 75 144 186 79 94 169 22 94 7 5 45 97 41 47 4 152
split_gain=197.969 125.529 46.9684 46.2073 38.4417 66.1754 37.2435 27.0329 32.89 25.7263 25.9759 24.2043 22.6077 31.2133 20.8517 19.8246 17.4739 12.9861 12.8553 13.4618 12.88 11.5143 11.45 15.3372 10.8169 10.085 9.90436 9.49045 8.25855 10.6701 8.02909 7.78253 7.69292 7.65575 8.52418 8.0696 7.62009 7.36935 6.94237 6.79299 6.31535 6.26347 6.23264 5.88274 5.82515 5.7789 5.71968 5.63844 6.24199 5.61255 5.50328 5.3057 5.15304 5.15091 5.07335 4.82566 4.81821 5.18767 5.73569 5.01345 4.79353 4.72147
threshold=1.0000000180025095e-35 0.95908960700035106 0.77599006891250621 3.5000000000000004 0.9146985411643983 1.0000000180025095e-35 0.93620592355728161 -1.0000000180025095e-35 -1.0000000180025095e-35 1.0000000180025095e-35 31.629706382751468 3.1941941976547246 0.23567233234643939 0.69189634919166576 1.0000000180025095e-35 1.5000000000000002 0.082725699990987792 1.0000000180025095e-35 1.0000000180025095e-35 1.0000000180025095e-35 9.9974436759948748 0.37136675417423254 0.80597889423370372 1.0000000180025095e-35 0.26345701515674597 5.5000000000000009 1.0000000180025095e-35 0.57443758845329296 -1.0000000180025095e-35 0.52722826600074779 0.13879466056823733 7559.8737792968759 5.5000000000000009 0.12214532867074014 2.3716348409652714 0.92701685428619396 1.0262545943260195 -0.96496450901031483 0.64785373210906994 0.66835036873817455 0.35198828577995306 0.11928717419505121 0.87837970256805431 0.73423713445663463 0.13350506871938708 1.0000000180025095e-35 -1.0000000180025095e-35 0.87233012914657604 -1.0000000180025095e-35 -2.518589854240417 23794.500000000004 1.0000000180025095e-35 0.4951023161411286 15957.500000000002 0.74354803562164318 0.58863189816474926 0.40664970874786383 21.500000000000004 0.91245508193969738 0.95670887827873241 3.9208074808120732 0.33770440518856054
decision_type=2 2 2 2 2 2 2 2 2 2 2 2 2 2 2 2 2 2 2 2 2 2 2 2 2 2 2 2 2 2 2 2 2 2 2 2 2 2 2 2 2 2 2 2 2 2 2 2 2 2 2 2 2 2 2 2 2 2 2 2 2 2
left_child=1 6 3 15 45 28 7 8 37 10 21 -7 14 26 18 25 -9 -18 19 20 -10 31 23 40 53 -3 30 44 29 46 39 -5 -25 -19 35 52 -8 -1 47 -14 42 -11 43 -15 -12 -2 -6 -24 -49 -32 -46 -43 -35 -22 -41 -37 -36 -58 -59 -60 -20 -28
right_child=4 2 -4 9 5 11 36 16 12 41 27 -13 13 22 -16 -17 17 33 60 -21 24 -23 38 32 -26 -27 61 -29 -30 -31 49 -33 -34 34 56 55 -38 -39 -40 54 -42 51 -44 -45 50 -47 -48 48 -50 -51 -52 -53 -54 -55 -56 -57 57 58 59 -61 -62 -63
leaf_value=-0.0067205390803013985 -0.01427625631469033 0.069514141447624508 -0.00086820320745854157 -0.00022845977947819814 0 0.077863218865807063 -0.0068694397353739368 -0.017952790248392875 0.0099151139637728182 -0.00086820320745854157 0.0043467458326760149 -0.011325971906399465 -0.0010714463082298054 0.016338140749682897 0.0900932509160976 0.0029692530304448808 -0.018062322851368214 -0.0077701677406647497 -0.0078906362161351978 -0.022458605119075509 0.040149676651398188 -0.00086820320745854157 0.0020179130650517254 0.015291675230272878 0.012502510073571851 0.011203301332219431 -0.011156003103231248 -0.00086820320745854157 -0.020629534650046341 -0.012345953003363708 0.027626047098921282 0.021109878740111769 -0.013463086242604692 0.00084414025228502138 0.023021911008303697 0.001039632916680331 -0.0010997464253036267 0.055752994905197299 0.0035228871033620387 -0.012121834778223508 0.0090254434112206142 0.049814268889662457 0.0037115643975797114 0.03682494160154292 0.041708144482643983 -0.021312396686982031 0.073066610759806 0.060703193382251233 0.015955663651124316 0.0021441200104023576 0 0.0028317197750857143 -0.0077701677406647497 0.012493098732196003 0.0021441200104023576 0.013630451850047418 1.2899078941903305e-05 0.0030215028206993511 0.023606568422472878 -0.0049175467667399407 0.015788017692878679 0.036047360473044243
leaf_weight=3.4187181682500514 583.67130601291865 87.111876269584172 189.70954094266926 57.011275327313342 5.1569512139685711 30.943203212416847 1134.9391542602389 136.78988437908265 286.64582404788962 5.7339837569306829 16.551078172284178 7.5898881784887626 560.35085473783693 74.429876704365597 4.1558475718193213 16.956622226680338 85.762980723724468 194.14266512896575 87.948290000698762 17.248006011046527 109.92299732311949 128.09946267545456 34.508141305050231 34.628394769795705 104.20057564344461 11.536654010560595 3.2658985628804684 13.855033285552052 76.597317535932234 15.694667952040616 18.039286619386985 141.00759446303709 50.879493197739066 332.15153132465639 46.262093947225367 188.35738397786918 1177.908049038444 35.6768559285847 502.16053486484452 310.22052373756014 81.332560514420038 88.129220122107654 30.188250941500883 121.50206910519046 121.8954734091385 827.17621336573939 2.7011665211321088 8.4528175944287778 40.481224468210712 462.72899736365071 8.7298772183421516 8.3093079578247835 288.98361881606979 29.950985858566128 29.260481741461263 129.53174955840223 188.27772027021274 113.21337103784026 92.991102727799444 14.804946114541961 22.480198576158728 20.492278645921033
leaf_count=109 87985 902 14028 1764 210 416 102557 17187 16180 81 239 1016 35473 3960 84 1059 13595 14990 5747 2044 5307 4587 1573 1802 5976 278 146 288 11810 1715 862 2769 5055 26772 2708 15024 99568 1036 28791 20991 5022 956 1652 6410 1584 140079 98 299 1861 28193 152 192 22640 1713 1824 10119 13290 7720 6334 1010 1304 764
internal_value=0.00033399 0.00347 0.0210825 0.0269896 -0.0160082 0.00873061 0.00126763 0.00373935 0.00658394 0.0209181 0.0157487 0.0604382 0.00594343 0.00364202 0.0140939 0.0555825 -0.00109599 0.00031552 0.0129011 0.0160192 0.0175143 0.00732286 0.0104755 0.0170736 0.0259603 0.0638055 -0.00112212 0.0319276 -0.0128542 0.0107414 -0.00173801 0.0149889 -0.0013405 0.00137684 0.0026913 -1.48274e-05 -0.00395049 0.0495804 0.00589856 -0.00452851 0.0222144 0.0434475 0.0265523 0.0297671 0.035597 -0.0184799 0.045667 0.0189054 0.0290598 0.00342623 0.039066 0.0463517 -0.00335191 0.0350357 -0.0100638 0.00637912 0.00826333 0.00627709 0.0113846 0.019423 -0.00237864 0.0278778
internal_weight=9652.85 8103.32 894.637 704.927 1549.53 138.683 7208.69 4895.84 3084.57 589.322 487.15 38.5331 3045.47 2382.92 662.553 115.605 1811.27 1674.48 658.397 547.968 530.72 326.118 978.563 392.961 244.075 98.6485 1404.36 161.031 100.15 23.5528 1380.6 198.019 85.5079 1588.72 1394.57 939.024 2312.85 39.0956 585.603 899.832 307.453 102.173 226.12 195.932 147.176 1410.85 7.85812 83.4422 48.934 480.768 130.625 96.4385 621.135 139.874 339.481 317.889 455.549 409.287 221.009 107.796 110.428 23.7582
internal_count=809900 566571 28879 14851 243329 15265 537692 335567 184178 12612 11383 1432 183033 144678 38355 2239 151389 134202 38271 31220 29176 9120 56425 23901 12996 1180 88253 2263 13833 2023 87343 4533 6857 120607 105617 74555 202125 1145 32524 58288 17044 1229 12022 10370 1975 228064 308 3733 2160 29055 1736 1148 49412 7020 22815 25143 31062 28354 15064 7344 7051 910
is_linear=0
shrinkage=0.05


Tree=28
num_leaves=63
num_cat=0
split_feature=183 144 159 189 133 132 112 110 144 142 177 135 151 142 116 151 187 135 168 172 76 189 147 147 171 142 79 144 144 4 79 79 8 57 78 116 133 7 147 180 4 159 171 169 110 45 71 66 8 140 68 5 78 64 63 172 66 41 5 63 68 71
split_gain=188.832 120.002 53.9398 42.9173 58.5854 43.6059 37.011 48.0069 34.714 53.7521 36.6624 27.5896 24.5395 26.076 24.1529 18.9954 15.1047 11.5824 11.0017 10.8262 9.76386 9.14867 8.8215 12.9689 8.13192 10.5438 7.8068 12.0941 15.6289 11.6579 7.71705 7.71442 7.25602 6.89066 6.17231 5.82988 5.81312 5.69911 5.64941 9.18483 5.55193 5.51031 5.36124 5.6844 5.24722 4.95062 4.81601 7.97638 6.01014 4.74155 4.70595 5.83474 5.46473 4.83977 4.65943 4.61003 4.57997 4.54748 4.4707 6.51489 5.6858 4.90427
threshold=1.0000000180025095e-35 0.95908960700035106 38.564739227294929 -1.0000000180025095e-35 -1.0000000180025095e-35 13.500000000000002 0.77599006891250621 3.5000000000000004 0.9146985411643983 2.3910460472106938 1.0000000180025095e-35 2.0349999666213994 1.0000000180025095e-35 24.533968925476078 7.5000000000000009 1.0000000180025095e-35 5.5000000000000009 8.2950000762939471 1.0000000180025095e-35 1.0000000180025095e-35 27702.562500000004 0.3900000005960465 0.93758118152618419 0.93880674242973339 1.0000000180025095e-35 1.0000000180025095e-35 -1.7721476554870603 0.2732930332422257 0.68732738494873058 -1.0000000180025095e-35 0.54582214355468761 -0.97126883268356312 3.0657935142517094 1.0000000180025095e-35 0.010304973460733892 536.50000000000011 -1.0000000180025095e-35 0.13350506871938708 0.75147059559822094 1.0000000180025095e-35 -1.0000000180025095e-35 13.55137872695923 1.0000000180025095e-35 1.0000000180025095e-35 8.0000000000000018 0.19261546432971957 -1.0000000180025095e-35 0.95964401960372936 3.6313686370849614 0.13879466056823733 0.93502125144004833 0.11349089071154596 0.11741638556122781 0.60897812247276317 0.98534056544303905 1.0000000180025095e-35 0.97955423593521129 0.43674618005752569 0.1148706078529358 -0.46805819869041437 0.89881363511085521 -0.87837970256805409
decision_type=2 2 2 2 2 2 2 2 2 2 2 2 2 2 2 2 2 2 2 2 2 2 2 2 2 2 2 2 2 2 2 2 2 2 2 2 2 2 2 2 2 2 2 2 2 2 2 2 2 2 2 2 2 2 2 2 2 2 2 2 2 2
left_child=1 2 3 4 55 11 7 14 -2 10 17 26 13 19 16 18 -3 -10 21 41 58 23 -6 49 25 -22 -5 31 -29 56 -21 -28 35 37 36 50 -14 -15 39 -13 -8 -9 43 -38 -4 -20 -39 48 -48 -7 51 -27 53 54 -53 -1 -30 -23 59 -17 -61 -60
right_child=8 6 44 5 22 15 40 12 9 -11 -12 38 34 33 -16 20 -18 -19 45 30 24 57 -24 -25 -26 32 27 28 29 -31 -32 -33 -34 -35 -36 -37 42 46 -40 -41 -42 -43 -44 -45 -46 -47 47 -49 -50 -51 -52 52 -54 -55 -56 -57 -58 -59 61 60 -62 -63
leaf_value=-0.020761868784194712 -0.018156428482474798 0.069857821481803598 0.052683852637619856 0.055437495162619782 0.0011943302570956086 0.0011943302570956086 -0.019994902139790969 0.00062586542436599024 0.072076959897725709 -0.018899742788615014 -0.014612499545923127 0.0011943302570956086 0.00062586542436599024 0.0039818687851058071 0.00062586542436599024 0.0011943302570956086 0.0045411359824630623 -0.0094074342476580374 0.0011943302570956086 0.00062586542436599024 0.0011943302570956086 0.0051433862134482216 -0.0090454289596282079 -0.0034928980445652932 0.0011943302570956086 0.0065498880127857033 0.0011943302570956086 0.0011943302570956086 0.062937293990786874 0.0011943302570956086 0.029157859802344088 0.048278328546572054 0.017322207291610079 0.00062586542436599024 0.00062586542436599024 0.0011943302570956086 0.055395750069969746 0.020017528064824403 0.0011943302570956086 0.052922105440540962 0.00062586542436599024 0.034920267865494591 0.0044903130477549806 0.0059169147601069831 0 0.0363878585954149 0.047806876566400508 0.00062586542436599024 0.00062586542436599024 0.0049997757446758355 0.0017528001911709511 0.079290045095192552 0.0011943302570956086 0.016109072953506998 0.0011943302570956086 -0.0034928980445652932 0.0011943302570956086 0.021922806995630387 0.025035928487333686 0.052763481846004705 0.0011943302570956086 0.0011943302570956086
leaf_weight=527.11122764977335 1385.8442063070033 89.620070018805563 50.446827945532277 39.735445083410013 605.31141966490395 2331.2615186295589 27.572836056344386 193.10609600077441 38.958983703916601 78.171798883231531 17.771892663011386 21.721847854743828 8.1397924471457355 23.403361792617943 16.291793599411903 7.2109814889554427 11.47810512720025 3.0614760387979905 14.673350831566493 22.221381988463691 18.661630201619118 99.655089999112533 204.82933068128477 1631.2127892776625 29.536753247550223 8.1065964012523164 4.7870940817811052 35.884218125560437 16.892933274590188 5.1429219215497133 56.255963944044197 49.651772813813295 67.225890766538214 7.1847086530033257 7.3434792767948229 5.1457029588782452 75.069815898896195 76.845084825195954 113.19189939045464 9.6586882449919376 161.13999569485895 8.0753415271174145 9.01882803099579 8.8841178570000903 5.0955952997319391 27.839999190211529 86.401019978220575 9.387013962143099 7.5686239449714767 949.36866511046537 6.202928597922436 26.346980006055677 1.9720722120691778 8.7727461980102799 1.2176804328337301 0.54811936302576114 1.469970214558997 75.446462709165644 16.717574148337008 11.721706431097116 2.6703318485378977 176.48499092890415
leaf_count=80219 228033 939 420 610 39307 159582 4070 7087 640 12244 2050 1261 241 337 1056 306 268 323 834 311 1148 5285 19261 134720 1700 303 47 1065 482 91 689 690 2900 335 95 366 585 1168 7731 259 9994 96 146 199 41 1681 1198 133 82 61198 263 1155 97 378 59 32 42 3611 858 480 120 8810
internal_value=0.000343786 0.00338159 0.00121729 0.000815406 -0.00723785 0.00267687 0.0204926 0.0256514 -0.0157736 0.00778455 0.0418234 0.0211483 0.0195449 0.0144293 0.0545301 0.00165599 0.0632413 0.0652395 0.00119433 0.00416593 0.01233 0.00119433 0.00119433 0.00119433 0.0210489 0.025871 0.0355922 0.026413 0.0090276 0.04002 0.0197729 0.0426042 0.0311732 0.0275179 0.0408027 0.0442305 0.0438813 0.0294448 0.00496208 0.0222926 0.000625865 0.000625865 0.0472644 0.0510678 0.0482214 0.0255752 0.03242 0.0400612 0.0442589 0.00195475 0.0488342 0.0538575 0.061379 0.0654145 0.075456 -0.0201208 0.0567326 0.0129199 0.0048676 0.0241941 0.0407276 0.00202464
internal_weight=9637.75 8113.94 7208.93 7153.39 1337.8 5815.59 905.007 716.295 1523.81 137.964 59.7924 298.137 598.905 490.449 117.39 5517.45 101.098 42.0205 5129.46 279.659 387.995 5086.94 810.141 4911.84 173.189 143.652 153.564 113.829 59.39 23.5058 78.4773 54.4389 124.991 210.79 108.456 57.7647 101.113 203.605 144.572 31.3805 188.713 201.181 92.9728 83.9539 55.5424 42.5134 180.202 103.357 93.9696 3280.63 52.619 46.4161 38.3095 36.3374 27.5647 527.659 18.3629 175.102 214.806 21.603 14.392 193.203
internal_count=809731 566441 537412 536951 138819 398132 29029 14965 243290 15257 3013 12278 12702 11436 2263 385854 1207 963 366911 8183 18943 364396 58568 355500 8369 6669 3027 2417 1680 615 1000 737 5521 3253 1266 2621 1171 2918 9251 1520 14064 7183 930 784 461 2515 2581 1413 1280 220780 2255 1992 1689 1592 1214 80251 524 8896 10574 906 600 9668
is_linear=0
shrinkage=0.05


Tree=29
num_leaves=63
num_cat=0
split_feature=183 159 142 151 177 39 176 190 132 40 94 139 85 171 97 79 152 142 186 141 92 181 142 13 135 186 86 187 79 86 104 142 41 159 63 142 142 143 8 63 9 21 142 76 134 174 47 168 69 142 24 142 43 10 68 10 19 40 132 14 97 69
split_gain=166.371 78.4783 56.6435 43.816 30.3218 25.1741 52.9408 24.0329 24.1934 22.6369 22.9203 20.2376 19.0128 14.9468 13.2793 10.2651 17.0047 13.1261 10.4167 10.2007 9.72155 9.62192 9.10805 8.86383 20.0476 9.76231 9.61644 8.6715 8.18642 8.10009 7.45001 6.61528 6.33625 6.29131 6.09409 6.43808 6.05182 13.5786 7.20035 6.44439 7.14083 5.88809 5.48793 6.45063 5.45314 5.29582 7.42537 6.2394 5.46142 10.9609 5.77188 5.27112 5.27077 4.94473 4.91125 4.83894 4.72189 4.66228 4.63439 4.54279 4.53519 4.5271
threshold=1.0000000180025095e-35 38.564739227294929 13.826690196990969 1.0000000180025095e-35 1.0000000180025095e-35 0.92690232396125805 1.0000000180025095e-35 1.0000000180025095e-35 13.500000000000002 4.0406162738800058 134.50000000000003 0.15667280554771426 9.5000000000000018 1.0000000180025095e-35 4.0250000953674325 -1.2970995306968687 0.64131584763526928 1.0000000180025095e-35 4.5000000000000009 0.11024442315101625 0.29705883562564855 1.0000000180025095e-35 1.0000000180025095e-35 0.20084853470325473 -1.0000000180025095e-35 2.5000000000000004 7.5000000000000009 3.5000000000000004 -1.5120856761932371 5.5000000000000009 8889.2070312500018 0.13241810351610186 0.98311504721641552 0.74727764725685131 0.86736518144607555 22.149734497070316 2.4319787025451665 -0.92043557763099659 4.0031056404113778 -0.54519373178482045 0.039093293249607093 0.39372952282428747 1.553471624851227 82822.421875000015 1429.5000000000002 1.0000000180025095e-35 0.20114496350288394 1.0000000180025095e-35 0.45570057630538946 0.77925240993499767 1.5003867745399477 47.633358001708991 0.83337885141372692 0.907251536846161 0.48107156157493597 1.6700224876403811 0.99404427409172069 3.30141294002533 427.50000000000006 1.0000000180025095e-35 11.059999942779543 0.64755457639694225
decision_type=2 2 2 2 2 2 2 2 2 2 2 2 2 2 2 2 2 2 2 2 2 2 2 2 2 2 2 2 2 2 2 2 2 2 2 2 2 2 2 2 2 2 2 2 2 2 2 2 2 2 2 2 2 2 2 2 2 2 2 2 2 2
left_child=1 2 3 7 9 28 -7 12 15 10 60 33 23 36 -8 16 -9 -17 -19 -10 51 34 -14 24 29 -25 42 -11 -2 -1 52 -28 45 -5 44 -36 37 39 -38 40 -13 -22 43 -26 61 46 48 53 -21 -50 -51 -6 -30 -47 -39 -56 -29 -34 -37 -3 -4 -12
right_child=5 59 4 11 20 6 14 8 19 27 21 13 22 -15 -16 17 -18 18 -20 32 41 -23 -24 25 26 -27 31 56 30 -31 -32 -33 57 -35 35 58 38 54 -40 -41 -42 -43 -44 -45 -46 47 -48 -49 49 50 -52 -53 -54 -55 55 -57 -58 -59 -60 -61 -62 -63
leaf_value=0.058392970095430721 -0.020243269545524301 0 -0.0082769520692814302 -0.01402669645561503 0.00093592218177106213 -0.013739348285945153 0.068304980036147475 0.05596778819146473 -0.01303226684625601 -0.0050607192078774618 0.0087959193785739995 -0.00022577005456720368 -0.015867587071419071 -0.00022577005456720368 -0.010047240360278207 0.034869673684996098 0 0.015584231701769627 -0.039439534853632843 0.0027684517104594065 0.0118794865138796 -0.0040673892638036294 -0.0038607647250729019 -0.015940419887261106 0 0.0004615001559105483 0.024379188969366535 0.052663482362781039 -0.0074728889493104328 0 -0.016259951060960866 -0.011019413761595251 0 -0.00022577005456720368 -0.019719552660387461 0.032894498938805715 0.049953465409795443 0.0042030420838563816 0.012528892266737085 0.038351509530339993 0.032156496267754742 -0.01782272505885785 0.013033024389253717 0.017891293190774583 -0.0019277012865258816 -0.0066341217525649684 0.0046551903857320574 0.019648877225520972 0.068144748932343652 0 0.032265010150851807 0.026775640597345735 0.013905803151798964 0.0022943978487121475 0.035482456022509948 0.0046238219318917332 0 0.048846305168142805 -0.0096342913951377469 0.049951313798229036 0.01533985955303257 0.032549328278762807
leaf_weight=19.864802247058837 809.59586560507887 5.4346873816102734 84.172570390670444 77.520180174295092 58.423460187470482 87.115474004400312 27.725950072133855 42.619531976728467 85.115104182870709 6.0119730260921633 30.176388600681094 20.15345285962394 166.12038132684393 66.486529419693397 4.4344242527295128 18.384562270948663 18.55239217352937 11.40543609375891 13.53579629845626 38.359034819572116 16.044029600067006 25.98536590157164 2528.8419581726703 92.931998509484401 306.53288630681345 1203.2467373123945 9.5983452041400579 74.01151854681666 173.5266719834035 7.416423728602239 367.49896216191701 124.86365234393452 8.2627346859226254 104.09145212933072 11.960461397597102 14.052745225824767 40.77825727230811 130.0372374610597 26.76780687556311 95.820206010364927 16.996911281370558 78.90463626406563 228.83322793387924 55.886777706058638 11.875143506811581 219.99657274200581 884.46622735973506 35.691539227904286 9.1360885129543004 31.309307026007446 20.933169528434519 26.91304133302765 29.009005021820485 491.00841280914028 27.19134766337811 27.346861310317763 4.2847975949989623 8.7860172327927994 5.7248198261513599 88.516468714457005 21.021633460870362 226.31664286516025
leaf_count=414 142166 35 3077 9514 3452 12658 354 647 5223 325 541 619 23537 3600 624 172 826 573 210 2142 1208 1720 220775 10635 18956 94385 592 1200 25454 234 58912 8555 632 5895 279 206 1192 5701 754 2994 583 8939 11665 3368 257 14318 52253 1957 362 1626 873 1344 3077 29088 1236 1057 92 447 87 715 1507 3777
internal_value=0.00025517 0.00309012 0.00253853 0.00123291 0.0161205 -0.0150163 0.00663805 3.35921e-05 0.0047224 0.0222439 0.0171449 0.0137501 -0.00187906 0.0193664 0.0569304 0.0275951 0.0401464 0.0070363 -0.015042 0.00333338 -0.00138471 0.0236158 -0.00463815 0.00173982 0.00603878 -0.000751988 0.0042548 0.045628 -0.0169237 0.0447109 -0.0120306 -0.00752983 0.00417945 -0.00022577 0.0261222 0.00378223 0.0231216 0.0194848 0.0373528 0.0315312 0.0108841 -0.0122104 0.00701745 0.00302547 0.0285552 0.0038119 0.00621423 0.0005919 0.0189188 0.0276666 0.0148172 0.0103928 -0.00402913 -0.000460352 0.0100718 0.0221168 0.0498904 0.0310353 0.0201152 0.0473637 -0.00284869 0.030072
internal_weight=9603.63 8104.72 8010.77 7314.89 695.879 1498.91 119.276 6681.7 1937.56 515.594 431.286 633.19 4744.14 451.579 32.1604 104.498 61.1719 43.3258 24.9412 1833.06 180.285 326.092 2694.96 2049.17 752.996 1296.18 725.715 84.3083 1379.63 27.2812 570.035 134.462 1747.95 181.612 300.106 31.738 385.092 317.546 67.5461 132.971 37.1504 94.9487 591.253 362.42 268.368 1730.9 984.204 746.697 99.7376 61.3786 52.2425 85.3365 202.536 711.005 184.575 54.5382 78.2963 17.0488 19.7776 93.9512 105.194 256.493
internal_count=809616 566371 565621 537610 28011 243245 13636 504465 111349 13068 11451 33145 393116 17736 978 2428 1473 955 783 108921 14943 6867 244312 148804 43784 105020 43136 1617 229609 648 87443 9147 103698 15409 5147 572 14136 12190 1946 4196 1202 10147 33989 22324 4575 102619 57256 45363 5003 2861 2499 4796 28531 43406 7994 2293 1292 1079 293 750 4584 4318
is_linear=0
shrinkage=0.05


Tree=30
num_leaves=63
num_cat=0
split_feature=102 144 170 189 176 132 144 176 32 116 164 142 78 31 189 86 144 134 144 144 144 169 186 144 72 144 79 144 13 151 130 65 31 144 177 144 2 137 45 21 144 15 65 133 142 68 64 13 74 79 94 190 23 150 74 133 94 169 152 5 86 189
split_gain=154.665 98.2884 43.9896 39.5294 37.9827 34.1342 31.7123 50.9566 29.2939 27.8825 24.0985 19.6083 18.5576 18.0997 50.4804 25.3428 16.2581 24.639 13.2438 21.0213 13.4056 13.1789 12.7507 12.584 11.5203 10.8309 10.7232 20.0372 8.85787 7.60236 8.21009 7.49408 7.1225 6.41557 6.40183 45.2652 6.25542 6.13202 7.78791 5.89114 5.78376 5.44652 4.9475 4.92475 4.88686 4.94965 4.65512 4.56404 4.48986 4.4871 4.39292 4.37069 6.28529 4.33428 4.63332 4.10475 4.01515 3.9211 4.37544 3.96851 5.44516 3.89557
threshold=7.4110443592071542 0.95125019550323497 1.0000000180025095e-35 0.19000000506639483 1.0000000180025095e-35 22.500000000000004 0.9146985411643983 1.0000000180025095e-35 -1.0000000180025095e-35 15.500000000000002 1.0000000180025095e-35 0.077710125595331206 -1.0000000180025095e-35 0.29461641609668737 -1.0000000180025095e-35 8.5000000000000018 0.9803157150745393 26.500000000000004 0.68318140506744396 0.82798999547958385 0.23968885838985446 1.0000000180025095e-35 1.0000000180025095e-35 0.96691203117370617 0.81174489855766307 0.2091881260275841 -1.7721476554870603 0.058734185993671424 0.68621364235878002 1.0000000180025095e-35 645.50000000000011 0.83102622628211986 0.65406364202499401 0.50438702106475841 1.0000000180025095e-35 0.30839626491069799 4.6746177673339853 1.0000000180025095e-35 0.1836417838931084 0.1770347058773041 0.1664543151855469 0.77857422828674328 0.97223842144012462 202.50000000000003 13.826690196990969 0.21796599030494693 0.98281008005142223 0.61383038759231578 1.0000000180025095e-35 -4.1245720386505118 23967.000000000004 1.0000000180025095e-35 0.59422022104263317 2.5000000000000004 1.0000000180025095e-35 94.500000000000014 50.500000000000007 1.0000000180025095e-35 0.99171051383018505 0.17983883619308474 4.5000000000000009 -1.0000000180025095e-35
decision_type=2 2 2 2 2 2 2 2 2 2 2 2 2 2 2 2 2 2 2 2 2 2 2 2 2 2 2 2 2 2 2 2 2 2 2 2 2 2 2 2 2 2 2 2 2 2 2 2 2 2 2 2 2 2 2 2 2 2 2 2 2 2
left_child=1 2 3 13 8 26 49 37 16 -6 22 24 -9 15 -15 -1 17 23 20 28 25 29 43 -3 31 47 56 -28 42 30 32 41 -18 -22 -24 -36 61 -8 -39 -31 -17 48 46 -7 -32 -46 53 -13 -4 -2 -16 -19 57 54 -20 -27 -5 58 59 -53 -61 -10
right_child=6 4 11 5 9 10 7 12 36 -11 -12 18 -14 14 50 40 21 51 19 -21 33 -23 34 -25 -26 55 27 -29 -30 39 44 -33 -34 -35 35 -37 -38 38 -40 -41 -42 -43 -44 -45 45 -47 -48 -49 -50 -51 -52 52 -54 -55 -56 -57 -58 -59 -60 60 -62 -63
leaf_value=0.0040270261267388238 -0.019612777916815288 0.063820736228880973 0.084557641477909021 0.0040270261267388238 0.057904628968707718 0.0040270261267388238 -0.018625982631593953 0.066722918171057174 -0.020470746780629802 -0.011647691484752329 0.056008266540183066 0.016997695198007132 -0.013055225602186867 -0.01987386542177674 -0.0014848978319139711 0.0040270261267388238 0.031977674329275833 -0.0082726785949060536 0.062314498845040249 0.0037028492344975046 -0.0071534218493290204 0 0.0040270261267388238 0.017272035013818961 0.0038032325608102083 0 0.040861291107387822 0.0040270261267388238 0.0019982252506493166 0.007402098656238228 -0.012911763237522314 0.00066559739274386518 0.0032854411709994633 0.0083749558905801963 0.11708550598913514 0.0053433112119588635 0.018858072113621126 0.038373563424848614 -0.010666123764853425 0.049450477072333243 -0.01362629960085689 0 0 0.082043355559444864 0.026147879315226955 -0.0021337262833004463 0 -0.0070186602209322581 0 -0.013187496636033269 -0.011287561325834574 0.0033149384937578492 -0.01380448596519923 0.013453518974528348 0.0072712425650946697 0.057207626649885303 0.057067592795318457 -0.012968359628881191 -0.009751744534079369 0.043329303129306773 -0.002488583120340671 -0.0020567413738838383
leaf_weight=1194.4161335735698 767.14644127411884 18.354628516040975 18.531805805803753 4.50126370214275 82.413507425037096 2.5071753242518744 72.509355088754091 32.574270835953939 33.669024603375874 14.772028408850018 17.88882198696956 68.027116178243887 6.6234054334636303 434.06075458059058 3280.7929458878789 24.374955789317028 192.76705634588143 96.947970757661096 48.244812380668009 85.831977024616208 152.9212912680523 46.257210227049654 1028.3608092918585 62.199449016334256 13.693985167192293 2.8408698516141184 42.220899329986423 23.24544778719428 16.036120518940152 13.36808713818027 16.121642589423573 5.1003467830159925 27.879149096479523 109.57885403391265 5.1612184793339102 95.776673057422158 23.364637359278277 7.9340145289752426 16.409947596832353 63.661106687752181 254.987192366214 1.8020979511638859 4.6893884237797456 2.3212584408756811 32.555172215972561 22.530939496529754 4.0107457098056321 22.238589634362143 1.8720310048811359 562.07237744366284 114.62058920193522 19.010230490544927 21.796371506163268 12.133149576751746 6.7976997440273399 16.860213376421598 39.427484484185698 6.7246360105636986 7.4228123810607931 24.595585105314971 6.3550441344996207 133.24285654787673
leaf_count=84641 137531 600 509 122 937 97 11673 484 5193 1038 169 2695 936 69883 255575 1910 2608 4675 1883 4235 8363 1245 55857 663 353 140 366 476 1072 214 356 149 859 5696 131 4793 1240 262 1800 651 22042 109 198 92 425 314 165 1418 86 88447 9900 591 795 570 368 754 412 294 250 727 239 9563
internal_value=0.000302197 0.00300439 0.000974461 -0.000202648 0.0179332 0.00773076 -0.0146181 0.00800841 0.0143988 0.0470355 0.00509436 0.0139788 0.0527249 -0.00209987 -0.00391322 0.00259232 0.0192349 0.00912192 0.0111782 0.0222765 0.00559082 0.0254072 0.00402703 0.0312806 0.0457188 0.0198356 0.0338395 0.01817 0.0382777 0.0285222 0.0238591 0.0621235 0.0286163 -0.000542373 0.00402703 0.0165494 -0.00277049 -0.0115433 0.00827983 0.0433539 -0.0112401 0.0726039 0.0450385 0.0612289 0.00788013 0.0149493 0.0481214 0.0107606 0.078621 -0.0169741 -0.00183927 -0.00107955 0.00677179 0.051045 0.0571047 0.0498084 0.0524374 0.0146219 0.0190362 0.0242662 0.0341885 -0.00640394
internal_weight=9587.15 8121.88 7155.87 6564.66 966.009 1261.41 1465.27 136.051 868.824 97.1855 1152.02 591.211 39.1977 5303.25 3829.47 1473.78 678.547 263.407 550.211 177.744 372.467 415.14 1134.13 80.5541 41.0003 109.967 109.395 65.4663 91.9119 368.883 291.854 27.3063 220.646 262.5 1129.3 100.938 190.277 96.8533 24.344 77.0292 279.362 22.2059 75.8758 4.82843 71.2078 55.0861 71.1864 90.2657 20.4038 1329.22 3395.41 182.853 85.9047 67.1757 55.0425 19.7011 43.9287 64.1083 57.3837 49.9609 30.9506 166.912
internal_count=809839 568706 535229 506466 33477 62515 241133 15155 31502 1975 61139 28763 1420 443951 335358 108593 15506 8834 27557 8491 19066 6672 60970 1263 1206 5007 1376 842 4256 5427 4562 853 3467 14059 60781 4924 15996 13735 2062 865 23952 704 3184 189 1095 739 2986 4113 595 225978 265475 7571 2896 2821 2251 894 534 2101 1807 1557 966 14756
is_linear=0
shrinkage=0.05


Tree=31
num_leaves=63
num_cat=0
split_feature=183 144 159 170 144 176 112 189 135 142 174 159 189 139 132 97 170 134 135 189 35 76 189 144 144 144 144 15 168 149 159 140 91 41 143 141 132 79 141 63 79 132 135 141 43 76 141 144 64 142 8 132 76 135 144 10 15 144 144 142 144 64
split_gain=138.453 103.697 45.3739 34.6511 29.518 52.4841 27.6566 27.1835 25.3686 24.6745 22.7728 20.0019 19.1979 53.5361 29.9712 18.5697 18.262 23.5825 11.5216 10.7424 12.6969 10.0777 8.41202 6.94186 8.73386 8.87196 6.5774 5.94863 5.8639 5.82322 5.80176 5.36715 5.35146 5.60374 4.7465 4.53424 4.51168 5.18896 4.40952 4.37989 4.3771 4.22316 3.82563 3.75918 3.75505 3.74801 3.66495 3.65051 6.35925 4.93497 3.57547 3.59944 3.40894 3.72122 3.37606 3.20718 3.83697 3.11469 10.613 7.73457 10.0709 5.63266
threshold=1.0000000180025095e-35 0.9550708830356599 38.564739227294929 1.0000000180025095e-35 0.9146985411643983 1.0000000180025095e-35 0.77599006891250621 0.31000000238418585 4.0250000953674325 0.08460803329944612 1.0000000180025095e-35 14.467660427093508 -1.0000000180025095e-35 0.15667280554771426 13.500000000000002 4.0250000953674325 1.0000000180025095e-35 76.500000000000014 2.0349999666213994 -1.0000000180025095e-35 0.49998915195465093 81318.089843750015 0.19000000506639483 0.50755655765533458 0.23968885838985446 0.16140455007553103 0.81995335221290599 0.1205900087952614 1.0000000180025095e-35 1.0000000180025095e-35 0.74727764725685131 0.14229519665241244 1.0000000180025095e-35 0.52722826600074779 26.645868301391605 0.12662894278764728 13.500000000000002 -1.9627202749252317 0.12110166996717454 -0.83002245426177967 -1.5120856761932371 592.50000000000011 352.50000000000006 0.12276145815849306 0.88087525963783275 21519.773437500004 0.12475115433335306 0.96691203117370617 0.47292019426822668 31.629706382751468 1.0406903624534609 49.500000000000007 10373.089843750002 647.50000000000011 0.24750450998544696 0.33771631121635443 0.87499612569808971 0.23567233234643939 0.58016499876976024 0.77925240993499767 0.83199360966682445 -0.88220924139022816
decision_type=2 2 2 2 2 2 2 2 2 2 2 2 2 2 2 2 2 2 2 2 2 2 2 2 2 2 2 2 2 2 2 2 2 2 2 2 2 2 2 2 2 2 2 2 2 2 2 2 2 2 2 2 2 2 2 2 2 2 2 2 2 2
left_child=1 2 3 7 40 32 8 12 10 38 19 -12 13 -1 18 -7 17 47 -14 -3 -21 23 -19 24 25 -11 31 41 -16 -15 -8 42 33 44 -24 -29 37 -9 -5 -37 -2 -18 43 -25 -6 -40 -23 48 -10 52 -45 -52 -49 -54 -47 -41 -57 -48 -59 -60 61 -61
right_child=4 6 -4 9 5 15 30 36 16 21 11 -13 14 29 28 -17 27 22 -20 20 -22 46 34 26 -26 -27 -28 35 -30 -31 -32 -33 -34 -35 -36 39 -38 -39 45 55 -42 -43 -44 50 -46 54 57 49 -50 -51 51 -53 53 -55 -56 56 -58 58 59 60 -62 -63
leaf_value=-0.019487115745669269 -0.01892239286609752 0.0064985288776575533 0.045104763165836781 0 -0.0063208905852579159 0.067775965016100073 -0.018571702464522267 0.057686095098681368 0.0016155752664652496 -0.0043707100301992787 0.0016155752664652496 0.038196488748656866 0.016682699255960609 3.7426497623740375e-05 3.7426497623740375e-05 -0.01237993822010793 0.050803945480078216 0.0016155752664652496 0.0015298914397097367 0.065018900010484743 0.022789693266519223 0 0.031593584721537969 -0.0073899874437142014 -0.0095326967612999053 0.025560030109932758 -0.00098224647847064916 0.0016155752664652496 0.016682699255960609 -0.015302435371919974 0.0016155752664652496 0.029091114680662968 -0.017870689722443274 -0.014172844515525449 0.0016155752664652496 0.0024025452204872017 0.016682699255960609 0.016682699255960609 0.028035084646425696 0.0016155752664652496 -0.012561839718904689 0.0096219340366587875 -0.0043672149372377088 -0.00052295073689199859 0.042771314627775836 0.078663508113662295 0.046342243882958378 0.0016155752664652496 0.060451088601794559 0.031934105682730626 -0.0073899874437142014 0.028747184228157471 0.022664086615918819 0.0016155752664652496 0.00043099318875769595 0.039370563370189987 0.0016155752664652496 0 0 0.001482767597538839 0.0033556490265407228 0.072045945793371424
leaf_weight=504.86731369860354 763.05513360871555 15.786135598362305 51.939048214349896 4.101588122881366 2.8918034522866964 32.012283917421883 30.425110167314415 12.072124667785831 2.9077190932584918 46.263529135598219 33.436319800719502 40.653980921575567 137.07679053838365 743.07257536200632 4698.2751476353005 6.6395762760002972 45.622685125446878 164.43501567035855 130.14545963965065 85.080276825057808 34.134515568963252 15.135808575520057 33.350323651218787 11.884373307955682 127.33214503707131 42.933842726837611 75.167968852212653 19.593661073609837 37.698609716317151 62.18916768390045 170.2741930794873 53.570608691923553 76.374317026442441 9.1760547683661553 11.145737226819618 18.716189877173747 185.01746224288945 13.421625319577286 27.487681610626169 6.2475672002183265 553.55301831386896 12.002802480361423 32.144102700665826 15.389211858928318 7.1369958679642878 12.40728660309105 16.284297110818443 27.791665426979307 11.644252418904214 56.203668034722796 4.4249559984455109 48.990984145682887 57.824003796224133 7.5767852403223506 2.2636517806968177 50.665473467379343 4.9825106490170574 27.159844200126827 4.2792361272877306 4.3637278129608594 12.910619680784292 16.051753049439871
leaf_count=80182 139634 292 442 112 184 470 4603 121 119 2205 817 299 2811 53286 343867 966 348 8231 8557 875 617 549 720 621 7309 2017 3903 274 2147 5136 10532 2739 12188 1155 211 258 9334 139 799 88 88223 90 1703 902 320 357 522 368 356 540 174 2354 634 69 60 660 119 1129 132 167 477 567
internal_value=0.000152052 0.00269975 0.00064496 0.000285921 -0.0140444 0.00792602 0.0182657 -0.000771912 0.0227079 0.0117301 0.0374884 0.013492 -0.00137062 -0.00674644 3.74265e-05 0.0535933 0.0165424 0.0101694 0.0166278 0.0495273 0.0545328 0.00851906 0.00161558 0.0052279 -0.00117524 0.0103626 0.0109761 0.0306708 3.74265e-05 3.74265e-05 0.00161558 0.0163948 -0.0120393 0.00901956 0.0230151 0.0209943 0.0166827 0.0377273 0.0451331 0.0259768 -0.0163247 0.0440784 0.00917615 0.0148032 0.0295587 0.0494765 0.0229139 0.0242477 0.047845 0.0203122 0.0192161 0.024889 0.0117794 0.0178691 0.0710413 0.0320192 0.0355462 0.026905 0.0186884 0.0345637 0.0428084 0.0612059
internal_weight=9567.66 8116.82 7176.32 7124.38 1450.84 134.231 940.501 6523.84 739.801 600.547 209.091 74.0903 6313.33 1310.13 5003.2 38.6519 530.71 372.879 267.222 135.001 119.215 554.287 208.931 458.102 216.53 89.1974 241.572 157.831 4735.97 805.262 200.699 166.404 95.5792 19.2049 44.4961 100.205 210.511 25.4937 46.2602 80.6117 1316.61 57.6255 112.834 80.6895 10.0288 42.1586 96.1853 163.948 14.552 149.396 68.8052 53.4159 93.1925 65.4008 14.6709 61.8956 55.648 81.0495 64.7652 37.6053 33.3261 20.4155
internal_count=809080 565940 534820 534378 243140 15283 31120 505580 15985 28798 2900 1116 495986 138604 357382 1436 13085 11248 11368 1784 1492 27470 9162 23927 11531 4222 12396 1837 346014 58422 15135 8493 13847 1659 931 1399 9594 260 1328 1125 227857 438 5754 4051 504 1216 3543 2086 475 1611 3430 2528 1071 703 417 867 779 2994 2472 1343 1211 734
is_linear=0
shrinkage=0.05


Tree=32
num_leaves=63
num_cat=0
split_feature=183 144 170 159 176 116 144 176 15 142 147 147 136 144 106 136 144 70 159 131 76 72 7 41 152 15 148 170 68 187 151 141 47 79 132 76 91 106 64 147 144 144 144 142 64 142 36 37 61 141 144 39 25 147 144 95 116 148 11 78 190 190
split_gain=127.31 78.8252 38.4392 35.8739 33.6356 29.1852 28.2967 45.6917 23.7159 23.618 21.2073 17.2143 13.2962 28.5142 14.3966 13.0468 12.574 14.3611 12.4155 10.8835 10.8648 10.488 8.54931 8.36108 8.255 9.26581 7.66261 7.62951 7.51869 6.83769 6.81036 7.00744 6.45513 13.5752 10.0368 6.75165 6.09292 6.69907 5.87033 5.62055 6.18882 13.2026 6.50605 6.13407 5.20284 5.18326 5.37245 5.07716 4.96276 4.91191 5.3817 7.71339 7.2542 5.58886 5.11106 5.06755 4.86099 4.85216 4.83147 4.81654 4.73449 4.71175
threshold=1.0000000180025095e-35 0.9550708830356599 1.0000000180025095e-35 38.564739227294929 1.0000000180025095e-35 7.5000000000000009 0.9146985411643983 1.0000000180025095e-35 0.49941223859786993 0.08460803329944612 0.93620592355728161 0.6900656819343568 1.0000000180025095e-35 0.15113261342048648 1.0000000180025095e-35 -1.0000000180025095e-35 0.9803157150745393 1.0000000180025095e-35 38.564739227294929 181.50000000000003 81318.089843750015 0.81174489855766307 0.3759008944034577 0.27893319725990301 0.88695618510246288 0.22168073803186419 1.0000000180025095e-35 1.0000000180025095e-35 -0.59975859522819508 4.5000000000000009 1.0000000180025095e-35 0.13139995187520984 0.20129342377185824 -1.658037483692169 22.500000000000004 103095.56640625001 1.0000000180025095e-35 0.62019231915473949 -0.67175737023353566 0.90144312381744396 0.71031588315963756 0.82798999547958385 0.28847827017307287 0.9022013545036317 -0.97674593329429615 47.633358001708991 1.4007993936538699 0.3728893250226975 0.88351219892501842 0.13202039897441867 0.70178458094596874 0.91727638244628917 0.25054348260164266 0.71547618508338939 0.93159422278404247 0.56064283847808849 1.0000000180025095e-35 1.0000000180025095e-35 0.25240680575370794 0.047405607998371131 1.0000000180025095e-35 1.0000000180025095e-35
decision_type=2 2 2 2 2 2 2 2 2 2 2 2 2 2 2 2 2 2 2 2 2 2 2 2 2 2 2 2 2 2 2 2 2 2 2 2 2 2 2 2 2 2 2 2 2 2 2 2 2 2 2 2 2 2 2 2 2 2 2 2 2 2
left_child=1 2 3 10 8 -6 -2 36 15 21 12 -9 13 22 19 -3 17 60 27 32 -11 -4 -1 -21 29 38 47 45 48 49 44 -32 35 34 -34 -15 37 -8 -26 40 42 43 -22 -42 -18 -10 -47 -19 -25 -14 51 -51 53 -52 -55 -54 -27 61 -58 -5 -17 -12
right_child=6 4 9 59 5 -7 7 11 18 20 57 -13 24 14 -16 16 30 26 -20 23 39 -23 -24 28 25 56 -28 -29 -30 -31 31 -33 33 -35 -36 -37 -38 -39 -40 -41 41 -43 -44 -45 -46 46 -48 -49 -50 50 52 -53 55 54 -56 -57 58 -59 -60 -61 -62 -63
leaf_value=0.046755174956367766 -0.015909525627442942 0.062182090073392163 0.059844669986226645 0.044155082862043254 0.055217403235683617 -0.015689334575754263 0.034852395139346681 0.06421205998111211 -0.0094930152366361157 0.0061269120959160069 -0.006906137634810898 -0.012771781759780117 -0.0048724692577206625 0.014957610169232957 -0.013027537528322114 -0.0097345243771594231 -0.0075399611068249321 -0.010448024170749136 0.038139216296957767 -0.0046266314348740864 0.036119697166204084 0.0058201062580680515 0.015220723063109587 0.031770974638904444 -0.0098054328617113509 -0.016334914229928443 0.043760139350896649 0.016400985667092513 0.001829946033376307 -0.0078722939872098059 0.0073290910487421607 0.043622898198213272 0.045242569666910391 -0.005717575468604289 -0.0078793787846965797 0.04629369955203242 -0.017260316947952464 -0.012819001901041372 0.016098155112031394 0 0 0.0058497731365898809 0.0012407389564082516 0.088160923517893897 0.019825513310489637 0.020501388760431633 -0.012278980870022589 0.018617152058804209 -0.0079140765151767649 -0.0020180439747475572 0.027725836888395219 0.017023843574073095 -0.0027790756451892473 0.0017895440614135135 0.029451381921232374 0.010487858180412103 -0.014152788664942254 0.0056606943979581065 0.0031826058849400689 -0.0013467493009282183 0.010610724088336493 -0.0014317542582413497
leaf_weight=44.950770647374156 1296.4478521230631 12.807464535930192 31.786198199726641 45.847853505867533 79.983608970273053 14.578214964451034 9.2725580582409766 31.95586386379 182.43790652194002 457.65683371463092 1451.4072064676657 6.5688449409863088 503.38375911868206 142.94269549542514 109.97880410061043 90.292706333304523 14.80830217633047 16.025927416194463 15.713348224060608 259.63759790139011 20.211328274817788 14.865529062459244 56.567466799606336 40.157117923154146 20.170074861227477 32.456906868595979 24.449328764821985 41.462631368805887 102.50928794799984 370.89614027720381 21.544626683753449 63.667325050366344 23.034017132355075 90.264947722680517 10.044689068730802 18.313447580483626 74.982588651946571 10.306201589854025 181.41883088613395 20.408625034324359 1.7569012660533214 12.531485080646233 32.622895455089747 10.682350937218869 236.96738613714115 28.743190977111226 14.711271705316902 48.077448299016396 6.2930526861018725 1131.9169792254397 45.799117320566438 50.640751479906612 255.41305053164979 99.451663071835355 15.907527716641196 94.050722257612506 37.48070601902873 98.106346190732438 655.78679302762612 5.0486675883876151 35.283981363230851 559.64167743611324
leaf_count=1589 227909 125 960 388 864 1018 356 490 12095 23950 144181 940 35832 6746 13696 4487 343 313 131 14371 585 387 2938 2104 1456 5337 339 785 5498 36446 365 934 480 4882 530 634 12226 1339 11491 1100 41 408 1153 306 4230 1329 1789 1091 340 78834 2355 3572 17937 6451 933 5496 3007 8140 51530 42 925 38315
internal_value=7.52788e-05 0.00250691 0.000710554 -0.000399828 0.0160687 0.043796 -0.0136521 0.00793675 0.0127049 0.012744 -0.000745566 0.0505519 0.00122639 0.00661165 0.00333098 0.0185914 0.0169834 0.00710535 0.000772111 0.00603684 0.00958363 0.0453436 0.0309577 0.000707614 -0.000168007 0.00385508 0.0219895 -0.00199214 0.0100159 -0.00163545 0.0229914 0.0356385 0.0134573 0.00432514 0.0295385 0.019952 -0.0108406 0.0112383 0.0132108 0.0243719 0.0301676 0.0497391 0.0169849 0.0781664 0.0180032 -0.00575854 0.00876592 0.0107588 0.0256619 -0.000555499 0.000723785 -0.00111332 0.00499639 0.0136083 0.00687672 0.000818482 0.00114947 -0.00486384 0.00211495 0.0394776 -0.00363914 -0.00540244
internal_weight=9533.13 8103.6 7162.04 6559.52 941.555 94.5618 1429.53 133.086 846.993 602.522 6508.62 38.5247 4399.47 904.694 803.176 563.924 551.117 214.129 283.068 693.197 555.87 46.6517 101.518 408.597 3494.77 927.313 88.5527 267.355 148.959 2567.46 336.988 85.212 284.6 123.344 33.0787 161.256 94.5613 19.5788 201.589 98.2136 77.805 24.9707 52.8342 12.4393 251.776 225.892 43.4545 64.1034 46.4502 2196.56 1693.18 1182.56 510.622 161.158 115.359 349.464 725.724 2109.16 693.267 50.8965 125.577 2011.05
internal_count=808864 565604 534441 505551 31163 1882 243260 15351 29281 28890 505121 1430 314485 53808 49281 13152 13027 7155 16129 35585 27543 1347 4527 22313 260677 72821 1743 15998 7942 187856 5872 1299 13272 5892 1010 7380 13921 1695 12947 3593 2493 755 1738 347 4573 15213 3118 1404 2444 151410 115578 82406 33172 9739 7384 23433 59874 190636 54537 430 5412 182496
is_linear=0
shrinkage=0.05


Tree=33
num_leaves=63
num_cat=0
split_feature=111 144 189 133 109 172 132 144 170 135 164 144 135 142 112 86 151 189 170 144 144 144 86 86 24 144 100 86 141 71 133 186 73 144 143 22 24 72 134 25 21 102 144 134 144 94 133 147 132 7 97 13 78 2 142 189 68 189 147 7 22 104
split_gain=116.377 83.5096 63.604 34.0695 33.5886 36.2534 27.9248 27.8915 27.6674 21.6498 21.0909 19.8966 17.6621 15.8616 15.3938 14.9921 12.9747 14.858 13.0514 11.7459 13.0744 12.9373 11.0559 9.34211 8.79454 8.10026 8.09873 7.97197 7.43346 7.33834 6.99274 6.96924 6.69391 6.06777 5.94749 5.8928 5.87218 6.26044 5.6102 5.47109 6.38638 5.35661 5.0505 4.98994 4.81471 4.79577 5.66832 4.69899 5.59035 4.69323 4.76117 4.6637 4.63289 5.14372 4.60811 4.53286 4.49434 4.48941 5.75855 4.60218 5.49511 4.44411
threshold=1.0000000180025095e-35 0.92077764868736278 -1.0000000180025095e-35 -1.0000000180025095e-35 0.57936757802963268 1.0000000180025095e-35 13.500000000000002 0.9803157150745393 1.0000000180025095e-35 6.0250000953674325 1.0000000180025095e-35 0.96691203117370617 2.0349999666213994 0.08460803329944612 0.49017161130905157 10.500000000000002 1.0000000180025095e-35 0.17000000178813937 1.0000000180025095e-35 0.69189634919166576 0.8238605558872224 0.23968885838985446 5.5000000000000009 7.5000000000000009 1.7158908843994143 0.99014428257942211 0.41417542099952703 4.5000000000000009 0.13139995187520984 0.87837970256805431 -1.0000000180025095e-35 2.5000000000000004 1.0000000180025095e-35 0.73820060491561901 -0.51415571570396412 0.39796876907348638 1.7585593461990359 0.81174489855766307 1346.5000000000002 0.32728473842144018 0.4798038005828858 10.292877674102785 0.61777126789093029 242.50000000000003 0.9146985411643983 6674.5000000000009 368.50000000000006 0.92794701457023632 61.500000000000007 0.44841460883617407 897.50000000000011 0.27842181921005255 0.034505486488342292 0.66979652643203746 22.149734497070316 0.40999999642372137 -0.83644527196884144 0.19000000506639483 0.90725064277648937 0.1929489001631737 2.3712874650955205 8889.2070312500018
decision_type=2 2 2 2 2 2 2 2 2 2 2 2 2 2 2 2 2 2 2 2 2 2 2 2 2 2 2 2 2 2 2 2 2 2 2 2 2 2 2 2 2 2 2 2 2 2 2 2 2 2 2 2 2 2 2 2 2 2 2 2 2 2
left_child=1 2 3 41 5 7 12 26 10 14 24 22 23 32 25 44 17 18 -9 21 27 34 54 -4 -8 -6 57 29 -18 33 -13 -19 38 -21 52 39 37 -30 51 43 -41 -1 -42 -26 -5 -32 -47 48 -35 50 -45 56 53 -15 -7 -37 -10 -3 59 -59 -61 -43
right_child=-2 4 6 15 9 11 8 16 13 -11 -12 30 -14 19 -16 -17 28 31 -20 20 -22 -23 -24 -25 35 -27 -28 -29 36 -31 45 -33 -34 47 -36 55 -38 -39 -40 40 42 61 -44 49 -46 46 -48 -49 -50 -51 -52 -53 -54 -55 -56 -57 -58 58 -60 60 -62 -63
leaf_value=-0.017910597204084149 -0.017969531969810347 -0.0045591086186368129 0.035669187220606691 0.00031674846557241823 0.056750069208013454 0.086033065087060989 0.00031674846557241823 -0.0074829984676099987 0.0066978328082823715 -8.5314689360940785e-05 0.051632117246694843 0.053086955113191996 0.0024565463189142422 0.037293357982295272 -0.0041282569702168282 -0.014541578883847071 0.0063673714870104902 0.068411622084799936 0.021791604668321043 0.016123287985560623 0.0022153999263845752 0.00031674846557241823 0.020419119263935609 0.0042976476219920325 0.00031674846557241823 -0.0041282569702168282 0.030197233928475967 0.014945058392639222 0.054071859041565445 0.00031674846557241823 0.026283813149808984 0.021791604668321043 0.0063923945446279669 0.00031674846557241823 0.0037705048464288628 0.0013303263689554315 0.0063673714870104902 0.0063673714870104902 0.00031674846557241823 0.0010162047329231256 0.029745348636721403 -0.003457787799563935 0.00031674846557241823 0.037619572979752075 -0.027023581362279038 -0.0076146022208758938 0.016760076933851339 0.0038918242004782988 0.082296179302580319 0.00031674846557241823 0.00031674846557241823 0.0053627059522141484 0.00031674846557241823 0.00031674846557241823 0 0.017270759514346364 0.074962482755160612 -0.0045591086186368129 -0.0045591086186368129 0.028157037276667324 -0.0045591086186368129 -0.013669892087311012
leaf_weight=515.08699688923662 788.80288873164682 408.51915239732625 117.77000940054131 597.34365336466726 88.818942884143326 21.07371011146461 3697.6316155934182 125.43145901235403 4.7992598809942235 29.27780271616939 15.118599973851813 11.699900122359393 106.91356625127082 51.331161602269276 11.244773740218077 166.30773795432469 24.12496155849658 4.610199152462882 42.96912105139927 13.322605210269101 62.985028619805234 263.6270935585344 18.59905486338539 33.605965256589116 12.845958177844294 3.007705187847022 15.223136232132672 48.946507497268612 46.065488886015373 6.9515653430571538 66.482522914651781 158.44529407520895 15.512098884690202 1.3635839658090976 47.822568095871247 716.44203865868622 7.3089103881284236 10.615702059323665 4.0603113482211475 172.20413629958057 37.085897842320264 174.2500357598401 19.538889169853064 49.131508416146971 19.805868068782729 32.905724736046977 58.25555101595819 3.8589843116351394 19.110595339880092 15.13016611941566 7.6817857787536914 5.8013340640318338 6.3606113321875446 6.8294834769476429 1.9883785547572177 43.186329622549238 18.227920951729178 11.031708262104074 53.771963525810861 46.608246526535368 12.006965176551601 326.63095999349753
leaf_count=83791 148623 30474 1978 40645 1296 650 275395 7960 105 2301 152 107 6432 1914 1108 15591 600 64 530 476 3147 13987 880 976 753 73 594 2501 864 246 609 3025 455 50 2490 46596 386 185 124 11054 2552 26363 1325 2814 1180 321 597 209 609 867 501 278 246 285 48 1811 373 299 2356 1356 378 55525
internal_value=0.000357756 0.00202503 -2.85721e-05 -0.00820099 0.0136382 0.0108239 0.0025862 0.0066133 0.00179933 0.0371946 0.000537783 0.0293994 0.0184965 0.012057 0.0475294 -0.000323216 0.0162328 0.0112685 0.000600626 0.00928811 0.0206241 0.00429392 0.059225 0.0292246 0.000316748 0.054 -0.000798019 0.0320229 0.0330306 0.0468629 0.0204304 0.0217916 0.0383306 0.0546274 0.0183958 0.00483079 0.0415306 0.0466397 0.0499031 0.0105669 0.00614351 -0.0142201 0.0199831 0.0212195 0.000316748 0.0162955 0.00776332 0.0685147 0.0765588 0.0262359 0.032352 0.0566026 0.0278255 0.0321927 0.0804158 0.00237628 0.06536 -0.00200455 0.00610471 0.0152636 0.0208802 -0.0102359
internal_weight=9523.51 8734.71 7424.62 1799.43 1310.09 1177.74 5625.2 966.732 5366.91 132.349 4786 211.005 258.29 580.911 103.071 783.457 419.571 331.456 168.401 532.51 156.539 375.971 41.6611 151.376 4770.88 91.8266 547.161 93.5538 88.1151 44.6073 169.344 163.055 48.4009 37.6558 112.344 1073.25 63.9901 56.6812 32.8888 313.618 228.829 1015.97 56.6248 84.7894 617.15 157.644 91.1613 24.3332 20.4742 71.9435 56.8133 28.8285 64.5213 58.1606 23.0621 759.628 23.0272 531.938 123.419 69.6469 58.6152 500.881
internal_count=809480 660857 603796 223095 57061 52283 380701 49071 371315 4778 343820 3212 9386 27495 2477 57416 13614 11579 8490 26160 7238 18922 1578 2954 343668 1369 35457 4091 2035 1590 1634 3089 1335 1344 4935 68273 1435 1049 880 19866 14931 165679 3877 4935 41825 1527 918 868 659 4182 3315 756 2445 2199 698 48407 478 34863 4389 2033 1734 81888
is_linear=0
shrinkage=0.05


Tree=34
num_leaves=63
num_cat=0
split_feature=183 144 159 170 115 109 144 135 189 139 132 85 159 151 147 135 19 159 172 151 144 171 106 76 189 78 41 27 135 21 144 144 144 76 144 144 21 141 134 147 168 147 6 8 64 144 78 130 41 147 76 31 21 31 39 68 2 73 135 69 140 71
split_gain=108.938 61.2457 31.3236 28.6825 23.1819 25.2018 22.0948 32.0163 19.1491 42.3961 33.584 18.5521 15.2731 14.9274 14.4598 12.891 12.8112 10.5688 11.3331 10.8335 8.42154 8.40444 7.28745 6.98036 6.89638 6.83833 6.73845 6.70105 7.2578 7.12019 6.3116 11.2491 12.1483 6.13935 10.7605 9.74665 7.63772 6.12709 6.50877 5.91879 5.51153 5.40265 5.02249 4.97925 5.44164 5.39221 5.26748 4.88335 4.79121 4.77465 7.44874 4.61601 4.48542 4.6493 4.42535 4.99201 4.38875 4.34229 4.10572 4.03517 3.9886 3.73919
threshold=1.0000000180025095e-35 0.95125019550323497 38.564739227294929 1.0000000180025095e-35 3.9438273906707768 0.55126217007637035 0.9146985411643983 4.0250000953674325 -1.0000000180025095e-35 0.15667280554771426 13.500000000000002 1.0000000180025095e-35 4.7018229961395273 1.0000000180025095e-35 0.80860316753387462 2.0349999666213994 0.99404427409172069 18.122308731079105 1.0000000180025095e-35 1.0000000180025095e-35 0.99014428257942211 1.0000000180025095e-35 0.73993557691574108 12218.532226562502 -1.0000000180025095e-35 0.057332290336489684 0.97133463621139537 0.57060518860816967 302.50000000000006 0.56994909048080455 0.23968885838985446 0.69189634919166576 0.8238605558872224 690.61526489257824 0.28847827017307287 0.68318140506744396 0.47519372403621679 0.13060667365789416 1223.5000000000002 0.96723100543022167 1.0000000180025095e-35 0.89251753687858593 1.7989072203636172 2.151567935943604 0.9602181911468507 0.23968885838985446 0.11496809497475625 1431.5000000000002 0.52722826600074779 0.74833333492279064 4115.5168457031259 0.29993757605552679 0.17679429054260257 0.89163947105407726 0.40575613081455236 0.78128892183303844 0.66979652643203746 1.0000000180025095e-35 344.50000000000006 0.90138617157936107 0.13279129564762118 1.0000000180025095e-35
decision_type=2 2 2 2 2 2 2 2 2 2 2 2 2 2 2 2 2 2 2 2 2 2 2 2 2 2 2 2 2 2 2 2 2 2 2 2 2 2 2 2 2 2 2 2 2 2 2 2 2 2 2 2 2 2 2 2 2 2 2 2 2 2
left_child=1 2 3 8 5 14 -2 11 9 -1 15 22 16 30 21 33 24 18 19 20 26 27 48 41 -7 57 -16 28 29 -3 37 -32 39 -10 -35 -36 -37 -5 56 -33 -12 -11 61 44 46 -45 47 -15 -8 50 54 -19 -53 -54 55 -17 -39 -4 -30 -20 -21 -22
right_child=6 4 25 13 -6 12 7 -9 10 23 40 -13 -14 43 17 49 -18 51 59 60 42 -23 -24 -25 -26 -27 -28 -29 58 -31 31 32 -34 34 35 36 -38 38 -40 -41 -42 -43 -44 45 -46 -47 -48 -49 -50 -51 -52 52 53 -55 -56 -57 -58 -59 -60 -61 -62 -63
leaf_value=-0.017741031121223574 -0.014794989243650348 0.038373618312563508 0.049561944170426475 -0.0029273654795029264 -0.0045634865755683771 -0.0055453593128584255 0.029890014127127464 -0.016864106308091067 0.044109251074464603 0.00047873446246246435 0.00083008809038982462 -0.014487249348294288 -0.011491201964931152 0.048707579765008842 -0.0090251923622366847 0.062201256848569933 -0.016962103792239999 -0.0040568466216304852 -0.0023323825210870169 -0.0019911781372507608 -0.0055370236198361115 -0.0070452667426326642 0.056371787414550005 0.00083008809038982462 0.0561381972247815 -0.0079502351431347696 0.026712175555353386 -0.0074534287390192137 -0.012608542841838403 -0.012804127001474989 -0.0039899928240453878 0.031210345838586746 -0.0010913898006215633 0.034059732730074892 0.00083008809038982462 0.042887381194816276 0.00083008809038982462 0.034712015680498441 -0.0014026656193282976 -0.0074594827709410783 0.020100891192220201 -0.012530533470412287 0.028716981910315915 0.033589932182826486 -0.0034759068222410799 0.0045017390477910387 -0.010815356220054357 -0.0024420257854366246 -0.013205450651505045 0.00083008809038982462 0.00083008809038982462 -0.0031547058275539826 0.05111315958173606 -0.00028267555365940237 0.00083008809038982462 0.00083008809038982462 -0.00066262343126905843 0.001216525332649405 0.018676395779364689 0.022454536249084521 0.035304420270635621 0.015099204703911543
leaf_weight=475.5756643681234 1258.1212110376291 125.84424172040599 39.05276482028421 26.865740839653881 138.9152678640603 3.1281540500567635 8.2359340868133568 67.224319698165345 40.619114330023876 140.54756280496076 4851.3930629684182 14.290844968236341 9.4472660088504181 46.398607377836015 203.48600676409842 10.16774315682415 4.2389181432154137 5.2341499818867296 16.016451249728561 7.112676961151009 45.32111462893954 16.764812648078077 33.914290978602367 497.84081594477175 73.997664813505253 4.8058242556871837 8.9841330250565061 10.50702255310898 7.6177264876750987 4.1300108422146868 219.11477453418775 69.495885485870531 72.189129163612961 57.936095603945432 35.379309912430472 19.835301020633782 5.6612331473588702 56.922320682715508 18.909432271189871 8.2937300488556485 45.781702402120573 168.47656292616739 22.907995883520925 20.963705052156001 5.7033564654411739 52.991988845169544 1.997917126311221 3.6116851140104691 7.5200665896190904 105.61493318463909 8.2286488264508062 3.8836839406721984 26.063207311293812 3.9460184640192884 5.7660404405032741 2.3606997935130485 8.3988147856580309 6.6774816563120103 70.918405316333519 110.85405901014747 25.288549677476112 33.125247124065936
leaf_count=79210 228059 1845 338 1244 10562 509 225 11206 628 9019 351743 2411 624 1197 10291 402 179 53 237 213 1144 342 620 33666 1163 40 308 680 147 104 12649 3056 3866 766 997 526 81 2587 877 574 2559 15715 457 414 142 1498 59 100 854 7044 451 55 482 141 273 100 432 61 1218 1405 417 825
internal_value=0.000151732 0.00237222 0.00075587 0.000458695 0.0140759 0.0172011 -0.0127564 0.00643598 -0.000519239 -0.00598004 0.000830088 0.0307345 0.0416648 0.0107625 0.013941 0.017652 0.0484341 0.00899744 0.00666815 0.00180962 -0.00112794 0.0241668 0.0443377 0.000830088 0.0531467 0.038166 -0.00681969 0.0267715 0.0287473 0.0361481 0.0064638 0.00313402 0.0134963 0.0270621 0.0194862 0.00370449 0.0293887 0.0166995 0.023053 0.026584 0.000830088 -0.00662075 0.0103284 0.025447 0.0365895 0.0146688 0.0413412 0.0446729 0.00989059 0.00554318 0.0226641 0.0326481 0.0387522 0.0445657 0.0388156 0.0513212 0.0300844 0.0438111 0.0147695 0.019166 0.0272772 0.00325996
internal_weight=9500.62 8111.31 7133.58 7083.04 977.733 838.818 1389.31 131.185 6471.18 1282.44 5188.74 63.9611 90.812 611.857 748.006 291.569 81.3647 512.223 473.096 346.226 313.824 235.782 49.6703 806.865 77.1258 50.5361 212.47 219.017 208.51 129.974 480.19 369.094 149.979 159.431 118.812 60.8758 25.4965 111.096 84.2306 77.7896 4897.17 309.024 101.354 131.667 57.7116 73.9557 52.0082 50.0103 15.756 132.138 26.5231 39.1271 33.8929 30.0092 18.2945 12.5284 65.3211 45.7302 78.5361 126.871 32.4012 78.4464
internal_count=809090 565715 532314 531875 33401 22839 243375 15316 503180 137610 365570 4110 2475 28695 20364 11268 1851 16028 15297 13655 13025 4336 1699 58400 1672 439 10599 3994 3314 1949 25285 20145 7496 2998 2370 1604 607 5140 3896 3630 354302 24734 2426 3410 1498 1912 1356 1297 1079 8270 1226 731 678 623 775 502 3019 399 1365 1642 630 1969
is_linear=0
shrinkage=0.05


Tree=35
num_leaves=63
num_cat=0
split_feature=79 144 176 110 172 144 13 135 144 86 86 135 8 135 134 86 144 144 151 190 176 95 144 142 7 144 142 142 180 72 190 144 144 144 31 8 94 9 16 132 168 144 134 144 8 132 130 31 68 116 171 144 140 94 164 75 143 132 77 22 143 143
split_gain=101.925 74.3414 42.3447 42.1546 34.8516 30.0323 29.6062 23.1759 22.0859 20.4422 19.0471 18.7921 18.0963 17.8018 17.1831 14.2765 13.6518 13.2069 12.031 10.4651 9.52004 9.47235 15.6872 9.33375 8.59384 8.4968 8.21102 10.2439 8.85055 10.4965 8.20361 7.74398 7.47169 8.29385 9.02173 7.10268 7.05426 7.0477 6.88008 6.65512 6.29317 6.27597 6.70049 6.06045 5.97124 5.78633 5.66841 5.6765 5.47232 5.46268 5.26998 5.26627 5.24714 5.41547 5.23606 5.11095 5.06123 4.88891 4.81963 4.83184 4.75294 4.62564
threshold=-4.7008357048034659 0.92077764868736278 1.0000000180025095e-35 3.5000000000000004 1.0000000180025095e-35 0.9803157150745393 0.40825985372066503 7.1900000572204599 0.17037792503833774 6.5000000000000009 2.5000000000000004 1.5000000000000002 0.51054197549819957 -1.0000000180025095e-35 37.500000000000007 1.0000000180025095e-35 0.69189634919166576 0.9146985411643983 1.0000000180025095e-35 1.0000000180025095e-35 1.0000000180025095e-35 0.049447888508439071 0.80597889423370372 0.09801922366023065 0.19638918340206149 0.98694339394569408 1.0000000180025095e-35 0.05433915741741658 1.0000000180025095e-35 1.0000000180025095e-35 1.5000000000000002 0.73820060491561901 0.26571047306060797 0.18388988822698596 0.23711708188056949 3.7565331459045415 16806.000000000004 0.10419264435768129 26.749482154846195 28.500000000000004 1.0000000180025095e-35 0.50755655765533458 37.500000000000007 0.28847827017307287 1.0478270053863528 430.50000000000006 639.50000000000011 0.64370891451835643 -0.97858545184135426 486.50000000000006 1.0000000180025095e-35 0.28847827017307287 0.14016471058130267 1884.5000000000002 1.0000000180025095e-35 0.18333333730697635 -0.10787487775087355 160.50000000000003 12.788139343261721 0.10786321759223939 -0.34270562231540674 -0.59921255707740773
decision_type=2 2 2 2 2 2 2 2 2 2 2 2 2 2 2 2 2 2 2 2 2 2 2 2 2 2 2 2 2 2 2 2 2 2 2 2 2 2 2 2 2 2 2 2 2 2 2 2 2 2 2 2 2 2 2 2 2 2 2 2 2 2
left_child=45 6 4 7 5 37 8 -4 11 13 25 35 -8 15 23 -10 32 21 19 -7 30 -18 31 -13 -11 -6 28 38 -16 -30 39 61 33 -15 49 60 -31 50 -28 -14 44 42 51 -32 55 -1 47 -21 -12 -35 -3 -34 -48 -54 -39 -41 -17 -49 59 -20 -2 -23
right_child=1 2 3 -5 10 18 12 -9 9 24 48 14 20 16 26 56 17 -19 58 46 -22 22 -24 -25 -26 -27 27 -29 29 36 43 -33 41 34 -36 -37 -38 54 -40 40 -42 -43 -44 -45 -46 -47 52 57 -50 -51 -52 -53 53 -55 -56 -57 -58 -59 -60 -61 -62 -63
leaf_value=-0.016787904491455435 0.042481491668328451 0.029602233903360725 0.058964141857945844 -0.019347113291432558 0.062881514674985553 0.00044076578266978388 -0.010432710255252671 -0.01601274296632299 0.088647944584680505 -0.011217042452283707 -0.0088416488085398294 0.05384694743950337 0.018738692966392811 -0.0092945256061005965 -0.010847675236173894 0 0.0043585040347804581 -0.01565675776233439 0.038288893430541003 0.030081974327174417 -0.010392466814210235 0.040085091324975085 0.0054736186895453093 0.011475266541147526 0.0014784573276934374 0.012637188560430189 0.042675625915590432 0.0045699264515805475 -0.0085226710218434046 0.060079726843265763 0.027126404106358578 0.03472864195033501 0.015216449979361441 0.033724289567638475 0.0055656348737361735 0.0046241091959732415 -0.008278801978914627 -0.0043821526348766775 -0.0085131070937896399 -0.0070271229337644132 0.021818665374266341 0.0028322331032900709 -0.0019531380883424181 0.0039250089790417815 -6.7145973325602023e-05 0.0077323314766484146 -0.0092652128838250636 -0.018015610727832403 0.020559002990095755 -0.0042648885284234626 -0.010007272913666484 -0.017636617232245397 -0.0058604236567886981 0.036346329087033412 0.035449801615950953 0.0019941491304229313 0.041068096351915856 0.016086541935573562 -0.0028197928447254868 -0.0014627682581598708 -0.0017386149867232082 0.0055179821910067775
leaf_weight=826.13805780333496 70.265260889311321 23.564594685245542 99.104071699141059 21.863986447831849 42.197569998461404 145.12911872717814 662.86845756979164 8.7956511579832277 5.4960360158584072 368.47879411213216 13.703854660459909 23.746138500588131 36.322868742747232 54.854846203859779 123.79594315856957 21.937478531122906 366.34436870239733 47.585416040841665 75.893387740528851 96.167616635342711 263.56168225458532 7.6324101692589457 191.08904035876913 33.784988336250535 200.6303586737049 15.507306330138816 27.837997693350189 170.83550759666105 14.967813294424561 9.6132098209927772 37.433757871564012 108.16672775945335 8.9351645352217002 50.093637427489739 190.82400564755517 21.970931363393902 2.8166244846070176 497.22003676230815 5.4089535569073623 700.22019154860754 23.646759185576229 540.29535630263854 599.73502651138551 100.34884826050256 1870.3587476667963 20.641543030928005 29.86845716854441 9.8871162446885119 140.3472692953801 8.8085556847436219 7.8580965145083601 115.68288155831397 9.529414784570692 13.050488148859584 3.3121711649000636 194.43105452688906 7.0665005182963823 29.563975411714637 7.2596532229872528 6.7191872155090087 5.0215459115352123 64.533402566856239
leaf_count=155896 2490 646 1090 1460 514 7727 107555 694 116 29823 221 1531 1256 3341 13643 568 24699 2895 1475 1850 33473 298 10475 2265 13158 141 1413 9931 977 433 1715 5317 599 3053 11395 1052 208 33953 387 58925 1374 34958 38538 5111 146038 1475 446 335 2357 614 343 7743 107 194 32 16162 155 1093 335 354 221 3412
internal_value=0.000381407 0.0020072 0.0130223 0.0396825 0.0098793 0.00570458 5.51772e-05 0.0521923 0.00341463 0.00173799 0.0280261 0.0129787 -0.00293479 0.00377402 0.00803053 0.0371414 0.00319685 0.00855782 0.0155717 0.0107783 -0.0013728 0.0102482 0.0158559 0.0322713 -0.006724 0.0518621 0.00364236 0.010122 -0.00498785 0.0183058 -0.000545851 0.0262781 0.000479309 0.00745415 0.0113415 0.0323171 0.0452239 -0.00216822 0.0336699 -0.00114295 -0.00144394 -0.00120358 -0.00424695 0.0111328 -0.00169093 -0.016119 0.0184081 0.0236891 0.0175907 0.0277628 0.0189964 -0.0145921 0.00344408 0.0197941 -0.00372111 -0.00503859 0.0150462 0.00591244 0.0315752 0.0348714 0.0392961 0.0118583
internal_weight=9500.77 8653.99 1296.54 129.764 1166.78 955.023 7357.45 107.9 3468.25 2958.19 211.756 510.065 3889.19 2389.08 412.807 34.5 2354.58 785.351 423.068 333.196 3226.32 737.766 371.422 57.5311 569.109 57.7049 355.276 204.082 151.194 27.3976 2962.76 180.333 1569.23 304.581 249.726 97.2577 12.4298 531.955 33.247 2824.98 2788.66 1264.65 724.353 137.783 2765.01 846.78 188.067 135.619 154.051 58.9022 31.4227 124.618 52.4484 22.5799 500.532 894.651 29.004 39.4511 89.8722 82.6126 75.2868 72.1658
internal_count=810055 652684 55367 3244 52123 48890 597317 1784 225708 191157 3233 34551 371609 148176 30788 839 147337 47096 13916 11752 264054 44201 19502 3796 42981 655 26992 11731 15261 1618 230581 9027 100241 18403 15062 3763 641 34974 1800 223755 222499 81838 46880 6826 221125 157371 4025 3278 2578 3667 989 8342 747 301 33985 75087 723 1428 2164 1829 2711 3710
is_linear=0
shrinkage=0.05


Tree=36
num_leaves=63
num_cat=0
split_feature=79 144 189 135 159 15 148 132 110 159 159 130 134 189 170 143 94 112 181 135 94 110 112 151 65 190 79 144 86 94 94 68 97 144 144 142 86 13 8 8 144 186 143 110 6 79 11 26 169 13 85 64 86 68 94 72 64 142 94 3 94 22
split_gain=93.6331 67.6523 44.8776 28.8561 28.7092 28.6719 26.1047 24.4397 23.7809 20.5224 19.5177 18.4625 17.1754 14.4274 12.4817 12.9181 12.3397 11.0232 10.754 10.4363 7.72311 7.22334 9.37119 7.0902 9.78474 7.98177 6.77092 8.21502 10.5166 8.51033 6.51554 6.47735 6.40065 6.34775 8.82491 5.80173 5.38162 5.15504 6.87727 6.43643 5.15015 4.61691 4.46481 4.39829 4.38842 4.21297 4.60816 4.03759 4.0372 3.96275 3.86536 4.48593 4.31433 3.64907 3.64862 3.47253 3.47228 3.31453 3.38754 3.30119 3.19733 3.08325
threshold=-3.8837195634841915 0.92077764868736278 -1.0000000180025095e-35 4.0250000953674325 1.0000000180025095e-35 0.27887964248657232 1.0000000180025095e-35 13.500000000000002 2.5000000000000004 38.564739227294929 15.257230281829836 188.50000000000003 69.500000000000014 0.19000000506639483 1.0000000180025095e-35 -0.66101068258285511 6674.5000000000009 0.49017161130905157 1.0000000180025095e-35 2.0349999666213994 1.0000000180025095e-35 8.0000000000000018 0.80425578355789196 1.0000000180025095e-35 0.29572646319866186 1.5000000000000002 -2.0322648286819454 0.28847827017307287 1.0000000180025095e-35 1204.5000000000002 2.5000000000000004 0.99210944771766674 3.0650000572204594 0.28847827017307287 0.70178458094596874 47.633358001708991 8.5000000000000018 0.14024846255779269 3.6805884838104252 1.4186151027679446 0.9146985411643983 6.5000000000000009 3.2754380702972417 8.0000000000000018 4.8156001567840585 -0.97126883268356312 0.67287680506706249 2.8978366851806645 1.0000000180025095e-35 0.36138583719730383 4.5000000000000009 -0.18518992513418195 1.0000000180025095e-35 0.9526222050189973 356.50000000000006 0.81174489855766307 -0.93070784211158741 8.9645895957946795 23695.500000000004 0.43198713660240179 6796.5000000000009 0.4951023161411286
decision_type=2 2 2 2 2 2 2 2 2 2 2 2 2 2 2 2 2 2 2 2 2 2 2 2 2 2 2 2 2 2 2 2 2 2 2 2 2 2 2 2 2 2 2 2 2 2 2 2 2 2 2 2 2 2 2 2 2 2 2 2 2 2
left_child=12 2 6 4 8 18 16 19 -3 14 35 17 -1 -7 -9 -16 -2 20 23 26 -10 22 -12 24 56 30 -4 45 29 -29 -25 48 -8 -18 -35 47 -26 38 39 -17 -36 53 -24 -11 -44 -28 -47 -6 -32 -49 51 -21 -53 -15 -43 57 -5 -56 59 -59 -38 -14
right_child=1 3 7 5 10 13 32 9 11 43 21 -13 61 41 15 37 33 -19 -20 50 -22 -23 42 25 36 -27 27 28 -30 -31 31 -33 -34 34 40 -37 60 -39 -40 -41 -42 54 44 -45 -46 46 -48 49 -50 -51 -52 52 -54 -55 55 -57 -58 58 -60 -61 -62 -63
leaf_value=-0.016712686340508886 -0.013834088583538011 -0.020802482839891383 0.046803571919295309 -0.018148618969497852 -0.014678378167804325 -0.0061674474003583718 0.0023546602214887698 0.0023546602214887698 -0.008876456932574028 0.041225421068066717 0.048733892473029061 0.003518318726556557 0.011763270980233786 0.046785443422027617 0.02547285828167083 0.0049755054591387347 0.0023546602214887698 -0.008876456932574028 -0.0024205072307029946 0.0023546602214887698 0.053254070495533948 -0.0063474262335148001 -0.0084102937034602806 0 0.025719903015837847 -0.0078198939466529085 0.0023546602214887698 0.0023546602214887698 0.0023546602214887698 0.074830837347251072 0.045477582450432957 -0.0094451283793343249 -0.011629930469286096 -0.013515514520843569 0.0023546602214887698 0.017589762001870259 0.019455340902180873 0.0035898929519680893 0.0023546602214887698 0.040034953478604189 -0.024784620035410761 -0.0061674474003583718 0.037796039963004693 0.0023546602214887698 -0.011093849003162225 0.041269845141433475 0.0023546602214887698 -0.0056468575017250746 0.0038005362659596399 0.029182299746294826 0.0023546602214887698 0.0023546602214887698 0.05277634231861851 -0.0032652664828641612 -0.00075375578207789295 -0.0061674474003583718 0.0054913238343283315 -4.9697791744778648e-05 -0.0061674474003583718 0.039988729611701773 -0.005443353826245916 -0.0036158607107646908
leaf_weight=859.08202885594801 867.95877095381002 12.784248976131492 29.887248240134795 13.766950807053943 69.363734733866295 347.0701802700496 307.72985726407933 4637.7270231698203 2.4987107040942638 38.340300478157587 39.429946282267338 28.39434686570894 53.086796968782437 12.990365228455628 110.30959807554609 25.091015912024886 98.790348825823457 5.7639451643044586 62.922025360909174 14.745788370069933 143.52514727785456 10.13525430858135 14.596055348243683 11.934729075117501 141.03237549637561 9.6172440440277551 5.599841900431783 4.0716702963400149 53.570176052424358 4.098703344585374 75.219418290442263 3.995587122757569 84.852250840594934 201.911085614287 113.13304099468223 21.60304120076762 15.935694945510475 371.28473678350565 45.604721046955092 33.19631470447348 12.449825804564169 14.182625873407231 10.572693765891016 4.4723555325763291 2.9111587382940334 46.030282137857284 9.6308848047628981 17.940485110200829 8.7364209152001404 7.4643655067193313 77.868530126957921 6.0609068667836237 7.7203776110400213 2.6674193814687888 11.035657293614348 5.691829294897615 82.039004733036563 4.7870605800999391 2.8734144605405154 22.879475789304706 27.256247825411265 66.892868776682008
leaf_count=167158 129903 1508 506 415 3063 24750 29361 335589 133 348 330 778 3773 264 3131 860 8127 994 4331 693 2238 66 688 741 2658 82 58 136 1399 83 923 53 13929 18484 9350 668 325 20586 1420 1092 872 316 409 33 101 646 83 562 241 348 5099 357 214 47 482 132 2285 79 65 352 588 4897
internal_value=0.000351566 0.002048 0.000171407 0.0126961 0.0240253 0.00755864 -0.00695104 0.00235466 0.0375151 0.00235466 0.00987749 0.0422378 -0.0142448 -0.00173266 0.00235466 0.0103334 -0.0104166 0.0489783 0.0162476 0.0175776 0.0516458 0.0284976 0.0341506 0.019319 0.0144723 0.0303218 0.0257946 0.0188656 0.00482188 0.0473022 0.0344302 0.0388959 0.00235466 -0.0033205 -0.00712915 -0.00300235 0.0210738 0.00653816 0.0161963 0.0269233 0.00235466 0.0170843 0.00864611 0.0361409 0.0257425 0.0312102 0.0352431 -0.0085933 0.0418791 0.00688039 0.00491764 0.0198866 0.0361792 0.0383222 0.00882021 0.0155037 0.00111467 0.0207422 0.0282264 0.0333485 0.0042897 0.00318721
internal_weight=9454.81 8475.75 7212.14 1263.62 386.983 876.634 1686.83 5525.31 192.966 5266.03 194.017 180.182 979.062 424.178 5223.21 585.486 1294.24 151.788 452.456 259.284 146.024 77.6451 67.5099 389.534 280.03 109.503 152.889 123.002 61.7405 8.17037 99.8862 87.9514 392.582 426.284 327.494 116.372 184.224 475.177 103.892 58.2873 125.583 77.1078 28.0799 42.8127 13.4839 61.261 55.6612 94.7686 83.9558 25.4049 106.396 28.5271 13.7813 15.6578 61.4501 47.2674 95.806 41.5756 30.54 27.6665 43.1919 119.98
internal_count=809202 633374 582359 51015 11886 39129 210026 372333 5651 363059 6235 4143 175828 26487 362678 27089 166736 3365 12642 9274 2371 1594 1528 8311 6271 2040 2911 2405 1618 219 1958 1217 43290 36833 28706 4641 3571 23958 3372 1952 10222 1737 1198 381 510 787 729 3973 1164 910 6363 1264 571 311 1426 1110 2700 978 496 431 913 8670
is_linear=0
shrinkage=0.05


Tree=37
num_leaves=63
num_cat=0
split_feature=183 159 144 147 189 139 180 144 176 98 110 134 86 86 71 116 172 144 189 144 86 152 86 23 66 189 98 186 142 141 63 1 76 76 5 143 15 2 69 144 47 134 142 147 74 36 147 132 115 148 66 152 134 116 141 63 171 109 115 64 63 71
split_gain=84.9013 49.5226 34.1137 26.1545 21.9279 27.0315 18.5395 18.5096 33.704 12.7679 11.4811 11.3698 14.3068 10.3311 8.28524 9.41145 8.03685 15.0662 10.3491 9.98928 7.25692 7.14877 11.9103 6.7332 6.42881 6.30862 16.3792 14.2495 7.69757 6.08196 5.75748 5.3451 5.00186 4.96441 4.88312 6.0427 5.66462 4.75824 4.59357 4.39777 6.44336 4.37359 4.25941 8.95416 5.68099 5.87031 5.11131 4.86706 4.65632 4.39033 4.23423 4.22193 4.18769 4.14596 4.06335 4.30446 4.02537 3.99429 4.27545 3.87557 3.72701 4.1325
threshold=1.0000000180025095e-35 38.564739227294929 0.9803157150745393 0.79087123274803173 -1.0000000180025095e-35 0.15667280554771426 1.0000000180025095e-35 0.9146985411643983 1.0000000180025095e-35 1.5000000000000002 8.0000000000000018 1.0000000180025095e-35 1.0000000180025095e-35 10.500000000000002 -1.0000000180025095e-35 7.5000000000000009 1.0000000180025095e-35 0.7152407467365266 -1.0000000180025095e-35 0.17632728815078738 12.500000000000002 0.80411005020141613 5.5000000000000009 0.94691693782806408 -0.05799115635454654 0.19000000506639483 -1.0000000180025095e-35 6.5000000000000009 0.08460803329944612 0.13139995187520984 0.28969739377498632 0.42876698076725012 357945.78125000006 155227.58593750003 0.83529695868492138 -0.45691856741905207 0.52749735116958629 21.59423923492432 7.4119844436645517 0.14102128148078921 0.20109482109546664 199.50000000000003 47.633358001708991 0.76028168201446544 1.0000000180025095e-35 1.4007993936538699 0.94606825709342968 756.50000000000011 34.076738357543952 1.0000000180025095e-35 0.95964401960372936 0.82336455583572399 1464.5000000000002 529.50000000000011 0.13409328460693362 0.83417448401451122 1.0000000180025095e-35 0.50019478797912609 1.0170743465423586 0.87423545122146618 -0.91380271315574635 0.87837970256805431
decision_type=2 2 2 2 2 2 2 2 2 2 2 2 2 2 2 2 2 2 2 2 2 2 2 2 2 2 2 2 2 2 2 2 2 2 2 2 2 2 2 2 2 2 2 2 2 2 2 2 2 2 2 2 2 2 2 2 2 2 2 2 2 2
left_child=1 2 3 6 5 -5 16 -2 57 -10 -3 12 33 -7 42 20 18 19 -1 24 23 22 -19 32 -18 -13 27 52 -29 -20 -21 -30 -16 -6 36 41 37 -31 53 40 -28 -36 46 -44 45 47 54 48 49 -45 -8 -33 -27 56 -4 59 -38 58 -9 -56 -43 -62
right_child=7 10 14 4 11 13 50 8 9 -11 -12 25 -14 -15 15 -17 17 21 29 30 -22 -23 -24 -25 -26 26 39 28 31 34 -32 51 -34 -35 35 -37 38 -39 -40 -41 -42 60 43 44 -46 -47 -48 -49 -50 -51 -52 -53 -54 -55 55 -57 -58 -59 -60 -61 61 -63
leaf_value=-0.01427737080310644 -0.013406250825308533 0.045113220308683671 -0.0096757210355841016 -0.017064372053615561 0.08681184770765589 0.00049295311752126948 0.051704199462222038 0.026009467904411034 0.055305215657960018 -0.011787496895058064 -0.0016488110264388214 0.00049295311752126948 0.0086737282987669664 -0.012054342768750868 0.027924731283498108 -0.0025982056690134563 -0.0025265847135506215 0.050327665267784094 -0.00070402145410047422 0.01916070138143602 -0.0075605005047024347 0.0040187444714084777 0.003001356126052799 -0.0067490849762353328 0.051003156253550036 0.050170768220392958 0.040399823570231058 0.028008302417522862 0.00049295311752126948 0.0071939127182432012 -0.0072998673367206356 0.016955566161416091 -0.0079174975427454657 0.00049295311752126948 -0.00070402145410047422 0.0027791842266352211 0.048661101349687312 -0.00070402145410047422 -0.00070402145410047422 0.00049295311752126948 0.00049295311752126948 0 -0.017154981498336119 0.056271563895238824 -0.0011407758131646698 -0.0046115433380454927 -0.015761466623732862 -0.0061375549645603369 -0.0051748138240688768 0.0083271882392842635 -0.0037494027861139471 0.00049295311752126948 0.00049295311752126948 -0.00070402145410047422 0.022130561587435406 -0.0096757210355841016 -0.00065584328726150888 -0.015872951865976426 -0.010952740686765284 -0.0038269592275246306 0.065128914419633144 0
leaf_weight=65.174042772872781 1205.4924074602095 76.526356209535152 25.762706522378721 411.82229971884226 4.8406510292552403 483.96088939158653 22.700779335951669 9.7357772305695125 30.952823393898143 6.1870491234512874 14.019140458549371 3796.1443306126603 50.618247950042132 165.11947616775433 229.84302897758607 39.672299563928391 6.5811917393439243 47.294659951250651 284.78732484839566 20.462617556026089 15.28279181626567 24.069888445650577 20.272982542897807 12.953714536808546 11.25905981940741 24.768932210106872 12.124054778978463 44.578423936371109 161.33336457626137 643.5991780066106 98.683722482062876 123.94892352218449 7.0024520993756587 2.409204286232125 2.5336294112494242 22.031406277528731 19.161997835282826 81.000707375424099 6.7945150004525194 770.33550516024115 17.24334188400826 2.904474702503653 13.153803610541216 25.940463324150187 16.930341599727399 7.767090437024307 30.69806862812402 3.6314081111922851 2.8593990711087818 9.5203648168244381 2.2583260889368821 31.846748067197041 2.0858016890124409 4.992500007749185 54.630014370297431 12.914743164743411 3.6451738876203299 69.110628353431821 11.317084393129333 15.18114368351962 11.924282914536883 2.3706988485937481
leaf_count=9983 227728 653 836 72109 84 33484 592 340 480 931 99 291036 1600 15293 3581 2793 265 1441 14772 1020 293 699 872 1301 464 599 641 769 7069 31524 5824 5216 82 38 138 1147 989 4677 394 43198 955 170 248 571 533 616 1261 87 204 96 76 1673 38 348 1369 287 219 11504 1936 306 686 136
internal_value=0.000181219 0.00210506 0.00167502 0.000806418 -0.000607093 -0.00712534 0.00694684 -0.0114879 0.00630906 0.0434627 0.037904 0.000765103 0.0219052 -0.00069886 0.0139535 0.0192808 0.00605728 0.0145771 0.00428751 0.00356376 0.0226353 0.0297456 0.0376576 0.0246929 0.0339314 0.000492953 0.00412579 0.0124961 0.00943645 0.00548516 -0.00196539 0.006354 0.0266199 0.0709987 0.00770751 0.0237427 0.0066431 0.00554868 0.0253396 0.000492953 0.0185342 0.0408436 0.00616328 0.0150114 0.0224628 0.0303271 0.000572145 0.0371305 0.042043 0.0466373 0.0460639 0.0128155 0.0449719 0.0335019 0.00590499 0.0113171 0.0411793 -0.0102119 0.00689187 0.0162732 0.0484636 0.0564373
internal_weight=9454.77 8121.97 8031.43 7507.68 6103.18 1060.9 1404.5 1332.8 127.303 37.1399 90.5455 5042.28 57.8681 649.08 523.744 304.754 1379.54 228.624 1150.92 136.987 265.082 91.6375 67.5676 249.799 17.8403 4984.41 1188.27 388.562 361.707 1085.75 119.146 317.129 236.845 7.24986 800.959 41.7645 759.194 724.6 34.5942 799.703 29.3674 19.7331 218.99 79.8029 66.6491 49.7187 139.187 41.9516 38.3202 35.4608 24.9591 155.796 26.8547 27.7997 108.489 82.7259 22.8072 90.1635 21.0529 69.8112 17.1995 14.295
internal_count=808373 565454 564702 550238 473802 120886 76436 242919 15191 1411 752 352916 1722 48777 14464 8050 75768 10585 65183 7573 5257 3012 2313 4964 729 351194 60158 15364 14727 55200 6844 13958 3663 122 40428 2277 38151 36201 1950 44794 1596 1130 6414 2355 2107 1574 4059 958 871 667 668 6889 637 1556 2798 1962 1208 13780 2276 1675 992 822
is_linear=0
shrinkage=0.05


Tree=38
num_leaves=63
num_cat=0
split_feature=13 189 170 159 144 172 110 85 144 86 159 85 104 132 144 144 179 86 189 116 110 79 189 144 148 66 4 144 144 23 140 66 67 86 67 27 144 132 65 144 144 144 67 177 189 186 79 65 73 144 47 8 63 4 147 67 8 13 95 63 7 15
split_gain=78.3086 58.1667 36.621 38.7874 21.6265 17.7266 29.9269 17.2491 15.2926 14.9229 14.8854 14.6065 14.024 11.8672 16.7972 22.781 20.9664 12.8004 11.7866 11.4396 11.3349 10.9212 9.92238 9.04984 8.49629 7.83098 7.70456 8.76027 7.10723 6.94442 6.67276 6.27634 6.45802 6.21461 6.1391 6.07786 5.85974 5.68339 5.59424 6.50604 6.74044 8.01438 5.22221 5.21405 5.069 13.774 6.78557 4.86936 4.70905 4.69006 4.68409 5.21207 4.58874 4.53845 4.527 5.00413 4.49539 4.44831 4.37391 4.36445 4.50542 4.33128
threshold=0.48135694861412054 -1.0000000180025095e-35 1.0000000180025095e-35 38.564739227294929 0.93159422278404247 1.0000000180025095e-35 3.5000000000000004 1.0000000180025095e-35 0.96691203117370617 8.5000000000000018 38.564739227294929 3.5000000000000004 8889.2070312500018 13.500000000000002 0.28847827017307287 0.51247820258140575 1.0000000180025095e-35 2.5000000000000004 -1.0000000180025095e-35 4.5000000000000009 2.5000000000000004 -1.8963199853897093 0.29000000655651098 0.9146985411643983 1.0000000180025095e-35 -0.150958776473999 10.084745883941652 0.028620053082704548 0.13399386405944827 0.48701404035091406 0.14016471058130267 -0.60314476490020741 0.98321348428726207 4.5000000000000009 -0.80858501791954029 0.57372382283210765 0.26571047306060797 406.50000000000006 -0.082825280725955949 0.87233012914657604 0.80597889423370372 0.7152407467365266 0.94840008020401012 1.0000000180025095e-35 0.19000000506639483 1.5000000000000002 -0.8287660777568816 -0.98876658082008351 1.0000000180025095e-35 0.67342856526374828 0.20109285414218905 1.0478270053863528 0.24751415848731997 0.28986184298992163 0.87536981701850902 0.41072499752044683 0.40994565188884741 0.42026217281818395 0.22709245234727862 0.55484572052955639 0.19638918340206149 0.5239725410938264
decision_type=2 2 2 2 2 2 2 2 2 2 2 2 2 2 2 2 2 2 2 2 2 2 2 2 2 2 2 2 2 2 2 2 2 2 2 2 2 2 2 2 2 2 2 2 2 2 2 2 2 2 2 2 2 2 2 2 2 2 2 2 2 2
left_child=2 7 3 4 9 6 19 12 33 13 22 -4 -2 14 16 21 17 26 -15 20 35 -16 -3 24 38 -26 27 -1 -19 36 34 -29 -33 -7 -13 -6 43 -11 47 40 41 -40 -5 54 -8 -46 -47 -17 58 -27 -24 -52 -41 -12 55 56 -20 -36 -10 60 -49 -39
right_child=1 10 11 42 5 8 44 -9 48 37 53 30 -14 18 15 23 -18 28 29 -21 -22 -23 50 -25 25 49 -28 31 -30 -31 -32 32 -34 -35 57 -37 -38 61 39 52 -42 -43 -44 -45 45 46 -48 59 -50 -51 51 -53 -54 -55 -56 -57 -58 -59 -60 -61 -62 -63
leaf_value=-0.0098012264522749065 -0.00064160055675514631 -0.00064160055675514631 0.029323744139948139 0.046772523938319793 0.02631237376616205 0.068097311020156856 -0.0079903459866795118 -0.015788532830491895 0.034911284012438648 -0.010319097453199514 -0.00064160055675514631 0.018800577575005292 -0.011993687718291811 -0.013619379812174776 0.02076499224505518 -0.012643702350198037 -0.021545010432906526 0.02914797734315365 -0.0052479198892074336 0.0026233824793487339 0.05120017490873946 -0.017098058328970208 -0.00064160055675514631 -0.016607641908867224 0 0.010789030455524934 -0.0093037996341396763 0.010882965064044271 0.004066939906939856 -0.00050279040020951855 0.018800577575005292 0.064079456845807181 0 0.021482055691812885 -0.0016567607904774571 -0.0079421203253593805 0.0031516801858084268 0.011694373721586796 -0.0025189337943643912 0 -0.015299529834904266 0.020044780165645055 0 0.056502851472838539 0.061530562427761851 0.030040675865796441 -0.0079903459866795118 0.041177871797545555 -0.0020162987386985356 0.045120861078075621 0.0007412112977832568 0.01932518120936361 0.038239332873248121 0.039150151693021239 -0.0011970295040701787 0.0012622862363308399 0.032535954290982931 0.018800577575005292 0.012547490367119616 0 0 -0.016980959503314724
leaf_weight=4.2614127524429923 234.05449060442334 2735.3702582853293 161.07976515448536 51.896801777882501 27.208770353689033 19.530889990608557 219.374438066734 1053.9365332399029 30.534237799642142 353.51173392673081 5.4570823513204294 45.766312533436576 352.93902533451183 135.74038989167457 16.910909580590669 5.4933091859857077 23.489024762813642 43.068852039607009 6.5553369155968531 46.178928619054204 43.509261092331144 147.01468860579917 37.388753618637566 26.190653191602905 21.713848302824772 21.295939789430122 4.4950328365521264 12.600750745041294 80.368352635880001 1582.3671164775733 165.50325241895916 43.108383395403507 5.0202867203479391 22.811821017065085 168.97973920627555 17.077261292695766 540.36969685158692 52.768675999599509 109.85058639166527 11.406901331662086 47.716154346977419 54.302222083249944 5.6320137807633719 2.8699122674297532 5.0957377792510661 8.4623689365398587 47.221371110499604 29.623753712294274 30.19717474427307 35.94599868581281 58.960769470751984 118.90658187534427 16.026079077171744 25.971809738781303 41.291409072451643 31.669214578490937 44.572642800703761 18.633450320732663 108.0578486660379 11.244577247314735 7.2419956685771458 11.803153008018851
leaf_count=35 31292 207702 3094 421 830 496 12190 207335 328 29407 45 1609 63405 22437 650 311 3225 1711 392 2967 622 9972 1860 1420 1129 1331 127 348 5131 103147 5883 1595 215 955 5814 624 36306 3623 7415 691 2906 2907 45 82 65 180 1193 1625 302 1748 2735 5048 924 245 3044 1957 2809 865 1002 625 351 851
internal_value=0.000229505 -0.00441562 0.0046856 0.00308968 0.00249932 0.0110446 0.00484304 -0.011961 0.0226996 0.000987362 -0.000242184 0.016661 -0.00497126 0.00216985 0.00751113 0.00283573 0.0192011 0.0247073 0.000404412 0.023854 0.0340085 -0.012545 -0.000641601 0.0093089 0.0113967 0.025623 0.0415091 0.0457943 0.0138067 0.00128998 0.0111859 0.0505247 0.0584319 0.0484329 0.00539989 0.0131305 0.00555031 -0.00782182 0.00711225 0.00351408 0.000197661 0.00516928 0.0422118 0.0150638 -0.00441951 0.00771653 -0.00146015 0.0210786 0.0148926 0.0346427 0.00996438 0.0134902 0.0243773 0.0315111 0.0117603 0.0182072 0.0272102 0.0010246 0.0186928 0.0262276 0.033664 0.00524975
internal_weight=9447.65 4622.99 4824.66 4264.7 4207.17 625.26 414.128 1640.93 211.132 3581.91 2982.06 559.963 586.994 3163.83 778.39 561.978 216.412 192.923 2385.44 133.974 87.7953 163.926 2950.63 398.052 371.861 78.9558 69.4859 64.9908 123.437 2249.7 398.883 60.7294 48.1287 42.3427 233.38 44.286 667.328 418.084 292.906 239.302 211.869 164.153 57.5288 126.959 280.154 60.7795 55.6837 53.6036 168.789 57.2419 215.256 177.867 27.433 31.4289 124.089 82.7972 51.128 187.613 138.592 48.1103 36.8657 64.5718
internal_count=809599 519667 289932 272667 272201 21754 18671 302032 3083 250447 217635 17265 94697 216566 46392 34005 12387 9162 170174 5043 2076 10622 217345 23383 21963 4208 2320 2193 6842 147737 14171 2158 1810 1451 8288 1454 44590 33881 17755 14843 13228 10322 466 8284 13628 1438 1373 2912 1632 3079 9643 7783 1615 290 8202 5158 3201 6679 1330 2601 1976 4474
is_linear=0
shrinkage=0.05


Tree=39
num_leaves=63
num_cat=0
split_feature=111 144 176 189 135 15 139 159 159 170 135 71 142 134 144 144 189 144 159 170 142 142 13 15 144 144 144 144 4 8 112 95 144 171 181 78 133 79 73 130 73 169 55 85 68 141 94 13 150 94 8 31 142 79 95 141 152 67 144 65 7 142
split_gain=69.6592 60.0082 41.9769 34.7563 33.5129 27.5983 23.0904 20.3809 20.2822 17.4925 14.1455 13.5719 13.3943 11.6755 11.0798 11.2583 10.7421 9.26805 7.78962 7.73071 8.34016 8.39969 7.03433 6.97243 6.73756 6.43499 6.17889 5.88219 5.822 5.79504 5.72715 5.65721 5.50703 5.46136 5.46481 5.36263 5.08326 4.47744 4.38551 4.85843 4.3725 4.31547 7.64347 4.31225 5.36798 4.29892 4.80304 4.11535 4.02819 3.96614 3.95526 3.87779 4.89718 3.85708 3.80513 3.78934 3.4609 3.31368 3.21775 3.17574 3.11014 3.10178
threshold=1.0000000180025095e-35 0.92077764868736278 1.0000000180025095e-35 -1.0000000180025095e-35 6.0250000953674325 0.28747463226318365 0.15667280554771426 38.564739227294929 21.643670082092289 1.0000000180025095e-35 -1.0000000180025095e-35 -1.0000000180025095e-35 0.08460803329944612 1.0000000180025095e-35 0.68732738494873058 0.82798999547958385 0.31000000238418585 0.99691995978355419 1.0000000180025095e-35 1.0000000180025095e-35 0.88973176479339611 2.6635267734527592 0.11948709934949876 0.032424582168459899 0.96691203117370617 0.2091881260275841 0.23567233234643939 0.9146985411643983 10.084745883941652 1.2236579656600954 0.88827416300773632 0.56253230571746837 0.16140455007553103 1.0000000180025095e-35 1.0000000180025095e-35 0.047405607998371131 367.50000000000006 1.6788303852081301 1.0000000180025095e-35 1359.5000000000002 1.0000000180025095e-35 1.0000000180025095e-35 5.5000000000000009 8.5000000000000018 -0.68350130319595326 0.12768252938985827 22104.500000000004 0.024569208733737472 2.5000000000000004 1066.5000000000002 2.6815149784088139 0.76655831933021557 1.8483623266220095 -1.0384228825569151 0.7117014229297639 0.12015969678759576 0.93754005432128917 0.82092547416687023 0.9146985411643983 0.97223842144012462 0.79359379410743724 0.13819681853055957
decision_type=2 2 2 2 2 2 2 2 2 2 2 2 2 2 2 2 2 2 2 2 2 2 2 2 2 2 2 2 2 2 2 2 2 2 2 2 2 2 2 2 2 2 2 2 2 2 2 2 2 2 2 2 2 2 2 2 2 2 2 2 2 2
left_child=1 3 5 6 24 10 -1 17 9 13 -3 33 25 37 26 22 58 29 41 20 -13 -22 23 -16 -4 38 32 53 43 -7 35 36 -14 34 -12 40 -21 -5 39 55 -10 42 60 44 -23 -24 59 -46 56 -39 -19 -20 -53 -8 61 -11 -31 -25 -15 -47 -18 -34
right_child=-2 2 4 8 -6 7 27 -9 30 12 11 19 14 16 15 -17 18 50 51 31 21 28 45 57 -26 -27 -28 -29 -30 48 -32 -33 54 -35 -36 -37 -38 49 -40 -41 -42 -43 -44 -45 47 46 -48 -49 -50 -51 -52 52 -54 -55 -56 -57 -58 -59 -60 -61 -62 -63
leaf_value=-0.011790550056121863 -0.014716346421777216 0.057466004275063626 0.070227453670480972 0.0034822802334039983 -0.0089989792742396456 -0.0079686439063663943 -0.011790550056121863 0.036730958103467597 0.048568445635086333 0 0.010254555596145276 -0.01655996213436238 0.00077286478403098982 -0.00013203540219458985 0.0018726199283970284 7.840800267393502e-05 0.047644513185922374 0.021984417312522514 -0.00013203540219458985 0.034027189356173375 0.055114536566965244 0.0066945629616828265 -0.00013203540219458985 0.070461802783591487 0.034995937838607757 0.0049993811919631006 -0.00013203540219458985 -0.011790550056121863 -0.0076129898455807492 0.0076811387332264523 0 0.047950939566557368 -0.00013203540219458985 -0.021304509497820347 -0.011497834847889892 0 -0.00090265891546419022 -0.00013203540219458985 0.0023397399628904115 0 0.0003806769847336259 0.0019012884151823105 0.0054620587409311564 0.0077218819713497106 -0.0095561604984099185 0.031614275028241941 -0.00013203540219458985 0.032656469838961803 -0.013158473584470344 0.037514549242810537 -0.011954744991982957 0.031098880214260036 -0.00013203540219458985 -0.00013203540219458985 -0.00013203540219458985 0.063701018148428837 -0.0078325119526221291 0.0055022234064489757 -0.010568495652406164 -0.00013203540219458985 0.0026744089015418131 0.031596042502240344
leaf_weight=941.82100445187098 718.91453273286606 16.077139672852354 37.259000282851048 27.197738172893878 26.960642673810071 293.79002067406691 57.332596636355447 32.65493692480959 35.110434590227669 1.8887561033479965 172.55742065286904 13.917673329749958 61.549108171049738 4661.1372538364812 7.6823077762383063 63.254307986208005 30.936503600241849 49.94750833290891 94.251057047295035 14.034299185354028 10.843205295532242 40.789963507711946 13.360078401557983 14.937247854453746 60.568606252680183 18.471531230185064 271.77012897084933 24.435131202859338 20.887105934329156 182.5953809255152 12.951160653363329 39.523052916541928 4.7923180524521731 13.69480266002938 29.151504215740715 4.930243427399545 19.534460471841157 4.5336859850503961 6.9662905695149666 3.4010687852423862 6.6186562521179431 23.565528337552678 27.252945213243947 81.851164705440169 3.1035044587333678 49.239957235622569 11.328511641549992 83.796663390807225 31.114141355850734 30.674250774667598 5.8826927317422806 18.303544612761474 7.9542672695533829 696.55380408743804 7.0004508197889654 21.677580213057809 38.682663428335218 4.1427033825602839 75.91388057457516 3.5278550351213189 6.3495480938290703 42.771578625717666
leaf_count=165593 148805 170 425 910 2093 24226 5023 267 446 51 3621 440 2568 334719 167 3057 647 1759 4522 142 266 1001 627 383 749 371 14098 1642 730 8975 852 393 180 453 2011 47 224 106 243 93 104 1044 1369 2797 81 2147 654 2310 1663 792 155 1045 455 50805 283 554 2121 120 5404 156 160 1744
internal_value=0.000184526 0.00142435 0.0112272 -0.0003273 0.0383298 0.00822684 -0.00654553 0.00102183 0.00155705 0.00123082 0.0162704 0.014494 0.00920617 0.000249758 0.00670409 0.0172701 -2.68704e-05 -0.00116055 0.0110905 0.0208468 0.0159975 0.0182752 0.0269943 0.0481348 0.0514198 0.0323926 0.00191674 -0.000132035 0.0153018 -0.0032337 0.0294304 0.0353489 0.0117514 0.00444557 0.00678783 0.0368843 0.0155706 0.0209193 0.0441048 0.0520582 0.0423189 0.0219969 0.0283107 0.0178266 0.0235804 0.0169108 0.0222791 0.030439 0.00222848 0.0316593 0.0173087 0.00235891 0.0181785 -0.000132035 0.0226111 0.0588039 0.00474549 0.0614669 -0.000132035 0.0283061 0.0417994 0.0275671
internal_weight=9433.72 8714.8 1319.22 7395.59 124.788 1194.43 1720.14 634.667 5675.44 5615.83 559.762 543.685 607.762 5008.07 555.357 167.473 4945.66 602.012 208.613 328.281 255.189 241.272 104.219 26.7623 97.8276 52.4052 387.884 778.322 230.428 546.182 59.6105 73.0918 116.113 215.404 201.709 46.6593 33.5688 62.4057 33.9337 26.9674 41.7291 88.1045 64.539 209.541 127.69 77.4564 64.0963 86.9002 252.392 35.2079 55.8302 120.509 26.2578 753.886 54.5643 23.5663 221.278 19.08 4737.05 52.7678 37.2861 47.5639
internal_count=809058 660253 57072 603181 3267 53805 223063 39166 380118 378669 14639 14469 27496 351173 26184 7311 349365 38899 9242 8384 7625 7185 4254 670 1174 1312 18873 57470 6919 36985 1449 759 4775 6085 5632 597 366 1808 941 698 550 3220 2176 6189 3392 3584 2957 2391 12759 898 1914 6022 1500 55828 2207 605 11096 503 340123 2303 807 1924
is_linear=0
shrinkage=0.05


Tree=40
num_leaves=63
num_cat=0
split_feature=79 144 176 110 189 172 139 159 144 135 132 144 151 189 186 136 159 79 182 159 110 147 140 87 133 73 141 144 68 186 9 171 47 133 63 141 76 144 19 75 132 144 66 68 79 76 144 66 79 72 4 43 18 148 159 169 43 4 66 67 66 40
split_gain=63.5244 49.9173 33.6551 35.0776 29.6749 29.0408 22.6811 21.3828 19.3634 17.181 16.1096 10.1319 9.38831 8.70603 12.2452 8.49828 8.46147 8.19228 14.3934 7.5887 6.95042 6.87067 7.48797 6.88705 7.20103 6.38104 6.29177 5.57033 5.48487 5.22778 5.15179 5.94127 4.945 4.7944 4.48571 4.47046 4.43242 4.08617 3.99424 3.89669 4.39539 3.88474 3.85992 5.22528 3.68994 4.59067 4.02975 3.68551 3.53953 3.39179 6.82651 4.81484 3.37143 3.28527 5.48796 5.12937 3.65454 3.27457 3.25552 4.20538 3.24025 3.08948
threshold=-4.8404808044433585 0.92077764868736278 1.0000000180025095e-35 3.5000000000000004 -1.0000000180025095e-35 1.0000000180025095e-35 0.15667280554771426 20.415182113647464 0.9803157150745393 7.1900000572204599 38.500000000000007 0.96691203117370617 1.0000000180025095e-35 0.19000000506639483 2.5000000000000004 1.0000000180025095e-35 38.564739227294929 -1.9627202749252317 1.0000000180025095e-35 14.730658054351808 8.0000000000000018 0.89589354395866405 0.13690296560525897 2.5000000000000004 303.50000000000006 1.0000000180025095e-35 0.13421125710010531 0.9146985411643983 -0.33510351181030268 2.5000000000000004 0.10419264435768129 1.0000000180025095e-35 0.49108839035034185 -1.0000000180025095e-35 -0.9507477581501006 0.13540495932102206 82822.421875000015 0.080009751021862044 0.96129348874092113 0.18333333730697635 97.500000000000014 0.96691203117370617 0.56378373503685009 -0.99279457330703724 -0.031552866101264947 174628.14062500003 0.90152683854103099 0.96907123923301708 -1.0384228825569151 0.81174489855766307 1.7917488217353823 0.30372524261474615 72.211868286132827 1.0000000180025095e-35 3.1593400239944462 1.0000000180025095e-35 0.95541036128997814 1.4221073985099795 0.95964401960372936 -0.54394683241844166 0.37588588893413549 1.841444253921509
decision_type=2 2 2 2 2 2 2 2 2 2 2 2 2 2 2 2 2 2 2 2 2 2 2 2 2 2 2 2 2 2 2 2 2 2 2 2 2 2 2 2 2 2 2 2 2 2 2 2 2 2 2 2 2 2 2 2 2 2 2 2 2 2
left_child=57 4 5 9 6 8 -2 10 16 41 15 -7 13 29 -15 17 30 52 44 53 39 22 -12 26 -25 32 36 48 58 -10 31 60 34 -13 -9 -14 -24 -26 -28 40 -21 -4 43 -35 -19 46 -46 -39 -8 -32 51 -51 -6 54 55 56 -16 -1 59 -17 -3 -5
right_child=1 2 3 61 7 11 27 25 12 -11 21 33 35 14 19 28 -18 18 -20 20 -22 -23 23 24 37 -27 38 -29 -30 -31 49 -33 -34 42 -36 -37 -38 47 -40 -41 -42 -43 -44 -45 45 -47 -48 -49 -50 50 -52 -53 -54 -55 -56 -57 -58 -59 -60 -61 -62 -63
leaf_value=-0.014241531701730998 -0.011389095224349319 0.0043081086648712238 0.06929316824829139 0 0.041805773871792379 0.044060112110707178 -0.011389095224349319 0.00019542369896166599 -0.018338055315052899 -0.012970882424820805 0.00019542369896166599 0.043422139837547585 0.012309789170813389 0.068687450349797827 0.030269392001201385 0.00019542369896166599 0.03057540599232832 0.00019542369896166599 0.00019542369896166599 0 -0.00031683390440653451 0.00019542369896166599 0.00019542369896166599 0.0057501463473969578 0.00019542369896166599 0.00019542369896166599 0.0084336635131700474 -0.011389095224349319 0.00019542369896166599 -0.00031683390440653451 -0.0068183697713549325 -0.015897417506433167 0.0010308464952013239 -0.011267012371397567 0.04698173408109016 0.036909464501114438 0.0084336635131700474 0.053310764206531462 0.038768629850876583 0 0.04919303040890291 0.037179413376205984 0.00093773989018694623 0.022011328730669553 0.033207267414979695 0.00019542369896166599 0.00019542369896166599 0.00019542369896166599 0.00019542369896166599 0.013852120917829284 0.028573910260909149 -0.016067946047519436 -0.0039649673038113587 -0.00031683390440653451 -0.00031683390440653451 -0.00031683390440653451 -0.00031683390440653451 0.0016547499058827187 0.00019542369896166599 0.026105494613074948 0.041544998785440608 -0.034440859408066266
leaf_weight=745.68291643480916 918.25197016172024 14.247369982782404 36.037264719925588 11.21454309779074 36.765775811305502 47.489737267154851 55.170081863980158 5.3509842897037734 35.195599182909064 8.4544127863337035 1167.7742503402405 12.635849040350875 48.901264449770679 5.5416066336329086 44.790243515453767 21.356371120695258 13.467074813903308 14.211915171559665 32.035355037427507 4.6920304565574069 5.189149389974772 2806.0311813111039 488.63248573134479 37.329555488700862 1.7474511131295063 11.580718216719104 560.0445946904365 23.447786726821505 122.52622786122083 138.42575337678136 418.84957608391414 7.7117485133639994 10.558737745232063 9.1924005292821658 39.461966803690302 43.586180281512497 106.67581917620555 18.353716153142162 6.6961448924557763 5.6340011392603619 26.583396807051031 56.999201766797341 47.857153723773081 98.370056558807846 74.326822053131764 13.051059010511379 2.3291384158364954 2.1554853194829766 692.4243707239948 16.375236392988882 16.650522203141009 30.252889035786211 2.4649611921049646 17.773920186591567 37.131292388337897 13.895750196737934 5.8270415250444776 29.903688012840576 12.912760091014205 47.044484831727459 10.477750435238702 9.8709195737101236
leaf_count=153774 162930 364 377 968 651 1590 4899 80 2652 693 71967 115 1283 69 578 1269 120 296 921 68 36 217361 28596 2269 105 377 31819 1610 7373 6125 29732 342 812 89 616 864 5736 998 430 114 434 729 464 945 1579 187 61 112 50625 1005 879 2487 98 191 1128 267 163 1946 784 2704 272 491
internal_value=6.68811e-05 0.00130428 0.0103173 0.0348074 -0.000295755 0.00760866 -0.00610186 0.00144229 0.00380152 0.0467099 0.00108706 0.0240017 0.0115851 0.00743289 0.0154075 0.0109714 -0.00258554 0.0189317 0.0120234 0.0114218 0.0285622 0.000351304 0.00288288 0.00561435 0.0216648 0.0285404 0.00468062 0.000195424 0.00372093 -0.000316834 -0.00378742 0.0139931 0.0351474 0.0170798 0.0417737 0.0254577 0.00102555 0.0414887 0.00843366 0.0364563 0.0424739 0.0527732 0.0134957 0.0185711 0.0228081 0.0263758 0.0307804 0.0473338 0.000195424 -0.00516634 0.00510102 -0.00475224 0.0382416 0.00427331 0.00977023 0.0184902 0.0256242 -0.0135899 0.0139368 0.0184381 0.0252629 -0.0194968
internal_weight=9405.62 8630.03 1299.32 122.576 7330.71 1176.74 1689.29 5641.42 961.199 101.491 5574.47 215.545 433.167 340.68 167.058 379.025 528.032 175.185 135.954 161.517 42.0986 5195.44 2389.41 1221.64 59.5862 66.9524 1162.05 771.042 203.84 173.621 514.565 32.4369 55.3717 168.055 44.813 92.4874 595.308 22.2567 566.741 36.9094 31.2754 93.0365 155.42 107.562 103.919 89.707 76.656 20.5092 747.594 482.128 63.2786 46.6281 39.2307 119.418 101.644 64.513 50.6173 775.587 81.3136 68.4009 24.7251 21.0855
internal_count=808619 652899 55634 3258 597265 52376 220064 377201 49173 1799 375316 3203 13972 11825 3048 15923 35201 3793 3044 2979 652 359393 142032 70065 3484 1885 66581 57134 12130 8777 35081 978 1508 1613 696 2147 34332 1215 32249 616 502 1106 1498 1034 2123 1827 1640 1110 55524 34103 4371 3492 749 2327 2136 1008 741 155720 4757 3973 636 1459
is_linear=0
shrinkage=0.05


Tree=41
num_leaves=63
num_cat=0
split_feature=79 144 189 135 186 177 110 27 170 172 45 170 186 132 144 144 144 113 24 79 15 143 144 135 79 31 27 86 79 133 189 186 143 6 86 8 71 66 144 130 144 45 143 143 86 112 167 189 19 135 110 135 95 95 68 70 144 68 9 71 134 23
split_gain=61.5339 44.6519 26.119 21.0932 19.5266 22.721 18.2582 23.1929 17.4834 23.6836 16.8173 14.0681 13.1473 12.8563 11.8683 13.0149 11.6591 10.9213 8.56368 7.61791 7.61422 7.4272 7.27039 7.14056 7.90234 7.16717 7.07136 6.73151 8.23486 6.68907 6.04698 16.6149 6.0184 5.87823 5.68871 5.61034 6.12974 6.37616 6.046 5.49869 5.04595 9.71356 6.98126 5.56044 4.66739 4.66279 4.66218 4.40616 4.37643 5.21715 4.26165 4.11133 4.46473 4.10336 3.92485 3.89769 3.74717 3.71309 11.4921 5.40079 6.90838 4.30935
threshold=-3.8837195634841915 0.92077764868736278 -1.0000000180025095e-35 4.0250000953674325 4.5000000000000009 1.0000000180025095e-35 3.5000000000000004 0.31171813607215887 1.0000000180025095e-35 1.0000000180025095e-35 0.19338355213403705 1.0000000180025095e-35 4.5000000000000009 38.500000000000007 0.23567233234643939 0.68732738494873058 0.96691203117370617 1.0000000180025095e-35 1.6288220286369326 -1.5632731914520261 0.44535610079765325 -0.5455217957496642 0.9146985411643983 2.0349999666213994 -1.7721476554870603 0.34774616360664373 0.53821218013763439 3.5000000000000004 4.3430640697479257 -1.0000000180025095e-35 0.17000000178813937 1.5000000000000002 3.5749082565307622 5.5661196708679208 11.500000000000002 3.7565331459045415 0.87837970256805431 0.88247776031494152 0.82798999547958385 212.50000000000003 0.28847827017307287 0.19338355213403705 -0.30772350728511805 -0.80239629745483387 10.500000000000002 0.82259052991867077 1.0000000180025095e-35 0.31000000238418585 0.8013882339000703 134.50000000000003 8.0000000000000018 57.500000000000007 0.77838560938835155 0.59760203957557689 -0.98579302430152882 1.0000000180025095e-35 0.12388245761394502 0.90448296070098888 0.47142669558525091 0.6078576147556306 503.50000000000006 0.19885516166687014
decision_type=2 2 2 2 2 2 2 2 2 2 2 2 2 2 2 2 2 2 2 2 2 2 2 2 2 2 2 2 2 2 2 2 2 2 2 2 2 2 2 2 2 2 2 2 2 2 2 2 2 2 2 2 2 2 2 2 2 2 2 2 2 2
left_child=12 2 10 4 5 6 -3 29 9 30 22 13 -1 23 21 -16 44 18 47 26 35 51 34 24 25 -4 -6 28 -10 -8 -5 -32 -21 50 -2 36 37 38 54 -33 43 42 -42 -26 55 -19 -9 -15 49 -14 -34 -13 -53 -29 -17 -11 -20 59 -59 61 -61 -58
right_child=1 3 11 8 19 -7 7 46 27 16 -12 14 48 17 15 20 -18 45 56 32 -22 -23 -24 -25 40 -27 -28 53 -30 -31 31 39 33 -35 -36 -37 -38 -39 -40 -41 41 -43 -44 -45 -46 -47 -48 -49 -50 -51 -52 52 -54 -55 -56 -57 57 58 -60 60 -62 -63
leaf_value=-0.014085680331157946 -0.00066628107891079404 0.053689355714974213 0 -0.0055660760584005237 0.061261080056003718 -0.017394173546480544 0.052227780790346616 -0.013754033613798695 0.032241282096515347 -0.0050661700390761165 -0.010882980279360646 0.0012712301163025966 0.032256932390246733 -0.00066628107891079404 -0.00066628107891079404 -0.00066628107891079404 0.0096057805031060234 0.045703468353395442 0.024975461006842396 -0.005149257342496813 0.0014888861307923327 0.0067169529145776567 -0.02666775598189592 0.0025124801719416381 -0.00066628107891079404 0.046499446106129383 0.0047880605480585953 0.00037759829929518031 -0.011508297221057631 0.0079181311190269464 0.064088857574015473 0.01716152444327218 0.022468622192714102 -0.013515871396665463 -0.011995888429609096 0.0036923627796696919 -0.00066628107891079404 0 0.011981371375360586 -0.0055660760584005237 -0.00066628107891079404 -0.010882980279360646 0.028074116273382011 0.02885105488157802 0 0.0033974358516299162 0.018141699645492924 0.0092919408006312716 -0.0027160517011886971 -0.0024491180878618846 -0.015871152190099776 0.038317184071272832 0 0.023315779171387951 0.055683652540157162 0.049047774202943359 0.011864501586595716 0.026174007508776739 -0.00066628107891079404 -0.00066628107891079404 0.013738400582294611 -0.00066628107891079404
leaf_weight=810.74967061677307 746.08016877641057 80.974931146454765 12.029034537175901 442.09567252365377 7.284726471858451 18.447251561447047 36.404376084981777 36.580553501655231 92.677114667152637 1.77958929624583 749.07896166432329 12.944925546849843 19.147040934789402 3364.871724680459 281.22173588033183 1.415013747056945 148.50815883162431 13.611663820323885 16.253688830503961 85.938465877123235 67.423119627477718 64.88365404518845 21.83849253324297 181.8127278402535 19.901007680557086 29.723018397882697 13.800388705290969 63.154049542572466 8.6787687243777309 15.07904891464568 6.8768373266211702 24.663375999414711 64.304819147713715 12.371904703759354 110.20840710369521 31.312099192058668 10.343676196062004 10.018256653682327 18.603159139427589 33.423852500927751 21.854788831740734 24.636422082883655 32.098245154877077 45.085006449749926 6.0045709495607289 13.491377308047957 10.581010556677937 119.23264127509901 74.403019340243191 16.210663582038251 3.7792489469284183 66.673305595468264 8.3677962444344285 24.921258324597147 36.05340083639021 33.594714470702456 64.679095475716167 62.647818532263045 86.640462616283912 81.496055477589834 180.72485171204607 605.49407914669428
leaf_count=168158 70136 1044 413 31610 160 2709 572 991 1099 53 127239 399 1167 252840 14193 48 1416 168 968 3487 3750 3054 1571 11221 209 424 460 1383 82 222 97 684 1800 305 10983 861 393 356 745 990 733 650 957 746 312 929 168 6114 5406 1097 22 2037 230 489 1154 1015 3946 3826 5687 5162 11415 38923
internal_value=0.000349535 0.00168655 0.000157196 0.010305 0.0200301 0.0308534 0.0362808 0.0198486 0.00595819 0.00220218 -0.00540375 0.00178509 -0.0118898 0.000897333 0.00892906 0.00471091 0.0170455 0.000169854 -2.82779e-05 0.00796125 0.0152973 0.0208159 -0.000666281 0.00983807 0.0166386 0.034966 0.0332601 0.0192366 0.0278952 0.0415422 -0.0034198 0.0101827 0.00373282 0.0132589 -0.000666281 0.0232671 0.0302601 0.0355507 0.0416195 -0.000376421 0.0101433 0.00103985 0.0142716 0.0199344 0.0392935 0.0292321 -0.00506569 -0.000666281 0.00401966 0.0173935 0.0190581 0.0300238 0.0342821 0.0080405 0.0526032 0.045416 0.00392456 0.00347177 0.0107099 0.00223524 0.00824714 -0.000123686
internal_weight=9405.18 8484.67 7212.75 1271.92 385.547 198.067 179.62 98.645 886.378 696.947 1627.21 5585.54 920.51 4976.28 609.26 456.39 189.887 4609.14 4582.04 187.48 175.169 152.87 878.127 367.14 185.328 41.7521 21.0851 189.431 101.356 51.4834 507.06 64.9641 166.394 80.456 856.289 107.746 76.4335 66.0898 56.0716 58.0872 143.575 78.5895 53.953 64.986 41.3789 27.103 47.1616 3484.1 109.761 35.3577 68.0841 87.986 75.0411 88.0753 37.4684 35.3743 1097.94 1081.68 149.288 932.394 262.221 670.173
internal_count=809478 633650 582480 51170 11940 5706 2997 1953 39230 36177 209929 372551 175828 345331 27220 21500 2796 329978 328881 6234 7307 5720 82690 15353 4132 837 620 3053 1181 794 33381 1771 5614 2127 81119 3557 2696 2303 1947 1674 3295 2340 1690 955 1380 1097 1159 258954 7670 2264 1822 2666 2267 1872 1202 1068 69927 68959 9513 59446 16577 42869
is_linear=0
shrinkage=0.05


Tree=42
num_leaves=63
num_cat=0
split_feature=79 144 189 40 177 148 172 170 189 132 164 165 149 144 94 164 167 170 142 142 147 149 136 136 148 139 147 144 11 147 78 85 132 27 187 169 144 94 13 11 3 182 96 5 152 147 94 139 148 64 142 167 92 79 71 141 147 148 144 142 69 144
split_gain=54.9567 40.0938 23.722 19.1249 30.5832 18.7441 14.9385 21.9186 14.8922 13.3331 11.4654 11.1598 10.8155 10.5706 9.36039 8.4627 8.35046 8.02204 10.2064 7.7537 7.17458 7.12092 6.4047 6.2542 6.115 5.69269 6.59445 6.91481 5.99805 5.53675 5.28041 5.27926 5.01176 4.81893 5.54655 5.42309 6.75809 9.16874 4.87585 4.75263 4.71407 4.65154 6.64289 4.38414 4.62148 4.20217 4.19261 7.73577 5.49191 4.72528 4.091 4.04973 3.98777 3.7821 3.55901 3.47918 3.94086 3.46958 5.27579 4.38998 3.75797 3.38175
threshold=-3.8837195634841915 0.92077764868736278 -1.0000000180025095e-35 4.0406162738800058 1.0000000180025095e-35 1.0000000180025095e-35 1.0000000180025095e-35 1.0000000180025095e-35 0.17000000178813937 13.500000000000002 1.0000000180025095e-35 -1.0000000180025095e-35 -1.0000000180025095e-35 0.96691203117370617 6674.5000000000009 1.0000000180025095e-35 1.0000000180025095e-35 1.0000000180025095e-35 0.077710125595331206 2.0854771137237553 0.94606825709342968 -1.0000000180025095e-35 -1.0000000180025095e-35 1.5000000000000002 1.0000000180025095e-35 0.17625261098146441 0.82870012521743786 0.26571047306060797 0.10670131444931032 0.93758118152618419 0.047405607998371131 2.5000000000000004 46.500000000000007 0.5958690643310548 2.5000000000000004 1.0000000180025095e-35 0.96315670013427745 299.50000000000006 0.24010130017995837 0.5967884659767152 0.64460489153862011 1.0000000180025095e-35 0.10840187966823579 0.17960776388645175 0.86566039919853222 0.85375234484672557 377.50000000000006 0.18190944194793704 1.0000000180025095e-35 0.89109760522842418 0.25205656886100775 208.7600021362305 0.70900535583496105 -1.2970995306968687 1.0000000180025095e-35 0.12110166996717454 0.47213622927665716 1.0000000180025095e-35 0.98694339394569408 31.629706382751468 10.322507381439211 0.95908960700035106
decision_type=2 2 2 2 2 2 2 2 2 2 2 2 2 2 2 2 2 2 2 2 2 2 2 2 2 2 2 2 2 2 2 2 2 2 2 2 2 2 2 2 2 2 2 2 2 2 2 2 2 2 2 2 2 2 2 2 2 2 2 2 2 2
left_child=11 2 5 6 12 14 7 8 -3 25 17 -1 23 24 -2 16 33 -11 55 31 21 30 -15 41 -8 -4 28 -28 -27 -16 32 -20 -9 34 35 36 -10 38 -38 43 -6 42 -5 -40 -45 -21 48 -48 -23 61 -31 -18 -14 -34 -22 -19 -57 59 60 -24 -59 -49
right_child=1 3 9 4 40 -7 13 20 15 10 -12 -13 52 22 29 -17 51 18 19 45 54 46 57 -25 -26 26 27 -29 -30 50 -32 -33 53 -35 -36 -37 37 -39 39 -41 -42 -43 -44 44 -46 -47 47 49 -50 -51 -52 -53 -54 -55 -56 56 -58 58 -60 -61 -62 -63
leaf_value=-0.013615111632820299 -0.011577312999602653 -0.0062419930746264729 0.0015635423851813074 0.049890498699482727 -0.011390769589260778 0.0015251177781611877 0.020704329166837513 -0.0057630932396674772 -0.00036646345043171258 0.0015251177781611877 0.043532278876252481 0.0025707589798282648 -0.015062009898991775 0.041473978278473447 0.0015251177781611877 0.05071366394691517 0.049061305119985639 0.0015251177781611877 0.019921728772785169 0.026379307952516674 -0.018167754638321123 0.013567496977094693 -0.0050247982247274897 0 0.06333016577722575 0.0015635423851813074 0.024049572541311664 0.0015635423851813074 0.037581490622176979 0.0015251177781611877 -0.0017584245267681651 0.0015251177781611877 -0.0023839240369648764 -0.0062419930746264729 -0.0062419930746264729 -0.0044318232732278931 -0.0062419930746264729 0.063743548130036007 0 -0.0061600860126122415 0.024955992732444622 0.0041537717291193748 -0.0077501626006082035 0.055966803373976075 0.005508321969653983 0.006862024540608332 -0.0049400859114430437 0 -0.028070682642696035 -0.0049400859114430437 -0.01441324781363711 0.0011224467050671282 0.024591552093630915 0.039670986023429188 0.012545983195955623 0.0097019751577552236 0.044510408118683328 0.035615495433734316 -0.0024292726997297326 0.015038365122243319 -0.0017496484683039281 0.041192338761559096
leaf_weight=790.21251712844969 814.45649488596973 423.41952993456653 86.539061111790943 98.847822298033861 52.57073437624058 384.48792009914177 35.484123124231701 4.9186245307791969 26.778780560242012 4703.2622755890479 12.285711841424925 118.38584461500432 12.201784738150311 11.971570568042806 278.5331531349002 7.1088252849003757 11.39950857916847 3.957846933277323 34.945191637234529 54.455805335950572 15.976600489055274 10.790312006618478 68.201381019840483 8.786557105740938 14.165725867584113 13.051803807058603 44.949383432118339 74.007482897213777 49.801202695962274 25.147470235373476 9.3772475606237986 403.52851770228881 3.9446403016627292 70.446587820231798 20.514060604065889 27.282156447050511 10.005485407207741 10.371381837874649 7.1896443932055289 7.8201322558743405 5.4281531076121601 8.966449320811078 3.1638862869585855 12.939842222986046 9.2837895208795072 69.193945370338042 24.26555440480297 4.7782561270723809 10.662940791080473 5.6993999616533975 114.41186486365041 7.858752994783571 5.0322771775245192 76.9262523988873 11.709471841444609 18.790955756208859 25.471719736306113 27.246992971282452 17.967743242625147 37.886658948729746 6.364244594005867 27.730874293207307
leaf_count=167096 129688 30166 4958 1538 4760 43255 1224 60 1083 335859 142 8515 390 111 21800 86 92 94 820 1660 491 119 699 534 345 167 803 2433 986 2680 137 19837 80 2637 353 682 175 142 169 207 390 440 101 327 251 3788 347 181 110 84 12412 138 83 1048 339 334 721 249 153 359 57 284
internal_value=0.000173018 0.00142946 -1.38456e-05 0.00959004 0.0238775 -0.00534169 0.00688542 0.00382376 -0.000671108 0.00152512 0.00152512 -0.0114763 0.0364157 0.0184173 -0.00846183 0.00943591 0.00691484 0.00152512 0.00760221 0.00551061 0.0178047 0.0214137 0.0116172 0.0415451 0.038005 0.0125824 0.0175112 0.00959403 0.0303158 -0.00226859 0.0306622 0.00224968 0.0343829 0.00337085 0.00896892 0.0136389 0.0196817 0.028685 0.0151449 0.0231925 -0.00588153 0.044627 0.0475906 0.0314841 0.0406895 0.016343 0.00951131 0.0158765 -0.00757693 0.0287171 -0.0102428 0.0347929 0 0.0373092 -0.00448084 0.0287066 0.0327251 0.0079914 0.0180776 0.00226958 0.0285826 0.0354296
internal_weight=9393.36 8484.76 7211.28 1273.48 194.998 1617.04 1078.49 859.199 652.418 5594.24 5325.89 908.598 136.999 219.288 1232.55 228.999 221.89 5313.61 610.344 562.123 206.78 179.094 169.639 119.765 49.6498 268.349 181.81 118.957 62.853 418.092 95.1668 438.474 85.7895 202.632 132.185 111.671 84.3891 57.6103 47.2389 37.2334 57.9989 110.978 102.012 29.4133 22.2236 123.65 83.9273 62.4741 21.4533 38.2085 139.559 19.2583 17.2341 80.8709 27.6861 48.2205 44.2627 157.667 51.579 106.088 33.6112 32.5091
internal_count=809269 633658 582437 51221 8236 209835 42985 39788 36508 372602 363255 175611 3086 3197 166580 6342 6256 363113 27254 26105 3280 2450 1628 2613 1569 9347 4389 3236 1153 36892 1325 20657 1188 6026 3389 3036 2354 1271 1129 954 5150 2079 1639 747 578 5448 1125 896 229 549 15092 230 473 1128 830 1149 1055 1517 459 1058 306 465
is_linear=0
shrinkage=0.05


Tree=43
num_leaves=63
num_cat=0
split_feature=13 49 159 170 135 86 90 86 159 39 135 147 94 147 182 135 148 87 86 96 177 190 74 13 141 64 151 141 135 110 112 78 9 54 71 64 5 5 116 71 141 76 5 147 159 94 186 94 66 190 25 94 64 63 13 27 135 47 147 65 45 134
split_gain=48.3339 26.2629 21.2019 20.8674 22.07 16.208 13.2589 11.6467 11.5054 10.3795 12.4045 10.2 9.18774 9.03919 7.75047 24.8088 32.4108 8.64922 7.65706 7.59015 7.18592 7.0194 6.42077 6.27675 6.2253 5.80739 5.7312 6.2528 6.63673 5.02136 5.77939 4.65068 4.61903 5.47953 4.58668 4.90368 4.93351 4.44607 4.3222 5.19813 7.88902 6.06899 6.05777 4.31703 4.20574 4.19535 7.81758 7.33937 6.03886 4.7305 5.82307 4.55459 4.04633 4.00835 3.92272 3.87315 3.8714 5.09295 3.78622 3.74642 3.70771 3.69531
threshold=0.48135694861412054 1.0000000180025095e-35 20.415182113647464 1.0000000180025095e-35 -1.0000000180025095e-35 1.0000000180025095e-35 1.0000000180025095e-35 7.5000000000000009 38.564739227294929 0.92690232396125805 4.0250000953674325 0.71547618508338939 2337.5000000000005 0.95764091610908519 1.0000000180025095e-35 4.0250000953674325 1.0000000180025095e-35 1.0000000180025095e-35 1.5000000000000002 0.10840187966823579 1.0000000180025095e-35 1.5000000000000002 1.0000000180025095e-35 0.078150954097509398 0.10704227536916734 0.70765411853790294 1.0000000180025095e-35 0.12229382991790773 104.50000000000001 5.5000000000000009 0.88157370686531078 0.15305658429861072 0.63906154036521923 3.5000000000000004 0.6078576147556306 0.24858266115188601 0.69408202171325695 0.17844182997941974 46.500000000000007 -1.0000000180025095e-35 0.13446755707263949 1332.4207763671877 0.52554452419281017 0.81642016768455516 1.4474374651908877 1581.5000000000002 4.5000000000000009 3.5000000000000004 -0.29234218597412104 1.0000000180025095e-35 0.62306380271911632 444.50000000000006 0.95231875777244579 -0.62652602791786183 0.051220949739217765 0.27516181766986852 122.50000000000001 0.77473995089530956 1.0000000180025095e-35 0.96917906403541576 0.50390183925628673 1148.5000000000002
decision_type=2 2 2 2 2 2 2 2 2 2 2 2 2 2 2 2 2 2 2 2 2 2 2 2 2 2 2 2 2 2 2 2 2 2 2 2 2 2 2 2 2 2 2 2 2 2 2 2 2 2 2 2 2 2 2 2 2 2 2 2 2 2
left_child=2 6 3 4 5 -1 9 14 13 -2 20 12 -5 24 15 19 34 18 37 45 -11 23 -15 -14 -3 -20 -13 -28 -29 30 -4 -9 -26 -34 35 -17 -37 -18 39 41 -41 -16 43 -42 52 46 51 48 -48 -50 58 59 -40 -35 -49 -31 57 60 -51 -6 61 -55
right_child=1 8 29 11 7 -7 -8 31 -10 10 -12 26 21 22 38 16 17 -19 25 -21 -22 -23 -24 -25 32 -27 27 28 -30 55 -32 -33 33 53 -36 36 -38 -39 44 40 42 -43 -44 -45 -46 -47 47 54 49 50 -52 -53 -54 56 -56 -57 -58 -59 -60 -61 -62 -63
leaf_value=0.070593525577586344 -0.0058992213878349053 -0.012192650709939641 0.040815337929674136 0.011292418342341633 0.04529460066455749 0.014275982809707981 -0.013129706172975729 -0.0065566231123258215 0.029217001220562779 0.040046882345145002 -0.0080038404411473391 0.0041433129800024348 0.05038166197785976 -0.0083496348579029274 0.012487403304203544 -0.0078461937095905543 0 -0.011776786580619376 0.0022024747311804572 -0.011096260378424077 -0.0066781379307220019 -0.0089546455579800708 -0.0002880371100747844 0.0088234673031305725 -0.0024267425965029208 0.023513952804075141 -0.010058568581846089 0 0.031467341862051489 -0.020341353862553979 0.0043442330411538116 0.010053716392274627 0.007640600308651541 -0.0043442397967206605 0.0033683351532481053 -0.0015273109508841124 0.018641134312531289 0.048814845734653285 -0.015305475068782187 -0.0035651613332858601 -0.0035651613332858601 -0.0062482968999716722 0.01687114160748621 0.0078487160714486304 0.006054528422503108 0.0038183840370200096 0.0011725435006727837 -0.0031262572493513763 -0.0049053526462552142 -0.0074834061100806761 -0.0014982228677491664 0.00085461527066833765 0.022931968329006427 0.0021190058751595917 0.055387084484442378 0.022901908557605051 -0.0042471463351795649 0.013323263506780758 0.029251111826537737 -0.0031154415468439573 -0.0036994068322946071 0.018827709667530723
leaf_weight=12.536446387995964 639.9923235339229 82.699441948556341 51.787476314377273 95.764209991146345 47.44414500262792 70.369280160331982 850.14180915641919 536.80763851576921 26.317184403073043 32.292529023987299 33.838469601709221 325.99058209132636 44.278509924799437 595.16881056649436 41.435081395029556 368.49547610505397 5.0146940492777494 15.818420581075769 52.066030770234647 19.222585435018118 7.8007600227356297 5.1296300143585531 431.57055904903245 16.068443160198512 537.3400985545959 97.448425443348242 12.917170719767453 23.958813361008652 58.943634199356893 6.9709130982082552 17.011806767302915 40.163894970981346 429.26734496160498 263.11306586354476 323.23729158997594 432.62911792277009 27.564097644972207 32.04798129916162 38.555662589584244 402.18730065862474 134.72136880009202 552.97828747546009 97.003733079312951 169.6547140689363 394.78231902014522 49.956280352183967 80.824353476557008 1.9045449888944848 14.996590502283651 4.4765703038137863 19.136839598504594 9.2112896155449544 3.2009058136900412 132.53343073394353 11.394940806392695 4.0335756392014446 135.06236981820257 131.86869096005103 92.076476636910229 2.6251441165586575 157.14396360663523 41.991251393526909
leaf_count=174 99053 6535 621 1808 1899 1844 177071 39482 256 727 5474 12237 772 53778 2044 33459 143 1170 2617 1363 1018 65 36509 409 41152 4403 273 508 1262 63 943 2990 28096 21000 24682 28979 2177 970 2727 23033 6639 33516 5422 10721 27802 1594 3974 38 1574 139 895 428 225 8046 250 64 13743 10575 3759 165 12950 2653
internal_value=3.22729e-05 -0.00368059 0.00349353 0.0030451 0.00180118 0.0266073 -0.00891333 0.00126418 -0.000900627 -0.0038013 0.013266 0.0118758 0.0225023 -0.00122811 0.00234331 0.00476252 0.0016404 0.0198466 0.0228956 0.016472 0.030669 0.0365784 -0.00500314 0.0412204 0.000794833 0.0165658 0.00753919 0.018066 0.0230554 0.0283219 0.0330413 -0.00528095 0.00142758 0.00305431 -0.00160881 -0.00358873 -7.81697e-05 0.0428316 7.10562e-05 -0.00127315 0.00132377 -0.0048073 0.00626764 0.00258948 0.00439806 0.0182724 0.0206176 0.0155413 0.0124015 0.0188628 0.0222265 0.0367736 -0.00970082 0.000709878 0.0470769 -0.00072595 0.0029904 0.00517541 0.0270172 0.0422501 0.00171188 0.00669084
internal_weight=9392.98 4528.14 4864.84 4785.04 4201.99 82.9057 1564.07 4119.08 2964.08 713.924 73.9318 583.051 161.241 2937.76 3542.11 1707.59 1354.32 202.396 186.577 353.27 40.0933 65.4766 1026.74 60.347 1911.02 149.514 421.81 95.8196 82.9024 79.8038 68.7993 576.972 1828.32 1290.98 1151.93 828.689 460.193 37.0627 1834.52 1397.98 803.567 594.413 401.38 304.376 436.539 334.047 284.091 224.81 211.511 130.686 115.69 59.2806 41.7566 861.713 13.2995 11.0045 598.6 463.537 96.553 50.0693 331.669 174.525
internal_count=808958 518636 290322 288631 271297 2018 283343 269279 235293 106272 7219 17334 3054 235037 226807 114678 98600 9303 8133 16078 1745 1246 90287 1181 144750 7020 14280 2043 1770 1691 1564 42472 138215 97063 89297 64615 31156 1113 112129 81375 45815 35560 22782 17360 30754 14715 13121 10629 10341 6367 4793 2492 2952 68967 288 127 47967 34224 3898 2064 23649 10699
is_linear=0
shrinkage=0.05


Tree=44
num_leaves=63
num_cat=0
split_feature=111 144 176 135 189 148 13 159 159 135 94 170 64 144 170 144 144 144 13 10 24 144 143 148 78 144 142 0 94 73 86 95 144 133 143 147 190 50 141 15 189 64 71 9 152 189 112 95 13 0 31 141 144 116 142 143 141 144 1 71 40 10
split_gain=45.1386 37.9976 28.0255 28.1215 21.3969 19.2331 18.8056 15.702 15.5009 9.20781 8.74565 8.63374 10.1005 8.17486 8.12916 10.5249 12.8767 7.11081 7.06836 8.02259 6.9509 6.68603 6.20883 6.18275 5.74207 5.64555 5.60378 5.28487 5.0359 5.28773 4.77535 4.76033 4.73719 6.28318 4.86401 4.39901 5.01837 4.19117 4.05132 4.0141 4.94416 5.42936 3.64512 3.63854 3.57152 3.5374 3.3894 3.36334 3.3171 3.25329 3.38818 3.16519 5.02371 3.15341 3.13949 3.11479 6.622 4.4092 3.33023 3.11192 3.2282 3.09203
threshold=1.0000000180025095e-35 0.92077764868736278 1.0000000180025095e-35 6.0250000953674325 -1.0000000180025095e-35 1.0000000180025095e-35 0.10937105119228364 38.564739227294929 20.415182113647464 -1.0000000180025095e-35 6070.5000000000009 1.0000000180025095e-35 0.31770770251750952 0.99014428257942211 1.0000000180025095e-35 0.23567233234643939 0.68732738494873058 0.82798999547958385 0.11948709934949876 4.1360669136047372 1.0725469589233401 0.96691203117370617 -0.55382007360458363 1.0000000180025095e-35 0.047405607998371131 0.99691995978355419 2.6106489896774296 32.579853057861335 1.5000000000000002 1.0000000180025095e-35 5.5000000000000009 0.77838560938835155 0.96691203117370617 344.50000000000006 2.0255224704742436 0.87935367226600658 1.5000000000000002 2.5000000000000004 0.13409328460693362 0.27887964248657232 0.26999999582767492 -0.82591104507446278 0.6078576147556306 0.10884373262524606 1.311147212982178 0.31000000238418585 0.948265701532364 0.49984443187713629 0.051220949739217765 18.803069114685062 0.76655831933021557 0.11714585125446321 0.9803157150745393 692.50000000000011 20.013966560363773 -0.95676425099372853 0.12960691004991534 0.145336888730526 0.4255517721176148 -1.0000000180025095e-35 0.68724492192268383 2.9674168825149541
decision_type=2 2 2 2 2 2 2 2 2 2 2 2 2 2 2 2 2 2 2 2 2 2 2 2 2 2 2 2 2 2 2 2 2 2 2 2 2 2 2 2 2 2 2 2 2 2 2 2 2 2 2 2 2 2 2 2 2 2 2 2 2 2
left_child=1 4 6 21 5 10 9 13 14 -3 44 12 25 27 45 22 -17 18 19 -18 23 -4 31 39 28 -11 -20 37 29 46 -12 55 33 -14 54 36 51 53 -25 43 41 -41 -28 -15 -1 -6 -10 49 -35 50 -47 -13 -53 59 -34 56 -16 -57 -59 -8 -61 -49
right_child=-2 2 3 -5 8 -7 7 -9 24 11 30 35 32 20 15 16 17 -19 26 -21 -22 -23 -24 38 -26 -27 42 -29 -30 -31 -32 -33 34 48 -36 -37 -38 -39 -40 40 -42 -43 -44 -45 -46 47 -48 61 -50 -51 -52 52 -54 -55 -56 57 -58 58 -60 60 -62 -63
leaf_value=-0.011935108442314296 -0.01224768244639547 0.048391676053982341 0.063287467716991896 -0.010893765074347783 0.0012161831394780697 0.0012161831394780697 -0.010790566888701844 0.029645507755503293 0.047303476579624262 -0.009440036214286825 0.0012161831394780697 -1.5345768090493765e-05 0.009273704207901105 -0.0013947777906610454 0.0012161831394780697 0.0012161831394780697 0.059542348821095971 0.0012161831394780697 0.0018869185162389886 0.0073470018640802966 -0.0048026353294298831 0.028672536394814815 0.0054486185774268829 -0.022558537966637666 0.0012161831394780697 0.027157106908926518 0.039649544436573259 0.019489933102959687 0.0012161831394780697 0.0012161831394780697 -0.0074129845351997127 0.0012161831394780697 0.0043157344770346773 -0.0036909510731366608 0.014742968585956107 -0.0027103368009718737 0 0.014950082143966965 0.010260837200807001 0.025172446199808969 0.025172446199808969 -0.0099734862402399167 0.0012161831394780697 0.046497713295421766 0.0012161831394780697 0.0012161831394780697 0.0012161831394780697 0.034256520063972243 0.043879036567404155 0.020900667976567384 0.016585780616536702 0.013261851802415098 0.050932248433690465 0.0090350548135962327 -0.019352548195329392 0.0055662180674132949 0.059874528205936417 0.0012161831394780697 0.041296066242002515 0.0015343249646503593 -0.010025114229661208 0.0012161831394780697
leaf_weight=818.05449399313511 672.04210781246366 15.865018973941913 34.487505036930088 26.493967585156497 4812.8096135292872 386.04079125351564 209.91449866841867 42.642305361805484 36.133340774278622 80.790967006250867 198.31084955236292 4.0530810800846657 41.89417105432949 3.2555653022718642 5.0892449060047538 286.31680828919343 17.969243744417327 66.117231802418246 54.382508659124142 14.974149045592638 58.438926249204087 54.583800348700606 68.484558513591764 11.836224420272631 6.8369495637598439 6.8923333087150231 17.824136862036543 19.424996784968243 12.041637986229032 7.7420274206524473 233.38073469447409 11.19479088092339 42.047797925639316 2.2060018882330032 116.98852931463625 8.2146196372050309 10.121361351688391 21.758157361131452 15.720525991171597 9.8240562166320142 39.224697177894996 30.202868096297607 8.634302608741562 17.816565282424563 34.72219951236184 127.32491113743163 2.8491120662656604 18.059377611323729 30.706156613974599 28.442300466180313 33.585044554696651 19.900998389435699 34.805892742821015 30.404620340945257 14.610387953143798 32.303187121651717 16.09797379974043 5.0594861682475338 21.3288964437088 168.52199848225428 86.041799301201536 6.5266592192638191
leaf_count=135299 148791 168 420 2091 341829 43291 14776 341 513 4075 16917 41 2073 42 86 14286 389 3079 2430 339 3465 746 3199 234 166 90 799 821 941 151 21511 298 585 98 1230 89 67 1128 332 451 710 1344 352 236 6215 5539 134 522 1023 1201 1831 280 240 2363 165 1074 267 172 715 8288 9012 171
internal_value=0.000184908 0.00115482 0.00898737 0.0320523 -0.000235316 -0.0052075 0.00661 0.00184305 0.00121618 0.0149322 -0.00832106 0.0130246 0.00919028 0 0.00121618 0.00697154 0.00303361 0.0147155 0.0220463 0.0405708 0.00889283 0.0449923 0.0178842 0.0152847 0.0246648 -0.00498373 0.0122828 -0.00313188 0.0300793 0.0368684 -0.00241054 0.0262049 0.0142908 0.0247479 0.00907942 0.02786 0.0317808 -0.00420902 -0.00436747 0.0208712 0.0136357 0.000235157 0.0291596 0.0392911 -0.0112524 0.00121618 0.0435837 0.00934708 0.0399649 0.00651381 0.00326687 0.0369746 0.0399056 -0.00524249 -0.00245653 0.0303087 0.0474922 0.0204718 0.0341286 -0.00631662 -0.00239427 0.0255344
internal_weight=9370.37 8698.33 1309.69 115.565 7388.64 1670.51 1194.13 765.028 5718.13 429.097 1284.47 413.232 336.136 722.385 5652.52 625.777 466.218 179.902 113.784 32.9434 186.319 89.0713 159.558 127.881 65.6031 87.6833 80.8409 536.066 58.7661 46.7245 431.692 91.0736 248.453 74.8063 173.647 77.096 68.8813 516.641 27.5568 100.324 79.2516 40.0269 26.4584 21.0721 852.777 5026.75 38.9825 213.938 32.9122 189.352 160.91 58.76 54.7069 494.883 56.6582 79.8788 21.1872 58.6916 26.3884 464.478 254.564 24.586
internal_count=809531 660740 57024 3257 603716 223233 53767 43543 380483 10224 179942 10056 9339 43202 378578 27485 21674 7388 4309 728 6814 1166 5811 3349 1905 4165 3581 36388 1739 798 38428 2612 5174 3194 1980 717 628 35567 566 2783 2505 1795 1151 278 141514 351093 647 9264 1121 8571 7370 561 520 34439 750 2314 353 1961 887 32076 17300 693
is_linear=0
shrinkage=0.05


Tree=45
num_leaves=63
num_cat=0
split_feature=111 144 176 110 189 139 40 164 144 172 170 144 144 86 151 86 142 144 147 8 8 29 141 69 189 142 148 142 106 110 94 8 8 95 43 147 139 27 134 186 65 19 186 67 77 170 133 40 144 168 77 67 5 65 77 151 67 11 68 170 144 33
split_gain=38.4219 35.0645 25.0147 31.7641 19.3174 19.1438 14.2084 13.0239 12.7955 16.189 11.5771 11.3434 10.3593 10.3483 8.89638 7.8155 7.44839 7.26617 7.31571 6.84371 6.48262 6.48092 6.32362 5.92146 5.89542 5.69563 6.32628 5.67061 5.64615 6.32526 6.18032 5.50745 5.71234 5.42686 4.96189 6.23646 7.97683 4.8524 4.7689 4.51844 4.42744 4.34773 3.96066 3.84556 3.7402 5.1619 3.66261 3.6128 3.59411 3.4018 3.37634 3.8464 3.35817 3.35081 3.2176 5.07551 3.13186 3.13243 3.12514 3.01476 2.84726 2.84567
threshold=1.0000000180025095e-35 0.92077764868736278 1.0000000180025095e-35 3.5000000000000004 -1.0000000180025095e-35 0.15667280554771426 3.8640552759170537 1.0000000180025095e-35 0.9803157150745393 1.0000000180025095e-35 1.0000000180025095e-35 0.11569021642208101 0.68732738494873058 2.5000000000000004 1.0000000180025095e-35 11.500000000000002 0.15550890564918521 0.82798999547958385 0.91182103753089916 1.5595002770423891 3.5091991424560551 0.20633530616760257 0.13139995187520984 9.8278751373291033 0.19000000506639483 65.195487976074233 1.0000000180025095e-35 22.149734497070316 0.72474747896194469 8.0000000000000018 18388.500000000004 1.5901317596435549 2.7291826009750371 0.61365222930908214 0.30318652093410497 0.73727351427078258 0.15667280554771426 0.50000005960464489 132.50000000000003 10.500000000000002 0.96917906403541576 0.99404427409172069 11.500000000000002 -0.47416113317012781 6.741316795349122 1.0000000180025095e-35 644.50000000000011 1.9702702164649966 0.97040107846260082 1.0000000180025095e-35 11.995368480682375 0.70461037755012523 0.15376091748476031 -0.18922854959964749 12.112418651580812 1.0000000180025095e-35 0.58414167165756237 0.79253482818603527 -0.57998004555702198 1.0000000180025095e-35 0.9146985411643983 0.44496709108352667
decision_type=2 2 2 2 2 2 2 2 2 2 2 2 2 2 2 2 2 2 2 2 2 2 2 2 2 2 2 2 2 2 2 2 2 2 2 2 2 2 2 2 2 2 2 2 2 2 2 2 2 2 2 2 2 2 2 2 2 2 2 2 2 2
left_child=1 4 8 6 5 -1 -4 10 9 24 21 16 54 23 25 60 19 18 20 -12 40 34 27 -11 -3 31 28 -16 29 30 41 50 43 48 35 36 -6 42 -21 -28 46 52 -26 -33 -34 -46 -14 -5 -15 -23 51 56 -27 -37 -13 -56 57 61 -57 -24 -7 -10
right_child=-2 2 3 47 7 15 -8 -9 14 13 11 12 17 33 22 -17 -18 -19 -20 38 -22 49 59 -25 37 26 39 -29 -30 -31 -32 32 44 -35 -36 53 -38 -39 -40 -41 -42 -43 -44 -45 45 -47 -48 -49 -50 -51 -52 -53 -54 -55 55 58 -58 -59 -60 -61 -62 -63
leaf_value=-0.010243406057958057 -0.011665830159170429 -0.0054657263465229255 -0.012602248102660821 0 0.011509610749396854 0.00047001752911542978 0.048517672903615097 0.043642172125506272 0.0099672506308297049 0.051026552932689762 0.01262007085305473 0.00047001752911542978 0.045160913051821142 0.02671794559420404 0.023926350197078769 -0.010243406057958057 0.00047001752911542978 0.00098091088933874738 0.0019369316060273058 0.00047001752911542978 0.003547749293030623 0.00047001752911542978 0.023926350197078769 0 0.020465519248876681 0 0.013999291414090865 -0.015789843187943773 -0.0053977015987334079 -0.017298464939379608 0.00028277045894169265 0.0030098853088580887 0.029293118076693575 -0.0076119485663042417 0.00047001752911542978 0.016706099698795631 0.055460375770532228 -0.0042448655251047761 0.064486528454403877 -0.023579922526750924 0.00047001752911542978 -0.0049174018187992221 -0.0034977542756119331 0.035900809178164524 -0.017453835967426976 0.01968506850250068 0.00047001752911542978 -0.036450746587895697 0.00073023535269047717 0.016392786032222887 0.020907558105381318 0.0074337449592248809 0.042014710473326888 0.00047001752911542978 0.00047001752911542978 0.00047001752911542978 -0.024795023995740295 -0.016318281658803804 0.04779448450599949 0.044730038011392748 -0.010243406057958057 -0.0062308189389679441
leaf_weight=894.08663429828448 662.51450000660043 399.57878624941804 7.9063712052156907 11.024897687406339 35.701394509233069 622.50403936906514 84.545674315100769 12.724090062431058 46.093443693840527 23.326460289739774 21.924486940042698 364.0312023548031 50.084426072615315 31.165998298209161 11.459825552439726 127.18191338287579 16.260710799528169 67.018094796687365 35.49737617521896 2.3220447650237501 20.774331196589628 4820.193033028685 43.198367025899643 6.9694475627911734 57.998185714706779 5.8236698385444461 10.372127976675985 14.537871832653762 12.902253956359344 3.9011920243501654 16.460515332582872 15.736775349840171 4.0873282232350894 31.766874586697668 59.53947296726983 42.313599982269807 13.825981700792907 56.088831558736274 16.889124828492641 11.298688292794393 4.2914372769882894 3.9670688398182383 19.670192827252322 29.055872994984384 25.520242680620868 8.3159483879571763 4.0219976970547568 10.112607028015189 24.742841806728393 49.408158524049213 13.489586799827519 74.381354767152516 60.163881149601366 65.090109149139607 14.168906285995035 2.6532208138960414 15.038781054667195 27.992402820018469 7.7264188290573657 33.313525864854455 19.164737455175782 51.768471903953468
leaf_count=165523 148672 31446 692 976 1954 43025 1117 153 1464 298 860 17422 1517 948 274 13065 650 3089 2005 52 509 340182 1376 81 1689 77 90 378 1324 23 186 467 82 646 2943 2306 253 2338 403 128 126 263 730 855 810 65 140 469 262 2529 468 1895 1311 2837 485 61 395 1313 165 234 1280 1786
internal_value=-0.000103112 0.000781418 0.00832598 0.0303108 -0.000551084 -0.00528856 0.0426558 0.000823709 0.00608884 0.00130726 0.00068591 0.00726216 0.0049458 0.0176919 0.0117569 0.000470018 0.0276354 0.0146329 0.0220284 0.0379026 0.0300894 0.000470018 0.0248641 0.0408677 -0.00240116 0.0083744 0.0172728 0.00194607 0.0222945 0.0265884 0.0296809 0.00451104 0.0151702 0.00764098 0.00949579 0.0141771 0.0281978 0.00644065 0.0571584 -0.00540377 0.0381125 0.0357845 0.0142497 0.0263101 0 -0.00632322 0.0417825 -0.0205589 0.0166314 0.000470018 0.000307911 -0.00131469 0.0387576 0.00652258 0.000470018 0.0169708 -0.00620108 -0.00292564 0.0371674 0.0317476 0.000470018 0.00126915
internal_weight=9355.69 8693.17 1303.78 113.59 7389.4 1662.94 92.452 5726.46 1190.19 651.308 5713.74 627.664 570.267 117.972 538.879 768.851 57.3964 181.688 114.67 41.1357 79.1722 5086.07 102.51 30.2959 533.336 436.37 124.889 25.9977 103.219 90.3163 86.4151 311.48 82.7162 87.6757 216.471 156.931 49.5274 133.757 19.2112 21.6708 58.3979 69.9546 77.6684 44.7926 37.9235 33.8362 54.1064 21.1375 55.9088 4869.6 228.764 215.274 65.9876 107.404 388.58 24.5485 140.893 125.854 10.3796 76.5119 641.669 97.8619
internal_count=809162 660490 56956 3254 603534 222893 1809 380641 53702 38438 380488 27484 25519 2235 15264 57370 1965 7386 4297 1315 2292 353004 2262 379 36203 13002 3402 652 3184 1860 1837 9600 2279 1856 10293 7350 2207 4757 455 218 1783 1651 2419 1322 957 875 1657 1445 1210 342711 7321 6853 1388 5143 18133 711 4958 4563 226 1610 44305 3250
is_linear=0
shrinkage=0.05


Tree=46
num_leaves=63
num_cat=0
split_feature=13 189 144 144 116 176 147 189 147 189 131 159 164 147 94 97 144 95 179 144 141 142 86 172 149 13 86 1 110 63 47 1 13 141 45 144 69 144 72 41 45 8 67 66 132 169 169 5 65 69 33 68 68 144 72 94 69 65 152 186 143 5
split_gain=42.9002 26.4596 20.4418 19.484 12.9336 14.0146 13.1117 12.4944 12.1748 10.8676 10.3544 9.21708 8.6955 7.9365 7.68067 7.21003 6.43823 6.16741 5.9658 5.82089 5.64074 5.96664 7.52707 11.7353 13.4841 7.13746 6.72613 5.43652 5.28429 5.34176 5.12737 5.11651 5.02997 5.02186 4.82077 4.79141 4.76845 4.73423 4.46921 4.43041 5.52737 4.35831 6.08069 4.40457 4.38377 4.34529 4.31233 4.42334 4.29335 4.95053 5.19908 4.45714 4.41281 4.14472 4.1372 4.0968 3.91895 3.63143 3.62175 4.18138 3.79948 3.59053
threshold=0.49395914375782018 -1.0000000180025095e-35 0.70466029644012462 0.23968885838985446 3.5000000000000004 1.0000000180025095e-35 0.71547618508338939 -1.0000000180025095e-35 0.67028987407684337 0.19000000506639483 48.500000000000007 15.556002616882326 1.0000000180025095e-35 0.95805323123931896 14608.500000000002 5.0250000953674325 0.28847827017307287 0.68091630935668956 1.0000000180025095e-35 0.51247820258140575 0.11507079750299455 31.629706382751468 4.5000000000000009 1.0000000180025095e-35 -1.0000000180025095e-35 0.10846194252371789 2.5000000000000004 0.84864684939384472 1.0000000180025095e-35 -0.2888455986976623 0.20109285414218905 0.84864684939384472 0.067433167248964324 0.12989123165607455 0.73551011085510265 0.93159422278404247 2.8719338178634648 0.98694339394569408 0.81174489855766307 0.83765557408332836 0.91466316580772411 4.2563600540161142 0.55553567409515392 0.97175461053848278 493.50000000000006 1.0000000180025095e-35 1.0000000180025095e-35 0.69408202171325695 -0.94360551238059986 5.7078099250793466 0.44462835788726812 0.93502125144004833 0.16920770704746249 0.75720575451850902 -0.56174489110708226 23967.000000000004 9.6326417922973651 0.99804019927978527 1.3749499320983889 4.5000000000000009 -0.25532495975494379 0.52559173107147228
decision_type=2 2 2 2 2 2 2 2 2 2 2 2 2 2 2 2 2 2 2 2 2 2 2 2 2 2 2 2 2 2 2 2 2 2 2 2 2 2 2 2 2 2 2 2 2 2 2 2 2 2 2 2 2 2 2 2 2 2 2 2 2 2
left_child=2 8 3 9 5 6 41 16 15 18 14 20 13 -3 17 -2 -5 46 45 -18 -8 22 23 25 -25 -22 37 58 29 33 -28 35 -23 -9 -35 53 -24 -26 -37 -29 -41 43 44 48 61 -1 47 56 -4 51 -51 57 -52 -27 -46 -34 -11 -50 60 -60 -6 -43
right_child=1 12 4 7 27 -7 11 28 -10 10 -12 -13 -14 -15 -16 -17 19 -19 -20 -21 21 32 36 24 26 31 30 39 -30 -31 -32 -33 55 34 -36 38 -38 -39 -40 40 -42 42 -44 -45 54 -47 -48 -49 49 50 52 -53 -54 -55 -56 -57 -58 -59 59 -61 -62 -63
leaf_value=0.0041025231985357012 0.0011867956978075995 0.0011867956978075995 -5.5145723003051947e-05 0.00015948763365397953 0.0080159160857582994 0.041315921102862474 -0.011180690886684346 0.00015948763365397953 -0.011734790331116145 0.055677596467113039 0.0043046670667793285 0.027450759037352852 0.040719161783464908 -0.0043124597677471968 0.0041025231985357012 -0.0077605685886568496 -0.017441057868385432 0.0041025231985357012 -0.01943059242551055 -0.0049855935237528119 0.016023070808392121 -0.011180690886684346 -0.0062390200998744556 -0.0042988767034690808 0.052124851796295647 -0.0079667129323459113 0.00011588110774531065 -0.00039592691389073154 0.00015948763365397953 0.00015948763365397953 0.031397238316271357 0.020170395622427159 0.021792379040324938 0.05534334225093604 0.00015948763365397953 -0.011180690886684346 0.0044622924999660517 -0.0045527037345776573 0.013837710670697995 0.04733525246730988 -0.0063845957139480325 0.014252562079295712 -0.0072534329115596695 -0.0023479899189053086 -0.00092083240637265385 -0.007237440401154537 0.0030079098835824264 0.0041025231985357012 0.037379102429478755 -0.0016875586962514179 0.035816130813698763 0 0 0.0073172185121040878 0.042832286305112821 -0.0092629087685302536 0.0041025231985357012 -0.0016083253860409543 0.042984949342380452 -0.0060151525327630101 -0.0059172397729599273 -0.01140281291377155
leaf_weight=647.45770429002005 190.88225044147475 1902.4369699352974 14.943519998356349 35.051390691631241 52.711140657840588 29.546189500906621 44.247652792088047 6.4870964997826404 1027.122127446095 43.255754119571066 84.855931913349195 45.093870243566926 7.7165662190527646 992.58246050895832 20.976059673907002 278.56033792737799 204.72376461695239 11.791303053003501 21.712375294526282 192.70514651746635 100.87450991804508 9.7719870455621258 191.78916139013018 32.938305573945399 34.089098240117892 52.552394878628547 27.240384942429955 15.909021108142044 1568.3464942357823 27.465536414936651 23.615839621736086 27.684475403701072 108.24294845058466 11.798012016806753 5.0827452068915582 105.19209368697921 214.96237964792817 2.3477305095875627 14.445432129803519 11.000930945650905 4.2362709781809817 41.657406538979558 35.133107255089271 14.376642864728636 5.4235036303871338 82.775253543717554 8.3793607515108288 5.6599640639906275 99.364711175890989 30.011278114936431 22.787563967343885 8.6045112754072743 11.79395811633003 179.35748896183213 17.190438972989796 7.7930921624356406 4.6955458167358293 4.612673034076578 4.1850688398117182 4.8475985424665851 292.41001955195679 13.948500815648002
leaf_count=48144 26125 131370 440 2973 3878 414 2156 429 221650 638 3957 973 120 80701 412 53173 18722 219 3223 17761 4232 93 10732 1258 972 3328 1013 1208 96517 1818 944 1334 1492 692 382 4574 11078 22 636 768 322 1195 1138 376 200 5487 340 102 2804 707 572 234 344 10911 486 101 70 137 235 326 22083 478
internal_value=0.000283002 -0.00330312 0.00348168 0.000863656 0.00744756 0.00945567 0.00869751 -0.00185057 -0.00869255 0.00684611 0.0177744 0.00625997 -0.000505716 -0.000694235 0.0287656 -0.00193004 -0.00934905 0.0360028 0.00410252 -0.0116008 0.00531438 0.00602689 0.00465912 0.00819654 0.0219048 0.00452172 0.0317603 -0.000695603 0.000159488 0.015537 0.0165997 0.00122863 0.0161882 0.0307556 0.0424333 -0.000454861 -0.000537302 0.0477609 -0.00844577 0.0177103 0.0332772 0.0176955 0.00886068 0.0221029 0.0163998 0.00410252 0.041934 0.0468159 0.0240726 0.0261905 0.0129749 0.032686 0.0249369 0.00365321 0.0331669 0.0192036 0.0513637 0.0354257 -0.00260795 0.022133 -0.00363371 0.00699472
internal_weight=9339.45 4399.3 4940.15 2983.22 1956.93 1571.63 1542.09 2051.66 1496.56 931.559 179.614 1222.24 2902.74 2895.02 94.758 469.443 432.48 73.7819 751.945 397.429 1177.14 1132.9 1007.09 600.338 120.231 480.106 87.2931 385.3 1619.18 50.8334 50.8562 379.232 125.808 23.3679 16.8808 351.547 406.752 36.4368 119.638 31.1462 15.2372 319.848 113.353 206.495 78.2198 730.233 61.9906 53.6113 192.118 177.175 64.5928 112.582 34.5815 231.91 22.6139 116.036 47.9513 103.977 354.154 9.03267 345.121 55.6059
internal_count=809219 513139 296080 201886 94194 65374 64960 139294 300948 62592 5738 55849 212191 212071 1781 79298 39456 1369 56854 36483 54876 52720 51034 29224 4209 25015 2951 28820 99838 3321 1957 20783 1686 1503 1074 19449 21810 994 5210 2298 1090 9111 3497 5614 2359 53631 1150 810 5238 4798 1623 3175 916 14239 686 1593 708 2941 26522 561 25961 1673
is_linear=0
shrinkage=0.05


Tree=47
num_leaves=63
num_cat=0
split_feature=15 189 136 189 86 159 144 164 141 171 139 144 144 86 189 144 110 141 132 2 179 13 189 152 94 1 69 67 71 86 72 110 64 13 69 17 94 94 75 147 9 86 89 144 66 78 144 25 21 7 71 147 141 34 147 66 94 109 152 10 94 69
split_gain=38.3748 27.3847 21.1675 16.0565 12.7442 12.501 12.0733 11.3957 10.8726 9.33893 11.082 9.24435 8.10787 7.46772 7.14092 6.91943 6.77035 6.75621 6.68044 6.10047 6.24015 6.36886 5.54535 4.99807 4.8477 4.64258 4.51107 4.44648 4.29109 3.56144 3.5571 3.41878 3.62881 3.38106 5.56699 3.3606 3.2814 4.39322 3.22211 3.71958 3.30876 3.09413 3.05702 3.01574 2.95713 2.78013 2.71837 2.55796 2.53883 2.40586 2.40482 2.39658 2.38965 2.3856 2.41603 2.31743 2.30895 2.99783 4.14806 3.7254 2.30072 2.28943
threshold=0.44535610079765325 -1.0000000180025095e-35 -1.0000000180025095e-35 0.19000000506639483 1.0000000180025095e-35 38.564739227294929 0.68318140506744396 1.0000000180025095e-35 0.12257871776819231 1.0000000180025095e-35 0.15667280554771426 0.23159878700971606 0.70466029644012462 9.5000000000000018 -1.0000000180025095e-35 0.12388245761394502 8.0000000000000018 0.13470961898565295 28.500000000000004 99.454746246337905 1.0000000180025095e-35 0.26811614632606512 0.35000000894069677 0.87482970952987682 1.5000000000000002 0.3916259109973908 2.327872753143311 0.78095325827598583 -0.60785761475563038 11.500000000000002 1.0000000180025095e-35 3.5000000000000004 -0.83222180604934681 0.36829414963722235 0.41165834665298467 0.38751944899559027 10777.500000000002 20428.500000000004 0.55000001192092907 0.95964771509170543 0.50585645437240612 9.5000000000000018 1.0000000180025095e-35 0.8238605558872224 0.21560129523277285 0.045571446418762214 0.28074009716510778 0.38010765612125402 0.17679429054260257 0.13374900072813037 0.87837970256805431 0.96351474523544323 0.12555549293756488 120.2587127685547 0.81145748496055614 0.97955423593521129 21866.500000000004 0.50620955228805553 0.90929722785949718 2.542094469070435 21414.500000000004 0.64755457639694225
decision_type=2 2 2 2 2 2 2 2 2 2 2 2 2 2 2 2 2 2 2 2 2 2 2 2 2 2 2 2 2 2 2 2 2 2 2 2 2 2 2 2 2 2 2 2 2 2 2 2 2 2 2 2 2 2 2 2 2 2 2 2 2 2
left_child=2 35 4 6 -1 8 11 15 -3 10 52 19 25 -12 23 27 45 -16 26 20 21 29 31 -13 -24 46 -10 33 42 -4 60 -20 -33 34 -5 -2 -17 49 39 40 47 50 -19 44 -11 48 -6 -34 -7 -38 53 -27 -8 54 -26 61 57 59 -59 -42 -30 -14
right_child=1 5 3 7 12 16 9 -9 18 43 13 14 55 -15 17 36 -18 28 22 -21 -22 -23 24 -25 41 51 -28 -29 30 -31 -32 32 38 -35 -36 -37 37 -39 -40 -41 56 -43 -44 -45 -46 -47 -48 -49 -50 -51 -52 -53 -54 -55 -56 -57 -58 58 -60 -61 -62 -63
leaf_value=0.067725752895612445 -0.0085731435629684098 -0.0071581929623870891 0.0081610868574035263 0.0081610868574035263 0.0088892550627162632 0 -0.0081837180741881135 0.051204969996405517 0.030842924074583458 -0.0098853286534175203 0.0081610868574035263 -0.012939691307480539 0 -0.00019958016171786803 -0.004779930595460908 0.0081610868574035263 -0.0085731435629684098 -0.004779930595460908 0.0019216520279236758 -0.017976176817925821 -0.018907015755036814 -0.00070102457740742544 0.0019216520279236758 -0.004779930595460908 0.0019216520279236758 0.033721413240888155 0 0.0081610868574035263 0.0081610868574035263 -0.009282348419288872 -0.00018858881275860253 0.0019216520279236758 0.0019216520279236758 0 0.047610208690336359 -0.01169365003872665 0.0093855570186745906 0.0081610868574035263 0.0019216520279236758 -0.0071581929623870891 0.0019216520279236758 0.0019216520279236758 0.0081610868574035263 -0.014622436074070492 0.0081610868574035263 -0.00010628583090560226 -0.016994168848200174 -0.0071581929623870891 0.044314854632085787 0.037035616620440845 0.0019216520279236758 -0.0066674351329330545 -0.00019958016171786803 0.0019216520279236758 0.039512632211001979 -0.0014169265106798281 -0.0071581929623870891 -0.0071581929623870891 0.0019216520279236758 -0.0071581929623870891 -0.004779930595460908 0.043018253861878859
leaf_weight=12.22603205492487 565.28513766030665 556.43045462144073 362.93968276266969 8.0064944757614267 10.980549833155235 3.4061903054826059 88.563628965915996 11.136248919938224 24.996454367748811 25.161148590079392 685.03944593339111 278.06460951998451 2.2783151885087198 129.09856857922568 551.21259016937984 712.77583861608582 4.8855881550116456 116.78236948954873 528.0096236266254 25.232046802171681 21.205436789627129 238.41408304256038 83.544242130301427 128.73147887201048 2.3711512160080046 8.3682363128464186 19.971523189495201 13.200033650704425 205.43436096543155 28.093330415234959 145.73080802930053 512.72223281968036 43.227248654555297 7.6312137241475275 28.083156504813815 939.55388336092437 19.551918496319558 32.24604373582406 213.86221430629666 366.15615131214145 415.4583222783549 11.365166812000096 25.321029112747055 68.184482626136742 20.75034564921225 3.6174322209553784 21.738712227466749 194.1659309767856 24.655474880943075 29.740569100948051 5.430806453281547 1.8303160585637659 363.4874087385615 1.8193155819317315 27.915957487362903 2.2902947265538378 34.14337209983205 131.6973603531369 86.955698553312686 79.204340482043335 15.377892589691326 23.277990887290798
leaf_count=166 98449 40663 21612 151 268 30 6911 145 753 1561 25493 25354 56 8087 37700 26455 35 7765 38544 1722 3208 21957 3962 11605 50 231 586 241 13536 2468 9383 38067 3161 188 422 206644 466 1015 16394 31140 27730 451 1883 3255 1277 35 673 12773 254 798 151 78 27451 83 917 50 2475 10085 6717 4625 1164 448
internal_value=8.60952e-05 -0.00297469 0.00343474 0.0029376 0.0277598 -0.000462834 0.00142654 0.00903773 -0.0008081 0.00506724 0.00631796 -0.000913596 0.016511 0.00816109 -0.00314985 0.00816109 0.0267727 -0.000947585 0.000463118 0.00388981 0.00490651 0.00589085 0.000123063 -0.00874571 0.00991843 0.00141718 0.0185842 0.0252296 0.0031629 0.00816109 0.00602784 -0.000383317 -0.00136755 0.0325923 0.0382787 -0.00857314 0.00816109 0.0191875 -0.00257325 -0.00350196 -0.00183581 0.0216707 -0.00401071 -0.00828535 0.00114677 0.0350033 -0.00761804 -0.00691483 0.039617 0.028403 0.0278991 0.0250192 -0.00019958 0.032486 0.0358209 0.035256 -0.000154262 0.000541233 -0.00434596 0.00192165 0.00816109 0.0390548
internal_weight=9349.04 4880.85 4468.19 4385.2 82.9904 3376.01 3522.82 862.372 3339.45 1380.29 1266.19 2142.54 70.7644 814.138 1466.66 851.235 36.5647 1059.86 2783.02 675.885 650.653 629.447 2738.05 406.796 132.447 42.9178 44.968 56.9209 508.646 391.033 366.543 2605.6 2077.59 43.7209 36.0897 1504.84 794.314 81.5385 1564.87 1351.01 984.852 48.9024 142.103 114.096 45.9115 31.6791 32.7193 237.393 28.0617 49.2925 37.5372 10.1986 452.051 32.1064 30.2871 27.8466 747.459 713.316 218.653 494.663 220.812 25.5563
internal_count=810017 544774 265243 263273 1970 239681 233392 29881 239327 74035 67942 159357 1804 33580 108390 29736 354 71431 198664 50967 49245 46037 197325 36959 5614 1250 1339 1002 33731 24080 24083 191711 153167 761 573 305093 28734 2279 115100 98706 67566 1652 9648 6093 2838 319 941 15934 284 1264 1201 309 34362 1050 967 554 51632 49157 16802 32355 14700 504
is_linear=0
shrinkage=0.05


Tree=48
num_leaves=63
num_cat=0
split_feature=79 164 147 141 142 15 142 147 180 39 1 72 110 75 189 135 97 142 67 186 148 18 42 47 189 152 76 66 63 141 67 66 29 67 66 132 67 5 163 65 4 65 15 132 6 66 135 131 163 132 18 186 135 7 6 142 135 47 130 135 116 45
split_gain=32.7471 23.7956 17.9301 12.4581 10.5072 9.4346 7.41733 7.38839 13.6436 10.4526 9.14564 7.72165 7.25534 7.12502 6.57823 6.30436 5.46215 5.93662 5.23884 5.22926 10.3482 5.22471 5.30214 5.16271 4.82239 5.73935 4.67185 4.86633 4.66518 4.53285 4.47937 3.95832 3.91279 3.84036 3.76475 3.49857 4.23161 3.468 3.41903 3.40423 3.47358 3.39764 3.36678 3.87213 3.39914 3.328 3.86893 3.30862 4.17177 3.06734 2.98587 2.8969 3.24528 2.95083 3.19299 2.88699 3.72257 3.62575 3.0464 3.83579 2.85701 2.85137
threshold=-4.7008357048034659 1.0000000180025095e-35 0.95805323123931896 0.13124834746122363 7.4041786193847665 0.18956611305475238 65.195487976074233 0.76516544818878185 1.0000000180025095e-35 0.91904670000076305 0.43127375841140753 1.0000000180025095e-35 2.5000000000000004 0.45000000298023229 0.14999999850988391 259.50000000000006 -1.0000000180025095e-35 108.69232559204103 -0.27976769208908076 -1.0000000180025095e-35 1.0000000180025095e-35 151.71870422363284 3.8706787824630742 0.45600681006908422 1.0000000180025095e-35 0.94289699196815502 50844.964843750007 -0.28082080185413355 0.28969739377498632 0.10577069222927095 0.88902756571769725 0.99667415022850048 0.37943540513515478 0.24415538460016253 -0.73359093070030201 603.50000000000011 -0.83317327499389637 0.11905121430754663 1.5000000000000002 -0.91074326634407032 9.0348834991455096 -0.62853965163230885 0.28747463226318365 243.50000000000003 1.351828455924988 -0.069423306733369813 569.50000000000011 798.50000000000011 1.0000000180025095e-35 410.50000000000006 5.2804954051971444 13.500000000000002 189.50000000000003 0.73565709590911876 13.955483913421633 14.821883678436281 328.50000000000006 0.20109285414218905 887.50000000000011 638.50000000000011 1111.5000000000002 0.36931768059730535
decision_type=2 2 2 2 2 2 2 2 2 2 2 2 2 2 2 2 2 2 2 2 2 2 2 2 2 2 2 2 2 2 2 2 2 2 2 2 2 2 2 2 2 2 2 2 2 2 2 2 2 2 2 2 2 2 2 2 2 2 2 2 2 2
left_child=-1 2 3 29 7 15 13 8 9 10 18 -10 -11 -4 -7 28 17 -16 26 20 33 22 -14 -8 25 -9 27 -5 31 41 55 39 42 -20 -24 36 37 -28 45 -6 -41 -2 -18 -44 -45 -22 -47 48 -38 -30 -15 53 -53 -21 -55 56 -17 -58 59 -59 61 -36
right_child=1 -3 6 4 5 14 23 24 11 12 -12 -13 21 50 16 30 32 -19 19 51 38 -23 34 -25 -26 -27 35 -29 49 -31 -32 -33 -34 -35 60 -37 47 -39 -40 40 -42 -43 43 44 -46 46 -48 -49 -50 -51 -52 52 -54 54 -56 -57 57 58 -60 -61 -62 -63
leaf_value=-0.010111569869672942 -0.0018497473687255407 0.049522179456391001 -0.0064966983858125204 0.019707447298862646 0 -0.0010320138024505078 0.041975561405074642 -0.0015507985080036757 0 -0.0018497473687255407 -0.0018497473687255407 0.060239824757243543 -0.0018497473687255407 0.0032402889509660221 0.025794430991992075 -0.0018497473687255407 0 -0.0010320138024505078 0.020616132330431369 -0.0018497473687255407 0.0037264735409173206 -0.0018497473687255407 0.0063805105045456299 -0.0015934619169579993 0.0038385821409127499 0.0038385821409127499 -0.0018497473687255407 -6.4701617094801747e-05 0.01639256120344219 -0.0018497473687255407 0.020925359615155657 -0.0018497473687255407 -0.0010320138024505078 -0.0018497473687255407 0.0063861464515562591 0.00017196103817394533 0.048029668388122289 0.022116285488312116 -0.00045126479436213948 0.04529469394726901 0.0028997221336102444 -0.013379345635616985 -0.00070023757116101739 0.046288599637231288 0.00038724710320290538 0.046560999167406671 0.0025745647301230155 0 0.00010982485936497252 -0.0018497473687255407 -0.012959167674839787 -0.0018497473687255407 0.028012677871081651 -0.0018497473687255407 0.023682560633044789 -0.0018497473687255407 0 0.045281001094422506 -0.0014236146361529414 0 -0.0018497473687255407 0.050955959577704241
leaf_weight=718.10417036374565 72.630550452027819 20.177290700798039 1135.3479121987766 39.962841275519168 5.012682095883064 279.31890593741264 9.6697698091666116 1899.7066093868561 8.6582616056257411 17.174103862744232 353.9034125084363 12.7230310998857 7.5977800111140814 307.72837385613093 70.997937381485826 7.1136704052914856 26.521095927717397 15.060581048572201 15.056088876503052 262.53200271129754 11.484253851594984 7.7828014947153852 12.177677072853838 10.078167869520255 1015.4562543798966 532.97215073084226 14.427744761094798 92.957649872587353 58.388532536802813 1480.9604362738755 49.872958581821877 3.0856569594470775 58.39852415471978 75.993826091013034 7.1140885997374417 18.271742011427705 29.218655334887444 18.93627617713355 7.7337297069898332 44.555098271157476 7.5705264232819891 145.1022123034345 9.4891579693503463 12.100371774766247 6.8579617684008545 27.662217125398456 8.0857850444008346 5.0010789955631472 6.479328213230473 4.0162955036212216 25.957870106925839 12.897196389996681 13.400619062798794 13.512972566932147 18.630754256810178 82.316510423785076 17.662102192101884 16.144997840528966 5.1455037146661189 6.3943733323976621 1.2197223307666707 36.036075706339034
leaf_count=157197 5792 307 109392 1936 147 22271 203 152784 229 1776 51980 271 891 28200 1401 260 616 186 726 13755 483 533 741 656 53964 46463 562 4686 1121 112562 1191 71 2039 3815 363 915 1340 1008 323 1046 158 11766 241 305 196 1127 329 335 257 95 2704 270 280 754 885 1662 799 572 181 378 79 2093
internal_value=0.000105028 0.000966559 0.000820655 0.00187096 0.00304866 0.00838519 -0.00415362 0.00212419 0.00557784 0.00470485 0.00322389 0.0413053 0.020732 -0.00461072 0.00385721 0.0151851 0.0106852 0.0198729 0.0066212 0.00345993 0.0111343 0.0274928 0.0320381 0.0229007 0.000952071 -0.000247971 0.012849 0.00619752 0.0239565 -0.00184975 0.00874998 0.0338803 0.00295461 0.000221689 0.0369742 0.021357 0.0259258 0.0095307 0.0272681 0.0368936 0.0403678 -0.00901701 0.0129479 0.0234995 0.0342738 0.0318942 0.038762 0.0363058 0.0410284 0.0122059 0.00173359 -7.1786e-05 0.014323 -0.00165739 0.0121816 0.00347838 0.0121707 0.0184325 0.0282963 0.0350155 0.0433679 0.0455532
internal_weight=9316.55 8598.44 8578.27 7089.48 5390.79 786.023 1488.78 4604.77 1156.63 1135.25 1046.15 21.3813 89.1022 1469.03 478.745 307.279 199.426 86.0585 692.245 466.989 146.016 71.9281 64.1453 19.7479 3448.14 2432.68 225.255 132.92 122.629 1698.69 184.65 60.224 113.367 91.0499 56.5476 92.3348 74.0631 33.364 54.966 57.1383 52.1256 217.733 54.9686 28.4475 18.9583 47.2323 35.748 40.6991 35.698 62.4048 333.686 320.974 26.2978 294.676 32.1437 134.777 52.4606 45.347 27.6849 22.5394 44.3699 43.1502
internal_count=809668 652471 652164 511009 380889 34936 141155 345953 92742 92242 85766 500 6476 140296 27255 7681 4984 1587 33786 22747 6803 4700 4167 859 253211 199247 11039 6622 2638 130120 5043 1422 3397 4541 3276 4417 3502 1570 2262 1351 1204 17558 1358 742 501 1939 1456 1932 1597 1216 30904 15944 550 15394 1639 3852 2190 1930 1131 950 2535 2456
is_linear=0
shrinkage=0.05


Tree=49
num_leaves=63
num_cat=0
split_feature=144 189 176 110 139 135 13 159 135 170 144 77 86 132 71 71 189 144 187 136 79 71 16 8 143 143 147 25 144 144 135 140 142 67 13 9 147 112 25 94 134 147 25 40 149 135 135 112 79 144 69 86 142 63 11 22 40 85 7 67 13 134
split_gain=33.2205 26.888 21.0494 27.9578 18.18 16.3396 14.6424 12.0697 9.36121 8.95104 8.45738 8.00126 7.81449 7.65785 7.49171 6.31661 6.21101 5.88823 5.69537 5.46186 9.92203 5.22778 5.16409 5.14669 6.17267 5.05236 4.77568 4.48234 4.26858 10.3706 5.12302 4.14687 4.13235 3.82035 4.57197 3.81796 3.72301 3.64436 3.61228 3.51964 3.50797 3.44528 3.53678 4.15395 4.16112 5.35831 3.52315 3.733 3.38103 3.30394 4.91064 5.73414 5.05569 3.21128 3.15407 4.27193 3.11498 3.05938 3.26799 3.05888 3.05012 2.96513
threshold=0.92077764868736278 -1.0000000180025095e-35 1.0000000180025095e-35 3.5000000000000004 0.15667280554771426 7.1900000572204599 0.45649404823780065 20.415182113647464 -1.0000000180025095e-35 1.0000000180025095e-35 0.11569021642208101 9.8071756362915057 10.500000000000002 13.500000000000002 1.0000000180025095e-35 -1.0000000180025095e-35 0.14999999850988391 0.52938154339790355 2.5000000000000004 1.0000000180025095e-35 -1.7141634821891782 -0.60785761475563038 42.147342681884773 2.8272176980972294 4.4966177940368661 26.645868301391605 0.76028168201446544 0.63340240716934215 0.23968885838985446 0.16140455007553103 53.500000000000007 0.14016471058130267 0.16123493015766147 0.6192494034767152 0.65389376878738414 0.59964576363563549 0.85545650124549877 0.93651995062828075 0.44635759294033056 21535.500000000004 337.50000000000006 0.91921132802963268 0.3109413087368012 1.8657429814338686 -1.0000000180025095e-35 98.500000000000014 707.50000000000011 0.97008034586906444 -2.4384746551513667 0.98694339394569408 9.9229936599731463 4.5000000000000009 0.92816227674484264 -0.9844546616077422 0.75887176394462597 1.05634480714798 1.2829313278198244 3.5000000000000004 0.13323143869638446 -0.31645457446575159 0.36829414963722235 1341.5000000000002
decision_type=2 2 2 2 2 2 2 2 2 2 2 2 2 2 2 2 2 2 2 2 2 2 2 2 2 2 2 2 2 2 2 2 2 2 2 2 2 2 2 2 2 2 2 2 2 2 2 2 2 2 2 2 2 2 2 2 2 2 2 2 2 2
left_child=1 4 6 5 -1 48 8 9 -2 13 11 -11 -6 19 37 23 -8 28 25 20 38 57 -20 24 36 41 -26 35 29 -12 -31 -23 -13 34 39 -18 -10 -9 -3 -33 -22 42 46 44 45 59 47 49 -4 50 51 52 -17 -54 55 -37 -5 58 -19 -44 -47 -32
right_child=2 7 3 56 12 -7 16 14 15 10 17 32 -14 -15 -16 18 27 21 22 -21 40 31 -24 -25 26 -27 -28 -29 -30 30 61 33 -34 -35 -36 54 -38 -39 -40 -41 -42 -43 43 -45 -46 60 -48 -49 -50 -51 -52 -53 53 -55 -56 -57 -58 -59 -60 -61 -62 -63
leaf_value=-0.0092281547664339221 0.044302081813898955 0.0025627911723579383 0 0.0021202627798369163 0.00024986022220886722 -0.015345818052423996 -0.0060732517826009432 0.039258047596906681 0.008741298901518214 0.0018735308222058396 0.00024986022220886722 0.048952392297639868 -0.0092281547664339221 0.00024986022220886722 0.00024986022220886722 -0.004741640506606741 0 0.00024986022220886722 -0.01603852351173822 0.0004181117199521607 0.013712926634616677 0.0065399961258151207 0.024374525203405596 -0.0095823397715319013 -0.0065364495580329286 0.032555646749726871 0.022074094189894113 -0.0045142826820564223 0.00024986022220886722 0.00024986022220886722 0.032560903374405953 0.037955730175678749 0.0038938480906593391 0.0065399961258151207 0.0065399961258151207 0.039749981027799954 -0.0058421480392559103 0.00024986022220886722 0.043756055745777171 0.0065399961258151207 0.00024986022220886722 0.0016295173494847441 0.019026825296519778 -0.013286015260802276 0.0027155325796180524 0.031767932793735527 -0.002308242032178266 -0.0079724189277316868 0.048297593280421852 0.0068386868919612853 5.8161833326622023e-05 0.0093493472032476922 -0.0016059724025308622 0.049241729519551171 0.0060399091208228712 -0.0053958670927497301 -0.030658116507347871 0.00024986022220886722 0.039271332478885312 -0.0092433850694248875 -0.0048786767279812102 0.00024986022220886722
leaf_weight=1463.3369099199335 14.251972367550477 8.6830085626133933 3.295780341650242 8.7136035212897713 613.29451437992248 9.1690414632830635 301.81573194620432 33.343846703835879 70.917214710032567 27.444856804650044 41.482765864522662 22.27977657837619 150.510223300691 4762.7392579992884 23.588217855707626 3.3194719356251872 38.516351964193746 5.2472468242049199 27.8309330236807 112.42028634357848 77.518476725439541 121.37917253506021 5.2908624498086274 61.693369390974112 14.239459926320704 30.807514050626196 68.087856062309584 54.441601434184122 179.31848889692628 9.2165827101271116 49.794331071156194 46.625608575312071 8.9429799085773976 25.659040750353597 11.917766826125442 21.974692759322355 97.973390365565137 6.510413965661427 28.473400662100175 5.0522979659726834 45.660023234551772 75.49208776364685 10.362032729899513 14.288209677964913 83.995627857308136 46.015421660296852 12.786012864278744 5.9051212236518031 78.545898710406618 27.805242286529392 13.894555108970961 23.338835667993408 1.9687935712572571 47.094288016858634 27.276724384661065 3.9967635992652495 13.582827345926487 70.380247612512903 5.5402651288895868 19.876195352408104 3.7220999818091505 7.4564294229639918
leaf_count=305650 153 270 166 864 41774 892 33384 695 2069 1072 1517 595 15614 341772 756 151 1033 106 915 6416 1839 5133 140 2021 304 631 1580 2131 9183 327 1792 1605 291 1047 746 557 4253 420 309 260 443 2916 261 897 2094 951 748 309 1068 376 239 365 93 1386 863 120 965 3400 131 471 154 296
internal_value=-8.58789e-05 -0.00131618 0.00717274 0.0273915 -0.00597316 0.0393836 0.00518496 0.000491074 0.00930389 0.00024986 0.00614894 0.0235675 0.00024986 0.00024986 0.0213671 0.0083381 -0.0019631 0.00415475 0.0120948 0.00917084 0.0149584 0.00916967 -0.00657694 0.00270686 0.00595048 0.0136836 0.0167484 0.00627649 0.00024986 0.0101572 0.0230036 0.0132907 0.0390556 0.021372 0.027739 0.0128392 0.000212946 0.033382 0.0361684 0.0338479 0.0072042 0.0117357 0.0140207 0.00873548 0.0111387 0.0190107 0.0202107 0.0227391 0.0463335 0.0247503 0.0293885 0.0341238 0.0429499 0.0467791 0.0209216 0.0322458 -0.0188903 0.00024986 0.0226075 0.00105994 0.0283736 0.0285329
internal_weight=9306.1 7963.82 1342.29 113.307 2227.14 91.0107 1228.98 5736.67 780.957 5673.23 637.738 58.6676 763.805 5035.49 63.4425 766.705 448.022 579.07 453.793 272.755 160.335 291.802 33.1218 312.911 251.218 420.672 82.3273 146.206 287.269 107.95 66.4673 210.634 31.2228 89.2547 63.5957 91.7645 168.891 39.8543 37.1564 51.6779 123.178 389.864 314.372 178.26 163.971 79.9757 136.112 123.326 81.8417 117.421 89.6159 75.7214 52.3826 49.0631 53.2482 25.9715 22.2964 81.1678 10.7875 30.2382 49.7375 57.2508
internal_count=808979 743459 65520 3955 363038 2126 61565 380421 23477 378550 27501 1958 57388 351049 1871 23324 38088 25543 13097 9277 2861 12428 1055 10227 8206 12042 1884 4704 13115 3932 2415 8791 886 3658 2611 2573 6322 1115 579 1865 2282 11411 8495 4828 3931 1837 3667 2919 1234 2610 2234 1995 1630 1479 1540 677 1829 3637 237 732 1105 2088
is_linear=0
shrinkage=0.05


Tree=50
num_leaves=63
num_cat=0
split_feature=79 159 147 170 110 189 45 148 110 136 110 142 142 75 142 65 134 142 143 63 159 94 65 94 86 136 189 8 94 152 147 110 69 149 78 132 174 139 47 147 79 142 41 66 136 189 68 97 134 18 63 143 68 69 147 65 8 8 1 143 68 132
split_gain=27.8002 25.0879 20.3556 16.2709 10.9293 8.43675 8.5688 9.95473 8.48541 9.50676 11.3247 8.16137 11.1135 7.36899 7.30714 6.81104 6.27656 6.09967 5.59679 4.66931 4.65982 5.91603 6.14332 4.56043 5.24958 4.99605 4.5374 4.33548 4.27858 4.26696 5.3399 3.97713 3.9317 4.37165 7.03484 3.909 4.52423 3.74421 3.73021 3.65208 3.57365 4.3833 4.27022 3.53593 3.50683 3.47529 3.69188 3.86377 3.45276 4.54881 3.40996 3.40823 3.37297 3.37089 3.35543 3.85343 4.19936 3.23766 3.53225 3.22422 3.2148 3.12807
threshold=-3.8837195634841915 38.564739227294929 0.93880674242973339 1.0000000180025095e-35 8.0000000000000018 0.31000000238418585 0.19338355213403705 1.0000000180025095e-35 3.5000000000000004 1.5000000000000002 2.5000000000000004 0.077710125595331206 2.8232899904251103 0.55000001192092907 0.17810153216123584 -0.20181148499250409 571.50000000000011 47.633358001708991 -0.12076735496520995 0.84787842631340038 13.198024272918703 12265.500000000002 0.3465999066829682 3.5000000000000004 15.500000000000002 1.0000000180025095e-35 -1.0000000180025095e-35 1.8942123055458071 57.500000000000007 0.82336455583572399 0.78393736481666576 2.5000000000000004 0.2134746387600899 -1.0000000180025095e-35 0.032781468704342849 133.50000000000003 1.0000000180025095e-35 0.17912449687719348 0.57024046778678905 0.60357144474983226 -0.31974111497402186 3.0002938508987431 0.27817371487617498 -0.99301236867904652 2.5000000000000004 -1.0000000180025095e-35 -0.90280702710151661 493.50000000000006 780.50000000000011 1.7537869215011599 0.46039907634258276 4.4966177940368661 0.66687303781509411 8.7968993186950701 0.91921132802963268 0.21990916132926944 3.0657935142517094 1.3267895579338076 0.43065343797206884 -0.59921255707740773 0.55710455775260936 216.50000000000003
decision_type=2 2 2 2 2 2 2 2 2 2 2 2 2 2 2 2 2 2 2 2 2 2 2 2 2 2 2 2 2 2 2 2 2 2 2 2 2 2 2 2 2 2 2 2 2 2 2 2 2 2 2 2 2 2 2 2 2 2 2 2 2 2
left_child=16 2 3 5 -3 6 7 14 9 10 -8 15 54 17 -2 -5 -1 27 19 53 21 22 -16 -15 25 -25 37 -4 38 30 -23 -19 -20 34 43 36 59 -10 -9 -35 -24 42 -42 -34 48 -11 -47 -48 -18 -50 -32 -49 -17 -14 55 -13 57 -57 -59 -7 -58 -41
right_child=1 4 13 11 -6 35 8 28 26 45 -12 12 18 23 20 52 44 31 32 -21 -22 29 40 24 -26 -27 -28 -29 -30 -31 50 -33 33 39 -36 -37 -38 -39 -40 61 41 -43 -44 -45 -46 46 47 51 49 -51 -52 -53 -54 -55 -56 56 60 58 -60 -61 -62 -63
leaf_value=-0.010018258135180279 0.010841782332661306 0.035251047737154283 -0.0057189266397652408 0.042373452358042026 -0.0090424883755615259 0.010841782332661306 -0.0081932488839007618 -0.0026121167434339275 -0.0087887532378114665 -0.0072430480447353554 0.010841782332661306 0 0.054032873857444208 -0.0023844971656151919 0.0014082545354800453 0.018069253763346966 0.03538161480172404 0.036152067379877958 -0.013651410426599299 -0.0070506784033494176 0.010841782332661306 0.010841782332661306 -0.018168592010995511 0.036733787519358962 -0.0083775196272346721 0.0078602009024791777 -0.00096265108459516044 0.0068296846008692102 0.010841782332661306 0.010841782332661306 -0.013577981686044131 0.0014345554633219742 -0.0088044597780805658 0.027504753087598473 -0.011006517031238691 0.010841782332661306 0.010841782332661306 -0.00096265108459516044 0.010841782332661306 -0.010385917182136196 0.0022518829155811124 0.0033426645002658144 -0.014108164947651597 0.028888059431323488 -0.0057902645520905502 -0.0072430480447353554 0.0079720097658646412 -0.0035023141349023409 0.023334701950283056 -0.0097771404299472151 0.0020985778338193724 0.010841782332661306 -0.011260389182383028 0 -0.0097335977896558373 0.0045638780884928653 -0.012553329357135429 0.031759151103748703 -0.0011276577782766335 0.040530109863777586 0.013158665329765895 0.0083536315255458276
leaf_weight=764.16665019977154 138.23123358805606 69.045586200081743 1747.2424073714647 28.91982753193588 13.932226387201807 11.380827667977426 76.701005847848137 113.04384273879259 367.89561769511056 107.82083059602155 130.89843175825081 218.68360594454862 15.54949683892483 243.53983631935989 378.50826462121768 20.818812837736917 8.6142210924153897 8.968070580653146 8.5633891840261622 2.5643764872656893 50.774953985106549 30.178144005083595 63.69125672262453 13.075829628454811 37.472352149852668 164.9615922791636 2412.567377443338 65.787890457017056 208.72287142990535 95.811490545216657 53.997251835957286 25.29252759910014 3.4520776402932816 12.089420284348305 10.545062585733829 154.94637250588858 15.618110059382159 64.330926717397233 11.686262149742104 28.743602515169187 51.032747192133684 96.371784031107381 132.19593734941736 81.663312746226438 38.325255546937115 77.281502606943832 267.14099182086647 177.37701223279873 12.339070603797152 20.16954119179718 76.285745239518292 8.1677015122113499 10.500086709507739 3.4885275719570918 45.515048665823997 37.587505753224832 24.515795819082996 36.164464820918511 7.9734351030783719 30.680716474947985 15.335630194822441 58.714986625025631
leaf_count=170044 10129 662 160494 501 98 188 7251 14980 67399 20691 6427 8001 400 22647 23267 354 584 411 193 62 2136 1325 4145 685 2992 13643 157691 4845 9195 5846 3579 942 77 141 218 5538 668 3554 525 558 3380 3809 8842 1651 3002 5734 20280 12852 830 1266 5114 572 179 70 2540 1526 696 1365 326 615 457 1156
internal_value=3.60541e-06 0.000870811 0.000588589 0.00210923 0.0274386 0.00118759 0.000777261 0.00395825 -0.000513058 0.00386157 0.0108418 0.00942603 0.0075004 -0.00340174 0.00172803 0.0265071 -0.00862154 -0.00481245 0.0162116 0.0389077 0.000214993 -0.000588786 -0.00292859 0.00221198 0.00745596 0.0110629 -0.00182633 -0.0052323 0.0108418 0.00583558 0.000312143 0.0146058 0.0128116 0.0144093 0.0219353 0.0108418 0.0240303 -0.00652384 0.00122584 0.00623478 -0.00773368 -0.00499139 -0.00947998 0.0266782 0.00431442 0.000683445 0.00239543 0.00416384 0.0138805 0.00355961 -0.00447565 -0.00125314 0.00735126 0.0463171 0.00220494 0.00399214 0.0109353 0.017147 0.0257992 0.0325896 -0.00173755 0.00169582
internal_weight=9307.66 8464.05 8381.07 6074.73 82.9778 5403.34 5190.71 1500.53 3690.18 845.387 207.599 671.388 611.15 2306.34 1167.08 60.2387 843.615 1847.29 225.374 21.6024 1028.85 978.073 721.8 459.05 215.51 178.037 2844.79 1813.03 333.453 256.273 160.461 34.2606 203.772 195.208 95.6605 212.626 57.6797 432.227 124.73 99.548 343.292 279.6 183.229 85.1154 79.4481 637.788 529.967 452.686 41.1228 32.5086 130.283 185.545 31.3189 19.038 385.775 340.26 121.577 81.7254 44.1379 42.0615 39.8514 87.4586
internal_count=809348 633622 632862 426203 760 405732 398723 96272 302451 73807 13678 20471 19437 206659 71572 1034 175726 166692 4526 532 61443 59307 43443 39967 17320 14328 228644 165339 24700 15864 10018 1353 3994 3801 1946 7009 1471 70953 15505 1855 20176 16031 12222 1728 5682 60129 39438 33704 2680 2096 8693 13424 533 470 14911 12371 4370 3217 1691 803 1153 1714
is_linear=0
shrinkage=0.05


Tree=51
num_leaves=63
num_cat=0
split_feature=104 147 164 143 141 97 87 29 170 163 96 43 135 174 110 11 147 95 7 94 75 1 131 85 135 71 135 6 9 13 132 142 142 131 135 41 75 76 132 17 147 11 76 8 76 110 94 37 133 11 110 41 29 142 140 66 149 143 131 142 142 73
split_gain=23.5623 23.6235 16.279 11.3169 9.65594 8.08547 8.05301 8.42252 14.5625 7.91052 8.79202 7.21293 7.62852 10.4526 7.28906 7.51134 6.51944 7.08252 6.4487 6.2162 6.19484 5.64418 5.61116 5.60542 6.65282 6.09391 6.04142 5.21019 4.89844 4.72209 5.12776 4.81775 6.84497 9.0608 8.54432 5.51687 5.41867 4.49025 4.45644 4.44997 4.43526 5.91474 5.12209 4.43478 4.40887 4.43001 5.3048 5.34324 4.40598 4.34552 4.32264 5.38057 4.69587 6.04857 4.50833 4.295 4.27963 4.27311 4.24134 4.15932 4.1018 4.09719
threshold=8889.2070312500018 0.79087123274803173 1.0000000180025095e-35 3.5749082565307622 0.10704227536916734 499.50000000000006 3.5000000000000004 0.30112829804420477 1.0000000180025095e-35 1.5000000000000002 0.10620300844311716 0.89139419794082653 1.0000000180025095e-35 1.0000000180025095e-35 2.5000000000000004 0.45023052394390112 0.95805323123931896 0.60717350244522106 0.88836362957954418 9407.0000000000018 0.45000000298023229 0.85246017575263988 810.50000000000011 2.5000000000000004 352.50000000000006 0.6078576147556306 101.50000000000001 29.991112709045414 0.68802490830421459 0.37238079309463507 324.50000000000006 0.08460803329944612 1.0000000180025095e-35 310.50000000000006 4.0250000953674325 0.87655308842659008 0.45000000298023229 31188.250000000004 154.50000000000003 0.38751944899559027 0.75147059559822094 0.5967884659767152 172.90773773193362 2.9335566759109502 242.78857421875003 3.5000000000000004 134.50000000000003 0.37334001064300543 368.50000000000006 0.61425411701202404 3.5000000000000004 0.60740572214126598 0.10851235687732698 2.6106489896774296 0.14546465873718264 0.60971039533615123 -1.0000000180025095e-35 13.033761978149416 253.50000000000003 24.533968925476078 3.7164666652679448 1.0000000180025095e-35
decision_type=2 2 2 2 2 2 2 2 2 2 2 2 2 2 2 2 2 2 2 2 2 2 2 2 2 2 2 2 2 2 2 2 2 2 2 2 2 2 2 2 2 2 2 2 2 2 2 2 2 2 2 2 2 2 2 2 2 2 2 2 2 2
left_child=1 5 3 4 -3 6 7 9 18 10 11 12 13 27 -13 -16 17 28 19 -9 -18 -8 -15 25 26 -10 -25 40 29 31 -31 32 34 -34 -6 36 50 -19 -27 -24 41 42 -1 -28 -5 61 47 58 -14 -39 51 -33 53 -52 55 -54 -55 -44 -47 -48 -42 -46
right_child=-2 2 -4 44 16 -7 21 8 23 -11 -12 14 48 22 15 -17 20 37 -20 -21 -22 -23 39 24 -26 38 43 -29 -30 30 -32 35 33 -35 -36 -37 -38 49 -40 -41 60 -43 57 -45 45 46 59 -49 -50 -51 52 -53 54 56 -56 -57 -58 -59 -60 -61 -62 -63
leaf_value=0.0012259756849680244 -0.0085306263241645263 -0.011135035484842511 0.045429679972773918 -0.0079667457354670023 0.026732058065054756 -0.0034928578446469468 0.038267029890780936 -0.0072259371297104386 0.0098944423751058455 -0.0039125240122077501 -0.0017497364606080966 0 0.0041693783291141193 -0.0030442613564046106 0.00011037469219024005 0.043192778584009293 -0.0057213376560867057 0.0018028573906155689 0.021017138926527089 0.0072279769354798356 0.002256790583131683 -0.0098954676339411615 -0.0098744041990551125 -0.0026231983623268493 -0.01078944576854101 0.0027744505667742308 0.033056243109120816 -0.0067300495110194387 0.0021108394388253066 -0.0065799444246504996 -0.00055283096707814036 0.015790354755941448 0.037363058682347787 -0.0023264820091795746 -0.01015592916470193 0.0081626852299996056 0.0074920316609403325 0.013919914737531104 0.04519401060334205 0.026560786122345654 -0.0091308407006334864 -0.0036796504097705118 0.053174516479414485 0.0054027413039981417 0.011232102457574743 -0.005545144812947927 7.5644397450739376e-05 -0.012526800861958176 0.015587435233148719 -0.0036273946799764284 -0.0033068563843479705 -0.0048096103270606674 -0.0039786090463270881 0 0.0049871594280059793 -0.011135035484842511 0.028873127505624287 0 0.022939469808419054 0.016716985518775328 0.030384468135172083 0.039165650228019738
leaf_weight=7.4556290803120637 722.60860434949063 230.61527252204542 14.184575302642768 35.806948551075038 16.046706044202438 202.13630257601108 27.165973235933055 360.89932669483824 68.983263822447043 92.579360584280948 110.14228811326757 18.425670497621468 329.97831414836764 53.955225550667819 13.926124351004544 48.93005074022949 1036.4641047626283 420.89831411102932 21.44347668147384 87.445355972828111 309.3233797849316 4.3738979537592959 6.6065811191219828 41.189446177377249 41.504164396872511 10.13778917698073 31.414184023611597 5.5551947661297154 1115.9725737821391 771.37078093797754 666.65923119622676 60.374358924127591 31.566601670259843 20.9317674241247 56.447732207147055 151.1182474167872 133.72732983561582 180.15034805495816 27.061687040986726 36.037466591165867 10.998953029018596 5.1430869964387957 49.651025449806184 32.204475760066998 61.673436246252095 20.181643622083357 59.996209314944281 57.886152557686728 116.78545745802694 38.754388491914142 82.840809665496636 55.470528891150025 546.84849288562691 18.245207102998393 88.103319941932568 236.90308660149458 28.26586563399178 3.4332051789460811 22.021144385507796 111.37537826938205 5.952984317969821 17.139222691526811
leaf_count=556 160480 20390 208 4703 635 19120 1266 25039 1167 4934 14954 1893 28277 2073 1012 2078 100218 26423 1130 4437 28277 186 227 983 961 144 708 200 84821 87267 52674 3815 1588 1336 6625 10783 9204 10480 382 1331 457 206 1620 765 2550 1232 1431 2456 4818 2277 6233 3912 33554 1041 4711 14529 1351 77 611 1314 136 749
internal_value=0.000104944 0.000840643 -0.000544797 -0.000680003 -0.00119511 0.00580011 0.00694735 0.00638794 0.00228221 0.0095698 0.0111311 0.0131545 0.0111146 0.0196536 0.0271525 0.0347275 -0.000804267 6.68928e-05 -0.00288551 -0.00430307 -0.00386753 0.0304636 0.00734163 0.0118636 0.0050016 0.020444 0.0116891 0.0317539 -0.000696367 -0.00176317 -0.00381474 0.000158834 0.00938108 0.0222773 -0.000470189 -0.000676067 -0.00179212 0.00494166 0.0359245 0.0199475 0.0348626 0.0405822 0.0447177 0.0208358 0.00756545 0.00931338 0.00594231 -0.00292654 0.00734892 0.0106901 -0.00295428 0.00592863 -0.00403127 0.00462383 -0.00536294 -0.00658235 0.0181844 0.0497643 0.00964381 0.0112 0.00736685 0.0195791
internal_weight=9291.49 8568.88 6697.36 6683.18 6297.1 1871.52 1669.38 1637.84 722.283 915.557 822.977 712.835 631.553 184.789 81.2818 62.8562 6066.48 4720.7 469.788 448.345 1345.79 31.5399 96.5993 252.495 146.312 106.183 104.808 88.1901 4080.89 2964.92 1438.03 1526.89 124.993 52.4984 72.4944 1401.9 1250.78 639.803 37.1995 42.644 82.6349 65.6829 60.5399 63.6187 386.08 350.273 271.461 100.089 446.764 218.905 1117.05 115.845 1001.21 129.352 871.855 783.752 46.5111 53.0842 42.2028 171.372 16.9519 78.8127
internal_count=809015 648535 527398 527190 512144 121137 102017 100565 35716 64849 59915 44961 39978 6883 4983 3090 491754 363259 30606 29476 128495 1452 3631 5110 3417 1693 2456 3252 324079 239258 139941 99317 10184 2924 7260 89133 78350 39180 526 1558 3052 2459 2253 1473 15046 10343 7044 4299 33095 12757 69146 7727 61419 8625 52794 48083 2392 1697 1843 2745 593 3299
is_linear=0
shrinkage=0.05


Tree=52
num_leaves=63
num_cat=0
split_feature=79 159 170 141 29 148 21 86 85 104 71 190 135 94 86 47 11 187 116 94 69 39 109 159 41 190 140 132 6 159 141 135 64 79 86 11 10 132 11 65 132 71 140 64 66 64 15 78 130 63 115 37 11 66 3 151 130 115 135 26 2 64
split_gain=22.9492 19.0805 16.855 11.5872 10.282 11.6415 11.0609 10.332 8.71204 7.09661 6.30098 8.64236 5.07062 7.94785 6.56197 5.51599 5.49901 5.72699 4.9157 4.74682 4.669 4.60524 4.58065 4.46669 4.84256 4.24003 6.77461 4.87408 4.27611 4.21874 4.17205 5.79861 4.24274 7.63747 6.82229 5.10722 4.96981 6.67624 4.4804 4.14654 4.06724 5.6169 5.08071 3.85603 3.84451 3.77931 4.36779 3.77718 3.70669 3.63681 3.60428 3.59963 3.53667 4.26458 3.52559 3.51313 4.15198 3.47596 3.47337 3.39534 3.95116 4.03884
threshold=-4.5873191356658927 38.564739227294929 1.0000000180025095e-35 0.13124834746122363 0.41271741688251501 1.0000000180025095e-35 0.1770347058773041 4.5000000000000009 2.5000000000000004 16257.558593750002 1.0000000180025095e-35 1.5000000000000002 -1.0000000180025095e-35 1680.5000000000002 1.5000000000000002 0.8035673499107362 0.44338212907314306 6.5000000000000009 764.50000000000011 123.50000000000001 4.1688926219940194 0.88656282424926769 0.50939115881919872 7.8538455963134775 0.99270838499069225 1.0000000180025095e-35 0.14644266664981845 42.500000000000007 2.3322160243988042 13.052807331085207 0.12511882185935977 389.50000000000006 -0.69627612829208363 0.39667288959026342 3.5000000000000004 0.6316240429878236 1.3338237404823305 100.50000000000001 0.3503339439630509 -0.94360551238059986 430.50000000000006 -0.87837970256805409 0.13828255236148837 -0.7945541739463805 -0.86618727445602406 -0.49693457782268519 0.78648579120635997 0.15031965076923373 923.50000000000011 -0.4901104867458343 2.3775409460067753 0.92089888453483593 0.26870259642601019 -0.61422768235206593 0.39782577753067022 1.0000000180025095e-35 911.50000000000011 2.946481585502625 62.500000000000007 0.40513703227043157 0.23282478749752047 0.87423545122146618
decision_type=2 2 2 2 2 2 2 2 2 2 2 2 2 2 2 2 2 2 2 2 2 2 2 2 2 2 2 2 2 2 2 2 2 2 2 2 2 2 2 2 2 2 2 2 2 2 2 2 2 2 2 2 2 2 2 2 2 2 2 2 2 2
left_child=-1 2 3 -2 5 7 19 9 10 12 40 -12 13 -5 -15 18 44 22 29 21 -8 -7 49 24 57 -6 27 28 -27 43 -10 32 33 35 38 -32 48 -38 39 -34 41 -4 -42 -14 -17 -40 -47 -3 -35 51 54 58 -31 -54 -45 -33 -57 -24 -18 -55 61 -61
right_child=1 47 8 4 25 6 20 -9 30 -11 11 -13 15 14 -16 16 17 -19 -20 -21 -22 -23 23 -25 -26 26 -28 -29 -30 52 31 55 34 36 -36 -37 37 -39 45 -41 42 -43 -44 50 -46 46 -48 -49 -50 -51 -52 -53 53 59 -56 56 -58 -59 -60 60 -62 -63
leaf_value=-0.0084639936413772321 -0.0035303838492661368 0.027101164938936734 0.02862236439126907 -0.0035303838492661368 -0.0021411280175491908 -0.0031358157661298988 0.011171556032388003 -0.0035303838492661368 -0.0031244214297917704 -0.0035303838492661368 0.037628212376827279 -0.015352981878907511 -0.002689117278442539 0.05465593602935407 0.0068123749711794489 0.021947956913898763 -0.00059397643068919196 -0.0035303838492661368 -0.0035303838492661368 0.013014251253003829 0.035701177510318212 0.016717988406286046 0.039241522391087122 0 -0.0035303838492661368 0.016303120441585838 0.016303120441585838 -0.00037654386796506952 -0.0035303838492661368 -0.0035303838492661368 -0.0031244214297917704 -0.0031244214297917704 0.029054950852367468 0.019942078849694293 0.00037500586028658446 0.020410612971184419 -0.00017789640892488948 0.042452243533333441 -0.0031244214297917704 0.0011600586845007146 -0.003515185720236816 -0.012051780260241717 0.037150818541792273 0.0079266219940845716 -0.0026225926299716339 0.038389749587814381 -0.0031244214297917704 -0.0089345886145887534 -0.0031244214297917704 -0.0015692308657905875 -0.0035303838492661368 -0.0020342174007256628 -0.00085233295141180082 -0.0035303838492661368 0.00037716933507130784 -0.0031244214297917704 0.034624439829370628 -0.00013089157773327103 0.047684995778056592 0.051029661105740511 -0.0035303838492661368 0
leaf_weight=703.52819587003978 1846.457148355923 76.180640602135099 5.8947171353793228 14.101840789069682 2152.1687134091044 146.14674469696911 45.435450218159531 467.57535790122347 119.96137210557936 160.65546994050237 51.067710444418481 5.4268485890352158 211.97787865720602 13.704697719629623 16.516933323902776 14.116440432939269 3.6348480116357704 13.954601753968744 123.3138655148432 137.10511002534622 51.159749099264445 31.089179875591071 58.350200062806834 13.651948363869449 6.1295259854523456 54.662638730776962 68.931596569120302 945.67112240556162 18.179350883088773 10.200315962138118 26.921667666174471 107.68453153323208 12.248612647657863 29.889223455698811 214.61433643128839 18.735029901668895 9.9542190926440508 41.390193944665953 5.8350588872563085 70.393020542527665 9.9350146668439283 32.224496731389081 13.748828395619055 540.94419616023515 86.475825575733325 33.208475132647436 4.1922571802133453 4.5460089922416946 17.873843755849521 37.179274291102047 62.542799676659342 7.4836617268156251 11.609643094678175 3.8131958695012171 226.41319217191631 9.6314367598388362 8.552650594909208 4.7326132082598624 8.2048901198504591 19.750113043453901 2.462497329703182 5.2866267417703048
leaf_count=158662 159702 698 89 2101 190189 21803 2416 33844 4778 33095 767 55 16019 209 324 1145 351 966 9086 6362 2127 2555 3930 930 467 1144 3323 56325 418 487 1028 5052 316 1229 9332 979 311 1348 185 1852 166 581 229 33240 6883 1092 179 39 744 3547 4758 616 603 210 17704 197 171 238 737 948 126 250
internal_value=0.00018121 0.00089819 0.000657812 -8.35501e-05 0.00101244 0.0033824 0.0110526 0.00187888 0.00731846 0.00374217 0.0197237 0.0312978 0.00485363 0.0208134 0.0338969 0.00428739 0.010959 0.0167871 0.00283739 0.00619639 0.0255269 0.00057272 0.0199969 0.0273595 0.0321981 -0.000851842 0.00167503 0.000585787 0.0126221 0.00398516 0.00515684 0.00683516 0.00930708 0.01648 0.0059907 -2.65136e-05 0.0239604 0.0344614 0.014994 0.00700144 0.00721892 -0.00259255 0.0215813 0.00320706 0.00146472 0.0274436 0.0328014 0.0243775 0.0100022 0.00744622 0.00475012 0.0225771 0.0172271 0.0231543 0.00574834 -0.00249515 0.0162774 0.0361278 0.0356031 0.0316354 0.037093 0.0425388
internal_weight=9275.43 8571.9 8491.17 7641.79 5795.33 2555.72 410.936 2144.78 849.384 1677.21 118.298 56.4946 1516.55 44.3235 30.2216 1472.23 253.914 153.322 1218.31 314.341 96.5952 177.236 139.367 82.8643 69.2123 3239.61 1087.44 1018.51 72.842 1095 731.086 611.125 485.256 144.764 340.492 45.6567 99.1075 51.3444 125.877 82.6416 61.8031 38.1192 23.6838 1041.88 100.592 43.2358 37.4007 80.7266 47.7631 56.5027 829.9 19.3234 53.1224 42.9221 767.357 125.869 18.1841 63.0828 11.8397 31.3124 27.4992 25.0367
internal_count=809257 650595 649858 619178 459476 208077 35263 172814 30680 138970 1887 822 105875 2634 533 103241 19810 11782 83431 30720 4543 24358 10816 5565 4635 251399 61210 57887 1562 74345 28793 24015 18595 5639 12956 2007 3632 1659 3624 2168 1065 670 395 71721 8028 1456 1271 737 1973 5251 55702 1704 2624 2137 50944 5420 368 4168 1088 1534 1324 1198
is_linear=0
shrinkage=0.05


Tree=53
num_leaves=63
num_cat=0
split_feature=159 111 144 176 110 135 172 170 147 144 110 141 144 172 144 144 172 75 159 170 143 138 143 170 76 86 142 10 147 27 144 144 71 3 144 142 144 67 67 150 76 67 10 142 143 86 21 135 135 23 21 142 132 63 95 110 95 23 109 152 106 142
split_gain=22.1675 19.1635 15.0894 26.484 25.2075 11.9735 11.638 11.7052 9.95075 8.21192 6.96895 6.96608 7.08082 19.6962 7.22745 8.49631 9.44098 6.84702 6.61114 7.15833 8.37886 8.05674 5.9726 5.66468 5.48988 5.35049 5.31391 5.20792 5.13435 5.04442 5.00677 7.25883 4.92762 4.52349 5.86953 4.50975 4.46201 4.39271 4.3038 4.29552 4.15919 3.97424 3.94632 3.91702 4.79031 5.8117 3.90605 3.8617 3.76624 3.73942 4.92058 3.73865 3.6648 3.63122 3.49643 3.47954 3.46324 3.45595 5.04093 3.93506 3.38695 3.29814
threshold=38.564739227294929 1.0000000180025095e-35 0.92077764868736278 1.0000000180025095e-35 3.5000000000000004 8.2950000762939471 1.0000000180025095e-35 1.0000000180025095e-35 0.95964771509170543 0.96691203117370617 8.0000000000000018 0.13124834746122363 0.17037792503833774 1.0000000180025095e-35 0.69189634919166576 0.80597889423370372 1.0000000180025095e-35 0.45000000298023229 1.7758235335350039 1.0000000180025095e-35 -0.95676425099372853 1.0000000180025095e-35 -0.34811471402645106 1.0000000180025095e-35 84475.078125000015 4.5000000000000009 5.8345417976379403 0.2765913605690003 0.88141870498657238 0.37909057736396795 0.9803157150745393 0.99691995978355419 0.87837970256805431 0.43383644521236425 0.93514493107795726 37.477867126464851 0.74587377905845653 0.85647469758987438 -0.97794142365455616 2.5000000000000004 13824.058593750002 -0.88453727960586537 0.83423933386802684 0.13241810351610186 -0.41956023871898646 11.500000000000002 0.17679429054260257 168.50000000000003 -1.0000000180025095e-35 0.48945045471191412 0.64941346645355236 0.19472940266132358 383.50000000000006 0.721203774213791 0.41223500669002539 3.5000000000000004 0.62822359800338756 0.76519274711608898 0.51130148768424999 0.35604755580425268 0.91801077127456676 22.149734497070316
decision_type=2 2 2 2 2 2 2 2 2 2 2 2 2 2 2 2 2 2 2 2 2 2 2 2 2 2 2 2 2 2 2 2 2 2 2 2 2 2 2 2 2 2 2 2 2 2 2 2 2 2 2 2 2 2 2 2 2 2 2 2 2 2
left_child=1 2 8 6 5 -5 7 35 11 25 46 -1 13 18 27 16 23 -10 19 21 -21 -13 -17 60 -22 61 -27 -14 30 37 33 54 56 -9 -35 38 40 51 -4 41 -18 -25 -19 44 45 -15 -2 -26 -11 50 -29 -23 -33 -45 -32 57 -30 58 59 -20 -16 -8
right_child=10 -3 3 4 -6 -7 9 28 17 48 -12 12 14 43 15 22 36 42 55 20 24 29 -24 39 47 26 -28 49 32 -31 31 52 -34 34 -36 -37 -38 -39 -40 -41 -42 -43 -44 53 -46 -47 -48 -49 -50 -51 -52 -53 -54 -55 -56 -57 -58 -59 -60 -61 -62 -63
leaf_value=-0.0023377902900496871 0.0035697136622470193 -0.0084157311218694408 0.011443200318957392 0.046245335247397948 -0.017817378333283493 -0.010574964613619939 0.048607291574070788 0.019158364891007511 -0.0062923244183196933 0.030561085939146922 -0.0040497893620331238 -0.0023377902900496871 -0.0023377902900496871 0.062374497734721993 0.0054138857915995075 0.013926016954987222 -0.0023377902900496871 -0.0044510567293322952 -0.0019692479990845485 0.043606780096744249 -0.0023377902900496871 0.06261550873396475 -0.0014736890353382833 0.04992380610837064 -0.0011266642016267328 -0.018740215140330873 0.021767877180202528 0.003803283619719558 -0.0099723677612817384 0.0069716173726001281 0.0097648515941394561 0.013820929395247634 0.025729588796574873 0.025960975478096587 -0.021729939816282844 0.0058533575856511734 0.03218456641338812 -0.0023377902900496871 -0.0051969191165049597 -0.0023377902900496871 0.020054890135353456 0.014422178228470884 0.0072421199706773883 0.025544612887837371 0 -0.0023377902900496871 0.037661547318022043 0.04573852125881181 0.0046893685467254307 -0.00023373661930949381 0.030327145432384874 -0.0015610396988057942 -0.021881924056691593 -0.0023377902900496871 0.039661978345959456 0.0087306408012779273 0.013548914404249077 -0.0017747345831240751 0 0.065832493099756167 -0.0023377902900496871 -0.001136343153714288
leaf_weight=1460.7389044441807 13.075570973567663 612.96021278999251 36.306094675797794 78.119002072548028 19.505975663261779 7.7906716393263187 25.134871561109325 17.821323880692944 950.03863698983332 11.5148864852963 13.722113600233568 405.52165434295966 753.8419709009213 20.499063311086509 345.2719735964456 64.974519616760517 16.064782923320308 115.60068163867982 1.3772366980701942 15.294012620870488 48.291851146597764 6.5208794800928427 622.14040469189786 8.1788824670074955 5.0332763119658903 6.5688874925544978 21.946531996843987 395.29390734301705 56.21834101677814 66.161824688831985 20.514368314179592 10.912519248202445 11.957892917256684 3.6407637130178072 20.478205755964154 137.4632479210195 50.642943429920706 1.97533576763817 545.56516639294932 9.6599123671330727 27.043698502944608 51.78613036905881 170.48097552222316 15.519255851642813 5.4686764478101386 2.5437063774152184 53.498550233081914 6.8423789651569678 158.35363724653143 1502.2875438094852 13.877103806189551 1.6122400480016947 7.9103211192414156 7.2525334503370678 43.51874688861426 54.658804634571425 15.633914161720893 3.8202420248126137 5.259415493157575 8.5559413587470754 86.355761540540698 2.4047787277086163
leaf_count=121800 119 148938 2554 1093 1447 695 525 331 97891 110 95 44583 74254 954 26701 6061 1086 12690 72 235 1760 452 43417 250 122 276 755 28994 1219 2629 171 81 267 117 375 7493 2615 122 36853 322 1462 1672 14714 850 321 189 538 172 1515 100871 1034 72 57 430 325 3469 318 259 383 559 9611 36
internal_value=0.000323662 8.56211e-05 0.00070001 0.00574506 0.0291804 0.0405194 0.0034658 0.000932035 -0.000167053 0.013519 0.0256969 0.000660438 0.00161333 0.00630299 0.000789575 0.00386949 0.00821701 -0.00425048 0.00369925 0.00171751 0.0155342 -0.000532532 3.64916e-05 0.00530621 0.00521656 0.0295 0.0102868 -0.000687102 0.0112319 0.0139796 0.0174798 0.0243116 0.00118674 0.00229871 -0.0104508 -0.00207733 0.0224702 0.0407064 -0.00402741 0.0181151 0.0083793 0.0231189 0.00243593 0.0347177 0.0465998 0.0549734 0.0320321 0.0299454 0.00740979 0.000909287 0.00511847 0.0522392 -0.00157735 0.0132292 0.0318469 0.0173095 -0.00398069 0.033978 0.0424196 0.0572459 0.002999 0.0439882
internal_weight=9279.02 9198.73 8585.77 1259.28 105.416 85.9097 1153.86 927.941 7326.49 225.924 80.2962 6090.37 4629.63 682.208 3947.42 1282.12 595.004 1236.12 630.925 557.253 75.4615 481.792 687.115 501.253 60.1675 56.0551 28.5154 2665.3 208.606 76.2703 124.796 82.856 83.8101 41.9403 24.119 719.335 93.7514 10.1085 581.871 69.6249 43.1085 59.965 286.082 51.2832 28.5114 23.0428 66.5741 11.8757 169.869 1911.46 409.171 8.13312 18.8228 22.7718 64.0331 73.6716 71.8523 19.0128 15.1926 9.93318 431.628 27.5397
internal_count=809381 808629 659691 56613 3235 1788 53378 50161 603078 3217 752 477783 355983 57633 298350 93197 43719 125295 54889 50147 2289 47858 49478 38556 2054 1592 1031 205153 3261 3275 1457 634 1804 823 492 46900 5163 646 39407 2244 2548 1922 27404 2744 1464 1143 657 294 1625 130899 30028 524 138 1280 496 4742 1537 1273 1014 631 36312 561
is_linear=0
shrinkage=0.05


Tree=54
num_leaves=63
num_cat=0
split_feature=164 15 189 144 144 136 132 170 1 134 148 15 152 144 189 85 45 144 144 170 69 64 8 142 139 94 86 67 68 147 72 189 142 171 43 43 15 29 171 144 71 142 104 17 132 13 23 11 21 15 68 37 64 63 130 41 132 0 94 86 143 143
split_gain=25.2766 22.1672 16.5863 13.3927 15.0676 14.4063 10.7097 8.83833 7.95089 10.7655 11.3451 7.88378 8.80991 8.7406 7.50177 7.25075 5.90523 9.24135 8.28172 7.28346 5.86881 5.04716 4.98245 7.33699 4.56947 6.53881 4.54306 4.53842 5.29763 4.50075 4.42713 6.97429 4.51774 4.38993 4.28001 4.18912 5.69397 5.26298 5.16886 4.12492 4.07886 3.8637 3.85463 3.83143 4.47445 3.937 3.73377 3.75282 5.13787 5.18662 4.20521 4.65389 3.94157 3.69436 3.65286 3.63761 3.59867 3.78945 3.49488 3.4486 4.95996 4.38865
threshold=1.0000000180025095e-35 0.44535610079765325 -1.0000000180025095e-35 0.69189634919166576 0.23159878700971606 -1.0000000180025095e-35 28.500000000000004 1.0000000180025095e-35 0.84770736098289501 104.50000000000001 1.0000000180025095e-35 0.16596916317939761 0.93223407864570629 0.28847827017307287 0.19000000506639483 1.0000000180025095e-35 0.36931768059730535 0.17632728815078738 0.18966558575630191 1.0000000180025095e-35 3.7557880878448491 0.10429257526993753 1.5410495996475222 5.8345417976379403 0.15667280554771426 1.5000000000000002 4.5000000000000009 -0.80020081996917714 -0.20678773522377011 0.93758118152618419 -0.56174489110708226 0.19000000506639483 2.9416898488998418 1.0000000180025095e-35 0.91482278704643261 0.30372524261474615 0.24368761479854587 0.33560431003570562 1.0000000180025095e-35 0.50755655765533458 0.87837970256805431 0.71130371093750011 20894.592773437504 0.8248574733734132 406.50000000000006 0.34030279517173773 0.80274295806884777 0.50000306963920604 0.82386213541030895 0.28157028555870062 -0.74211397767066944 0.3728893250226975 -0.92291343212127674 0.55484572052955639 1249.5000000000002 0.9947086274623872 592.50000000000011 20.522681236267093 570.50000000000011 1.5000000000000002 3.5749082565307622 1.0958660244941714
decision_type=2 2 2 2 2 2 2 2 2 2 2 2 2 2 2 2 2 2 2 2 2 2 2 2 2 2 2 2 2 2 2 2 2 2 2 2 2 2 2 2 2 2 2 2 2 2 2 2 2 2 2 2 2 2 2 2 2 2 2 2 2 2
left_child=1 3 15 4 14 40 20 8 9 10 29 12 39 -14 16 42 17 24 -19 34 -4 -12 -8 55 25 -1 -20 28 -9 -7 32 -32 -11 -16 -18 36 -33 -38 -37 -6 53 -15 -3 44 45 -10 47 -13 49 -49 51 -51 -52 -5 58 -24 57 -46 -21 60 -23 -61
right_child=-2 2 6 5 11 7 22 27 43 30 21 46 13 41 33 -17 19 18 26 54 -22 59 23 -25 -26 -27 -28 -29 -30 -31 31 35 -34 -35 -36 38 37 -39 -40 -41 -42 -43 -44 -45 56 -47 -48 48 -50 50 52 -53 -54 -55 -56 -57 -58 -59 -60 61 -62 -63
leaf_value=0.015602431999145731 0.051783124109721447 -0.0018375244767992001 0.031978261775900414 0.045450926215037615 -0.011509197721065539 0.0067349370833745736 -0.0018375244767992001 0.002429408512081576 -0.0011168056176777824 0.0038292593536216634 -0.012153368494186675 -0.002171465320140386 0.040898705263048563 -0.011305045015992153 0.015602431999145731 -0.0095115122556922223 -0.0043525060543516221 -0.022995246942901088 0.015602431999145731 -0.003991541221852966 -0.0016599510862778202 0.049039277737422227 -1.7410331781479661e-05 0.013759478934145445 0.015602431999145731 -0.01856254413342194 -0.0067455391219604591 0.009713209858865493 0.037244385120674066 -0.0058991233519306418 -0.0016511581440878974 -0.00095357503604729006 -0.010366935328386694 0.055916290609862779 0.012757418500271248 -0.0016511581440878974 0.035253591982524639 0.0062765711299238233 0.025616288293987956 -0.0033278920390233998 0 0.0082139900400080238 -0.0083073622338993413 0.0010522969432832094 -0.0017731225510613962 0.028814024507366334 0.0096837180823891606 -0.0089176775125536407 -0.018706347224574146 -0.013286041896854978 -0.017933457201885324 0.027891577892992032 0.0081697653800142239 -0.0034043407816617653 -0.0069150473744036562 0.022598115827109279 0.011972311106525201 0.065294482437760523 0.015602431999145731 0.0057904071633144046 -0.0057416598233783339 0.02691413377398107
leaf_weight=17.602422609386849 18.684291469879099 301.51691116851725 34.137594276588061 29.500727661390556 387.49537917895941 283.27133964977111 2504.3309309848701 18.530580125065171 25.289991767662286 73.871128415514249 7.1619116120855315 727.7095740861696 11.165367568035434 34.779412551521091 153.89280903605686 905.61328630542994 353.43511061616664 28.987118966702837 22.101043998045498 20.09045382559998 16.649826976834447 18.772896525435502 649.65461513186165 121.40744278715283 107.6557548587225 21.280114218519884 23.189011992624728 215.30189480887202 33.524162478570361 87.03849808772793 453.74171398247563 30.819714730838314 181.79476052641985 2.9818280434410545 35.292447114123206 56.557824997085845 38.516069481716841 32.362737150964676 12.813951619202269 279.83082592398569 6.9533065120049278 64.028497283252364 223.96110875697923 27.944127434355323 1.3329890967943381 12.241457516392982 97.335421618314285 37.184848549950402 15.978830511252452 4.1090470786512006 10.879631150528438 42.530663077784993 136.81072286830022 2.5605763792700591 14.847497260503586 13.220563812719773 13.01324352686788 9.4874963392285263 48.971626224913052 54.234745885478333 2.8812105867255005 54.354329388937913
leaf_count=1855 315 48336 1044 512 25540 11536 188566 360 1188 4738 314 51105 741 2500 4788 209873 29091 2034 1239 538 479 365 43031 5585 5873 3286 1833 4290 697 5671 30389 771 10177 96 3479 1844 1141 1317 416 18322 113 4494 46065 1676 94 755 6764 2011 1089 284 734 2760 9076 49 489 961 687 520 1466 2769 28 926
internal_value=0.000194452 5.96923e-05 -0.00230885 0.00258488 0.000351442 0.00594112 -0.000367985 0.00519535 0.00363191 0.00264593 0.00840965 -0.00217107 -0.005991 0.00677056 0.00584887 -0.00680333 0.0035107 0.0101655 -0.00392032 0.000275368 0.021342 0.0204572 -0.000742742 0.00271088 0.0156024 -0.00116065 0.00886359 0.0135184 0.026588 0.00365976 -0.000678122 0.00156239 -0.00617446 0.0156024 -0.00259332 0.0100327 0.0162556 0.0236378 9.43061e-05 -0.00816597 0.0343473 0.000889059 -0.00204324 0.0177397 0.0243102 0.0102975 0.000589094 -0.000337905 0.00489057 0.00698592 0.0103018 0.0228445 0.00555886 0.0409417 0.0132448 0.00056201 0.0398972 0.0575029 0.0156024 0.0228183 0.0411027 0.0173033
internal_weight=9273.22 9254.53 4770.49 4484.04 2700.17 1783.87 3339.4 1744.86 1477.5 1388.19 507.715 1849.84 777.299 109.973 850.327 1431.09 693.453 220.815 74.2772 472.637 50.7874 137.405 3288.61 784.283 146.538 38.8825 45.2901 267.357 52.0547 370.31 880.478 624.812 255.666 156.875 388.728 171.07 101.699 70.8788 69.3718 667.326 39.0146 98.8079 525.478 89.3093 61.3652 37.5314 1072.54 975.203 247.494 231.515 194.33 46.6397 147.69 32.0613 83.9096 662.875 23.8337 10.8205 69.0621 130.243 21.6541 108.589
internal_count=809085 808770 543940 264830 181487 83343 239666 82669 77322 72402 21609 125420 51597 7735 56067 304274 51183 16120 5106 35063 1523 4402 238143 49577 11014 5141 3072 5347 1057 17207 50793 35878 14915 4884 32570 5489 3229 2458 2260 43862 674 6994 94401 4920 3244 1943 73823 67059 15954 14865 12854 3044 9810 561 2493 43992 1301 614 2004 4088 393 3695
is_linear=0
shrinkage=0.05


Tree=55
num_leaves=63
num_cat=0
split_feature=79 164 147 144 176 110 54 144 135 10 141 135 86 17 140 66 142 24 75 37 147 85 141 135 69 66 47 29 63 142 23 181 144 75 135 79 144 63 5 21 95 65 135 66 0 4 3 8 4 8 31 7 85 132 63 141 143 66 65 3 75 47
split_gain=17.7489 15.9426 14.292 9.48162 15.6041 16.2428 11.2511 9.51608 8.92827 7.70148 6.5511 6.34073 6.35671 5.99579 5.91688 5.3245 5.27187 5.09645 4.41756 4.25452 4.1976 5.89772 4.08903 4.03659 3.98429 4.03668 3.92242 3.85265 3.77052 3.73553 3.65564 3.62185 3.40723 3.46589 3.30016 5.15878 3.39913 3.26835 3.2532 3.20866 2.94117 2.89265 2.83308 2.87421 2.83111 6.35455 2.78155 2.97056 8.53391 5.36058 3.73085 3.78188 3.82856 3.60347 4.99535 3.45255 2.99601 2.98387 3.76859 2.77491 2.76172 2.75759
threshold=-3.2551667690277095 1.0000000180025095e-35 0.94899407029151928 0.92077764868736278 1.0000000180025095e-35 3.5000000000000004 4.5000000000000009 0.9146985411643983 7.1900000572204599 1.5656101107597353 0.13280331343412402 -1.0000000180025095e-35 2.5000000000000004 0.38751944899559027 0.14397359639406207 0.779069483280182 20.013966560363773 3.7533068656921391 1.0000000180025095e-35 0.96341434121131908 0.70087718963623058 13.500000000000002 0.1954765468835831 92.500000000000014 2.0788878202438359 0.37588588893413549 0.47016814351081854 0.10844882205128671 0.77921530604362499 1.1664475798606875 0.9441545605659486 1.0000000180025095e-35 0.9935973882675172 0.55000001192092907 251.50000000000003 -2.0322648286819454 0.9803157150745393 -0.60732698440551747 0.17844182997941974 0.47519372403621679 0.021884279325604442 -0.65557983517646778 491.50000000000006 -0.9487917125225066 21.099184036254886 2.1461949348449711 0.43642629683017736 1.6090425252914431 0.96632710099220287 2.7291826009750371 0.50000131130218517 0.1275887340307236 4.5000000000000009 475.50000000000006 -0.95445147156715382 0.12054577097296716 1.0204635262489321 0.56378373503685009 0.94424095749855053 0.43349169194698339 0.18333333730697635 0.88466861844062816
decision_type=2 2 2 2 2 2 2 2 2 2 2 2 2 2 2 2 2 2 2 2 2 2 2 2 2 2 2 2 2 2 2 2 2 2 2 2 2 2 2 2 2 2 2 2 2 2 2 2 2 2 2 2 2 2 2 2 2 2 2 2 2 2
left_child=9 2 3 7 6 8 15 10 -6 44 19 12 -12 -13 -9 17 18 24 -4 -2 -17 27 -15 -24 25 34 32 -22 -8 -11 40 46 -18 -34 35 -5 -37 -21 -27 -30 -20 -31 -36 -44 -1 -46 47 48 57 50 51 -49 -53 54 -51 -54 -56 58 -26 -29 -57 -32
right_child=1 -3 16 4 5 -7 28 14 -10 29 11 13 -14 22 -16 20 26 -19 30 37 21 -23 23 -25 31 38 -28 59 39 41 61 -33 33 -35 42 36 -38 -39 -40 -41 -42 -43 43 -45 45 -47 -48 49 -50 53 -52 52 55 -55 56 60 -58 -59 -60 -61 -62 -63
leaf_value=-0.0083232507549366643 -0.0013321497131617279 0.042521412680443335 -0.0056971875202226933 0.037050196146657728 0.040403916080698862 -0.020431074257919988 -0.012019678713432409 -0.018997288995455087 -0.013434035316626467 -0.0023102410612754662 0.039475580299631226 -0.0013321497131617279 0.0025346448645761077 0.0029002368518318768 0.017250553897319242 0.0114745402825253 0.0050294664199727829 -0.007749348136951207 -0.004447785506735657 -0.0013321497131617279 0.017668989101461419 0.018643066032149956 0.045246645743863917 0.0029002368518318768 0.025007841290982349 -0.0058449916223005894 -0.0010757417139835867 -0.018591961363881686 -0.011703027002413097 -0.00042753334776914325 0.0028836454872737142 -0.011202805795507337 0.044614138368277281 -0.0016868630575790783 -0.014577181339545876 -0.0074567001495972497 0.011965307173787541 -0.019114826187369961 0.021834530655066679 0.021961536628526818 0.0027002612525643681 0.022191050857395117 0.029473076098002066 -0.0028627791897053207 0.029145694984930848 -0.011477822381226459 0.00051781449663788968 -0.0050893013104313066 -0.0068076563931588289 -0.014940520933080403 -0.0044476356331870489 0.0065112303673864561 -0.00061832350743243412 -0.0082114736786240792 0 0.06104468215957766 0.033664446754441857 0.0020359030523736331 0.0075518309039436272 -0.0010074229725031494 0 0.029004369793459883
leaf_weight=838.46192043933843 1490.5870900442969 18.022208274182049 1074.6499260176606 7.2657809429947511 66.153054548078217 11.709763227809161 117.2749897848189 81.018010289284575 5.4979615040720082 63.73620958704123 18.272309620639135 469.37095850031255 27.994879487348953 3251.450370415143 8.2729732658663107 43.175982254491828 27.889509887791064 38.435852484355564 348.17670806277602 24.734517591852637 6.4925896313507101 15.910190540555048 6.531886868026052 9.5607100335437263 101.5433076045083 9.8260052075493132 50.172424025520741 66.593834777915617 6.6345472950051798 18.1494116056856 34.282613938943541 10.24211470314185 11.344715852930674 3.5677472020179257 45.352757599204779 41.694914929430524 37.821506857686472 54.530395418150874 40.193372847686987 12.821872611144498 234.24858054106153 35.623422128090169 3.4947490359118119 28.132426083226164 11.882560526100862 17.016671265824698 38.877479832808604 2.2577389560756265 44.9904105271562 5.0965206480177576 3.0627998666823251 8.604981470089113 1.8224923809320923 14.189444052775796 6.8461375309125314 22.74290778988507 22.087035298536648 35.406583929077897 58.611935516331869 38.10890025615663 2.229308959998888 12.139333003164209
leaf_count=182586 120321 306 103987 327 909 868 6782 5374 424 4273 286 63913 745 215942 571 1731 945 2011 34678 2056 182 602 448 687 2366 242 2801 2172 345 1091 2976 704 250 60 1326 2050 779 5091 1607 735 18866 2047 196 1301 827 1165 1958 45 1640 136 153 244 61 376 181 654 437 650 867 1160 86 1200
internal_value=0.000189189 0.000947914 0.000828513 0.00192737 0.00634143 0.0265099 0.00439115 0.00108946 0.0353398 -0.00613536 0.00136987 0.00249796 0.0200385 0.00224762 -0.0146371 0.00667357 -0.00310556 0.00878136 -0.00375499 -0.00133215 -0.00102012 -0.00572729 0.00305604 0.0252002 0.00995164 0.00418346 0.00812272 -0.0100816 -0.00856881 0.00557332 -0.000377738 0.0130465 0.0184128 0.0346393 8.97499e-05 0.00674022 0.00164681 -0.0126069 0.0159056 0.00941415 -0.0015318 0.0147446 -0.00705643 0.00356335 -0.00777315 0.00632317 0.0139286 0.0154049 0.011858 0.0235903 0.0363528 0.0403897 0.04418 0.00993993 0.0182315 0.0525645 0.0261519 0.0163394 0.0191929 -0.0127572 0.0567356 0.0123564
internal_weight=9262.89 8278.02 8260 6463.53 1021.2 83.3608 937.841 5442.32 71.651 984.87 5353.03 3783.18 46.2672 3736.91 89.291 801.11 1796.47 630.829 1703.5 1569.85 170.281 127.106 3267.54 16.0926 592.393 213.782 92.9744 111.195 136.731 117.509 628.847 378.611 42.802 14.9125 163.762 86.7822 79.5164 79.2649 50.0194 19.4564 582.425 53.7728 76.9799 31.6272 867.361 28.8992 368.369 329.492 240.552 88.9394 40.7202 37.6574 35.3997 48.2191 34.0297 26.7947 28.9332 195.562 160.155 104.703 24.9722 46.4219
internal_count=809799 617810 617504 451741 36307 2201 34106 415434 1333 191989 409489 282021 1031 280990 5945 26244 165763 20397 161707 127468 5847 4116 217077 1135 18386 7828 4056 3514 7862 7411 57720 10558 1255 310 5979 3156 2829 7147 1849 1080 53544 3138 2823 1497 184578 1992 9854 7896 5523 2373 1243 1090 1045 1130 754 801 618 3883 3233 3332 740 4176
is_linear=0
shrinkage=0.05


Tree=56
num_leaves=63
num_cat=0
split_feature=144 15 144 144 142 144 86 147 8 34 39 136 97 13 71 144 142 144 85 77 65 170 132 132 97 8 71 65 68 15 169 68 147 11 68 64 142 64 45 9 45 142 147 75 144 15 25 143 142 134 136 134 77 95 147 31 36 86 86 180 132 71
split_gain=18.0438 12.1682 9.83724 10.3038 12.3747 12.1471 11.6271 7.84609 7.39518 7.17479 10.6048 7.91453 6.76676 6.17513 7.1568 6.42859 5.97711 5.62286 5.63416 5.53088 7.93017 6.16695 5.33577 5.31553 5.21859 5.18318 5.00042 4.9457 5.29461 4.87129 4.86353 4.78686 5.76062 4.74273 5.94621 6.40692 4.74178 4.79999 4.6888 4.62709 4.58583 5.72569 4.84937 5.37302 4.47055 7.12683 4.90432 5.69187 4.54958 4.30074 4.21658 4.1585 4.02037 3.9216 3.87562 3.85429 3.82796 3.76162 3.76053 4.90121 4.86402 4.23342
threshold=0.92077764868736278 0.45245501399040228 0.9146985411643983 0.69189634919166576 0.17264039069414142 0.80597889423370372 3.5000000000000004 0.60357144474983226 0.7798658311367036 50.031118392944343 0.98264804482460033 -1.0000000180025095e-35 -1.0000000180025095e-35 0.18705105036497119 0.87837970256805431 0.73820060491561901 0.668938308954239 0.87233012914657604 1.5000000000000002 9.9768414497375506 0.84527719020843517 1.0000000180025095e-35 175.50000000000003 28.500000000000004 8.0650000572204608 0.6898639202117921 -1.0000000180025095e-35 0.966047763824463 -0.57998004555702198 0.041551476344466216 1.0000000180025095e-35 0.63802391290664684 0.80104166269302379 0.63546395301818859 -0.75013545155525196 0.38559857010841375 0.39109396934509283 -0.97214254736900318 0.91059488058090221 0.11300754174590112 0.79769843816757213 47.633358001708991 0.76028168201446544 1.0000000180025095e-35 0.23968885838985446 0.1205900087952614 0.33596859872341162 -0.99997699260711659 2.052626490592957 163.50000000000003 1.5000000000000002 950.50000000000011 6.1550018787384042 0.64985874295234691 0.89589354395866405 0.26002135872840887 19.642857551574711 6.5000000000000009 3.5000000000000004 1.0000000180025095e-35 324.50000000000006 0.6078576147556306
decision_type=2 2 2 2 2 2 2 2 2 2 2 2 2 2 2 2 2 2 2 2 2 2 2 2 2 2 2 2 2 2 2 2 2 2 2 2 2 2 2 2 2 2 2 2 2 2 2 2 2 2 2 2 2 2 2 2 2 2 2 2 2 2
left_child=1 2 3 4 19 13 33 24 -3 10 11 -9 38 14 15 16 -5 25 -19 58 21 39 -8 36 30 -7 40 28 55 -17 -2 32 -15 44 35 -35 37 -10 -12 -21 41 56 -43 -44 45 54 47 -47 -46 -4 -41 -33 -31 -52 -6 -20 -13 -54 59 -1 -60 -62
right_child=7 8 49 5 6 17 22 9 23 -11 12 26 -14 31 -16 29 -18 18 27 20 -22 -23 -24 -25 -26 -27 -28 -29 -30 52 -32 51 -34 34 -36 -37 -38 -39 -40 50 -42 42 43 -45 48 46 -48 -49 -50 -51 53 -53 57 -55 -56 -57 -58 -59 60 -61 61 -63
leaf_value=-0.0032793986541814766 0.021074592466452522 -0.0057451312099716257 -0.030317435097615305 0.037140009796785965 0.011441912215544095 -0.011345223353017408 -0.010305095770960851 0.035257450524261505 -0.012189337785245613 -0.0090409207725373631 0.046504566869381508 -0.0060905239806579806 0 -0.012651072888254504 -0.0034099194647105799 0 0.0024504517508025375 0.035890386026958508 0.029812143828609819 -0.011250144884647498 0.027278526800709225 0.02612847708660106 -0.0015789660059914975 -0.0015616527193397269 -0.0043239823929495059 0.0015222098819938053 0.0063919635273912458 0.025990619461554322 -0.005165955107997576 0.00017006644425202207 -0.0099209627657998664 0.0049176631176386888 0.0065683064708752376 9.5480425299209564e-06 0.0034534202273709957 0.056960535180262811 -0.0013876055928382458 0.036963602408240523 -0.0054835299667916641 0.019803465637430379 0.014434590461618955 -0.016537942884477227 0.023059715423603726 -0.0069524495551692451 -0.0025737222623619421 -0.017738821263232819 -0.0049941128050169196 0.022714510957016366 0.0072287341189550313 -0.0038180080595586808 -0.0025208211003062827 0.031159211492469054 0.039915703547868643 0.022160175583454872 0.042848504200009095 0.0012517438389020798 0.02022045674548735 0.013273349305510877 0.0021768487307739339 0.026416657910470237 0.035458209702205055 -0.0028850521646103119
leaf_weight=240.05593631687952 140.00987818942667 1399.1690712265845 29.178275412523362 10.502295568614498 57.169208227343915 127.95263123100449 453.9891590245752 14.909287624293937 2.7747914061801593 93.897019693245966 25.600388040562397 335.25986872224894 13.982241603516739 50.123419837356778 34.012818774433981 15.167945418885209 77.386431998871558 10.891114901271065 17.397770378585847 40.091892505697615 56.986159282227163 29.205398649690324 298.76763148989994 2689.6455724195475 25.505064344557468 181.09294244501507 553.94068091608278 17.760413942844025 107.92154104149813 11.40544996121025 9.8390049976587743 42.167726102648885 126.97322737035574 9.3156922273483378 60.389201356687408 8.2092295494876435 20.890412948021549 19.678064805135364 2.9430364986001214 40.026535843207967 40.411857370298094 9.7034128604864218 47.871443303745764 16.525325577051262 920.89415270165046 6.5014227259307509 114.21967982559727 33.574332578398753 129.93874079613306 35.294906697585247 95.176329762318346 24.116659248764336 73.411006405789522 14.039889505475001 10.648533374565885 30.170006958156591 9.2133417594450275 27.9270048815888 78.928148883627728 9.6453910746204183 20.581780685897687 7.440538704962818
leaf_count=16943 3566 272894 1939 449 2233 8162 36260 222 64 15881 449 13818 1184 3170 1676 508 4230 461 1087 2231 3279 637 18854 222763 3026 10770 21760 1061 6367 587 285 2816 8795 598 3890 536 873 556 123 1843 3583 137 933 337 60629 381 7552 2184 8281 2273 9529 1679 3220 898 573 1660 263 2028 4955 298 1232 457
internal_value=-2.30335e-06 -0.000913787 0.00112829 0.00148051 -9.28858e-05 0.00584811 -0.00194684 0.00535049 -0.00279026 0.00379936 0.00498581 0.00386955 0.0281942 0.011356 0.0168705 0.020185 0.00864087 0.000231224 0.00708624 0.0060039 0.0112767 0.00647547 -0.00690798 -0.00126064 0.0151197 -0.00382144 0.00321207 0.0041793 0.000800064 0.0273055 0.0186234 0.00536948 0.000793371 0.00081456 0.0124027 0.0345192 0.0151313 0.0288648 0.0403805 0.00272104 -0.000599322 -0.00226307 0.00981518 0.0150518 3.99639e-05 0.00642248 0.000168108 0.0143575 -0.00130945 -0.0174894 0.0068793 0.0163319 0.030742 0.00126427 0.0193202 0.0140152 -0.00503604 0.033778 0.00176174 -0.00153809 0.00941391 0.0256249
internal_weight=9258.42 7918.81 3786.65 3722.18 2735.79 986.38 2103.62 1339.61 4132.16 1164.26 1070.36 1027.84 42.5257 493.194 249.813 215.8 87.8887 493.186 184.141 632.178 275.526 218.54 752.757 2732.99 175.354 309.046 1012.93 173.25 155.489 127.911 149.849 243.381 177.097 1350.86 77.9141 17.5249 43.3433 22.4529 28.5434 189.335 458.985 418.573 74.1002 64.3968 1272.95 222.113 154.295 40.0758 1050.83 64.4732 149.243 66.2844 112.743 109.216 67.8177 47.5678 344.473 101.338 356.652 249.701 106.95 28.0223
internal_count=809928 744361 247211 242999 184273 58726 141971 65567 497150 58690 42809 41053 1756 29158 12698 11022 4679 29568 10636 42302 18417 15138 55114 224256 6877 18932 40831 10175 9114 6343 3851 16460 11965 86857 5024 1134 1493 620 572 14501 19071 15488 1407 1270 81833 12923 10117 2565 68910 4212 12270 4495 5835 10427 2806 2747 14081 5248 23885 17241 6644 1689
is_linear=0
shrinkage=0.05


Tree=57
num_leaves=63
num_cat=0
split_feature=144 189 176 110 135 148 27 135 164 170 130 71 73 147 167 66 189 186 79 94 147 134 168 45 6 170 144 13 142 144 144 67 95 94 94 79 144 67 50 97 9 69 11 189 70 85 95 31 11 79 66 95 66 79 6 85 94 152 64 142 45 147
split_gain=16.8727 15.9511 14.3468 25.7356 13.3082 12.5077 9.70182 7.18782 6.88944 6.61276 7.01465 6.71705 8.77982 6.87748 6.47255 5.51372 4.37697 15.4981 4.60699 4.36165 4.95433 4.34635 4.13307 4.03445 3.99938 3.46344 6.61908 6.27072 5.69841 6.2007 6.07497 4.97198 3.94432 3.85201 3.36705 3.49242 3.36603 3.34743 3.15034 3.15741 3.1334 3.06168 3.04389 2.99724 5.00999 4.36302 3.53936 2.98102 2.94996 2.80657 2.80273 2.77701 2.62579 2.67712 3.76435 2.5737 3.35066 2.91581 2.54229 2.52988 2.51151 4.87578
threshold=0.92077764868736278 -1.0000000180025095e-35 1.0000000180025095e-35 3.5000000000000004 7.1900000572204599 1.0000000180025095e-35 0.50000005960464489 -1.0000000180025095e-35 1.0000000180025095e-35 1.0000000180025095e-35 194.50000000000003 1.0000000180025095e-35 1.0000000180025095e-35 0.88141870498657238 1.0000000180025095e-35 0.81493964791297924 0.19000000506639483 10.500000000000002 -1.7721476554870603 9875.0000000000018 0.93758118152618419 1.0000000180025095e-35 1.0000000180025095e-35 0.19261546432971957 0.42643769085407263 1.0000000180025095e-35 0.11569021642208101 0.27842181921005255 2.0854771137237553 0.82798999547958385 0.71031588315963756 0.95469075441360485 0.81867694854736339 10483.500000000002 13422.500000000002 3.8166400194168095 0.96315670013427745 -0.9683828055858611 2.5000000000000004 392.50000000000006 0.83765405416488659 2.5866686105728154 0.45378784835338598 0.17000000178813937 1.0000000180025095e-35 7.5000000000000009 0.46158124506473547 0.75898846983909618 0.85362839698791515 -2.4384746551513667 0.87113788723945629 0.15149454027414325 0.87113788723945629 -0.58385124802589405 7.0138761997222909 5.5000000000000009 5597.5000000000009 0.85453835129737865 0.029825549572706226 0.29347221553325659 0.19263809174299243 0.76516544818878185
decision_type=2 2 2 2 2 2 2 2 2 2 2 2 2 2 2 2 2 2 2 2 2 2 2 2 2 2 2 2 2 2 2 2 2 2 2 2 2 2 2 2 2 2 2 2 2 2 2 2 2 2 2 2 2 2 2 2 2 2 2 2 2 2
left_child=1 5 6 4 49 19 7 -2 21 10 43 13 15 36 37 34 -12 -18 -19 -1 -21 55 25 -24 -15 -23 27 32 -28 30 -30 40 33 50 35 -13 -11 48 39 -39 52 -38 -36 44 -9 60 -47 -16 -8 -4 -27 -43 53 -32 -55 56 -3 -57 -40 -22 -46 -62
right_child=2 8 3 -5 -6 -7 14 9 -10 11 16 12 -14 24 47 -17 17 18 -20 20 59 22 23 -25 -26 26 28 -29 29 -31 31 -33 -34 -35 42 -37 41 38 58 -41 -42 51 -44 -45 45 46 -48 -49 -50 -51 -52 -53 -54 54 -56 57 -58 -59 -60 -61 61 -63
leaf_value=-0.0078330254658509398 0.034810260962266769 0.00037948983384689642 0 -0.022023937734338604 -0.015200402817344997 0.00037948983384689642 -0.00087030637015558072 -0.0025622910956469755 0.034145129395653992 -0.0066566071292880561 -0.0094391350959495916 0.044709158758440282 -0.012251625412567356 -0.022787645714422447 0.037728714784530361 0.002023063167292667 0.054993355316570194 0.029700692452550321 -0.0094391350959495916 0.00037948983384689642 0.00037948983384689642 0.00037948983384689642 0.00037948983384689642 0.023993070271622081 0.0037817757370009982 0.051253009406371536 0.00037948983384689642 0.00037948983384689642 0.0007359963764262858 0.00037948983384689642 0.00037948983384689642 0.00037948983384689642 0.00037948983384689642 0.00063706792869838963 0.023692815376857055 0 0.0024926582169365187 -0.010669417428355747 -0.0051503571300601991 0.0043816921946035472 0.00037948983384689642 0 -0.011777681166311414 0.013873483225306084 0.013873483225306084 0.01067115853210771 -0.0061187943708918661 -0.0022729535862569305 0.031154484858189863 0.042522831443119635 0.0016911459648636597 0.034804208327827907 0.0054366435484933997 0.054764600526534403 0.00037948983384689642 0.00037948983384689642 0.042101493139090729 0.018662722952446153 0.031998902275375558 -0.014045828041220882 -0.0072760913787987052 0.013873483225306084
leaf_weight=1415.9950002290025 16.713977255414648 7.3176744940865346 3.2267987809682372 21.909510348683398 8.9130863611608202 401.4152775778166 16.383049180367383 166.11995697831662 10.124125915928742 11.071375434330546 144.03595474037866 45.099570646285429 11.816662826880927 22.530777635169216 8.0893374609731818 18.387855550085078 8.0127266912022588 2.6841564260248552 36.978644460323267 238.84278281962179 24.590827550389804 4946.4576050743781 17.781181586091407 32.246696411501034 23.990154821585747 20.437988058838531 451.31760797297466 26.652230358260567 30.739399506957852 53.705502805372817 4.2002879244246243 5.0194648978213072 3.1511471651901948 7.5877345028711707 7.606646482323411 4.6862373522890257 20.931755652854918 231.81063913195248 4.9916761826170823 35.470617152066552 4.7043649579136391 5.8539636065252152 6.3301058432552963 95.680205404525623 51.14860861431589 51.367841147362924 64.810435852021328 4.6894145235273745 5.875666562911646 74.627414658607449 4.8074091858870807 25.195696845359635 8.3783705753448867 25.424147531768547 3.7185449040116501 33.632372440886684 8.9011676174413861 21.451605415728409 4.2619227107716142 91.329372586398677 41.024667931331351 28.149901705459342
leaf_count=284474 214 108 164 1869 887 46798 1827 12766 158 316 7039 596 296 465 238 235 101 53 1030 19071 2693 348254 850 1678 570 395 19942 1231 1260 2479 166 172 66 184 120 42 181 21999 304 3964 265 51 137 2058 735 1291 1203 181 380 1102 91 225 295 833 88 999 137 550 245 10605 1699 789
internal_value=-0.00012014 -0.0010009 0.00507499 0.0221203 0.0341322 -0.00464483 0.00345449 0.00606442 0.00037949 0.00530816 0.00287982 0.0131556 0.0226876 0.00413292 -0.00406654 0.0284174 -0.00508763 0.00723249 -0.00693279 -0.00658974 -0.00151794 0.00037949 0.00037949 0.0143245 -0.00956363 0.00037949 0.00420032 0.0190803 0.00242319 0.0112671 0.0195929 0.0293541 0.0313596 0.0364331 0.0349687 0.040848 0.0145659 -0.00579069 -0.00738591 -0.0085364 0.0344797 0.0197122 0.00740595 0.0060149 0.00393876 0.00856716 0.00123252 0.0251323 0.0108302 0.0406582 0.0444815 0.0286714 0.038422 0.0442687 0.0489576 0.0123513 0.0276837 0.0054927 0.0154284 -0.010265 0.0138735 0.00340489
internal_weight=9230.41 7899.93 1330.48 108.677 86.7673 2172.17 1221.8 910.228 5727.76 893.514 690.013 203.501 93.9271 109.574 311.572 82.1104 191.711 47.6755 39.6628 1770.76 354.763 5717.63 5646.33 50.0279 46.5209 5596.3 649.844 62.6365 587.208 135.89 82.1846 51.4452 35.9843 32.8331 63.7226 49.7858 63.0528 298.794 276.535 267.281 46.4257 51.9814 13.9368 498.302 402.621 236.501 116.178 12.7788 22.2587 77.8542 25.2454 31.0497 41.7214 33.343 29.1427 71.3028 16.2188 55.084 9.2536 115.92 120.323 69.1746
internal_count=809214 743842 65372 4022 2153 363641 61350 32212 380201 31998 28764 3234 1426 1808 29138 1130 8223 1184 1083 316843 32369 380043 378249 2528 1035 375721 27467 1967 25500 5558 3079 1819 736 670 895 638 773 28719 26512 25963 1647 457 257 20541 18483 5717 2494 419 2207 1266 486 276 1382 1087 921 1794 245 1549 549 13298 3223 2488
is_linear=0
shrinkage=0.05


Tree=58
num_leaves=63
num_cat=0
split_feature=159 79 110 147 142 180 72 94 97 143 75 141 37 94 0 134 149 94 9 147 141 133 189 8 39 31 176 115 37 115 170 142 95 9 65 64 139 11 94 97 21 39 63 32 5 149 115 1 68 9 115 41 65 143 110 5 134 65 190 11 5 4
split_gain=20.8641 12.7322 11.7313 10.6312 8.28191 7.77344 10.4421 10.7941 7.15946 5.5129 5.61356 5.38706 4.6479 7.92588 4.66423 4.65369 4.44308 6.80395 3.75716 3.74858 3.73375 3.68306 3.6614 3.60025 3.57556 9.42013 4.5444 5.57783 5.31617 4.9499 4.33563 5.46638 4.91294 5.13175 6.56846 6.39885 3.99658 5.99124 4.64082 3.78178 3.85323 3.84896 3.7893 4.96077 3.61263 3.42974 4.17207 3.41207 3.37708 4.69379 7.11313 4.04896 4.07775 5.7128 3.38477 3.32904 4.58416 3.75909 3.27202 3.20748 3.75011 3.17427
threshold=38.564739227294929 -3.7884373664855953 8.0000000000000018 0.93552905321121227 7.4041786193847665 1.0000000180025095e-35 -0.56174489110708226 15298.000000000002 -1.0000000180025095e-35 3.2754380702972417 0.55000001192092907 0.12217694520950319 0.90299502015113842 57.500000000000007 5.3831963539123544 653.50000000000011 -1.0000000180025095e-35 1492.5000000000002 0.039093293249607093 0.8668593466281892 0.11847501993179323 620.50000000000011 1.0000000180025095e-35 1.7615785598754885 0.92073178291320812 0.48296563327312475 1.0000000180025095e-35 1.3472737669944765 0.82125747203826915 0.42672555148601538 1.0000000180025095e-35 0.077710125595331206 0.6637549400329591 0.35247769951820379 0.73518744111061107 -0.96698957681655873 0.18354425579309466 0.25886559486389166 14033.500000000002 67.500000000000014 0.86167907714843761 0.98708465695381176 0.84113389253616344 126.1381072998047 0.17960776388645175 -1.0000000180025095e-35 9.041117191314699 0.39000068604946142 0.79662841558456432 0.79687190055847179 0.058154849335551269 0.27814739942550665 0.23251779377460483 -0.73199340701103199 1.5000000000000002 0.83529695868492138 798.50000000000011 -0.81201866269111622 1.5000000000000002 0.66603025794029247 0.94071641564369213 2.7326840162277226
decision_type=2 2 2 2 2 2 2 2 2 2 2 2 2 2 2 2 2 2 2 2 2 2 2 2 2 2 2 2 2 2 2 2 2 2 2 2 2 2 2 2 2 2 2 2 2 2 2 2 2 2 2 2 2 2 2 2 2 2 2 2 2 2
left_child=1 22 -2 4 5 11 -7 19 12 10 20 -3 13 14 18 -15 17 -17 -6 21 -5 -8 -1 -19 30 26 27 28 -26 -28 48 32 33 34 35 -32 -33 -38 58 40 -30 42 43 44 -41 46 -14 -11 49 51 59 52 -13 -54 -52 -53 -57 -58 -39 60 -51 -59
right_child=2 3 -4 9 8 6 7 -9 -10 47 -12 24 45 15 -16 16 -18 23 -20 -21 -22 -23 -24 -25 25 -27 29 -29 39 -31 31 36 -34 -35 -36 -37 37 38 -40 41 -42 -43 -44 -45 -46 -47 -48 -49 -50 50 54 55 53 -55 -56 56 57 61 -60 -61 -62 -63
leaf_value=-0.007076319328187199 0.033361821364277504 -0.004467806601746835 -0.01143754963105992 -0.012517528854768417 0.018294740083634405 -0.014972741068345173 0.05149329024661467 -0.010284277067424203 -0.00039188215214412464 0.023061015346989081 0.0019083679293082558 -0.0040817024214889986 0.036794454252568352 0.014107359274514127 0.013740840967014356 0.03137497761797841 -0.0042019860503307782 -0.0074608898782224757 -0.018705537121550521 0.0055301767598003454 -0.00357726782113353 -0.0027283820598312763 0.0056383624762745953 0.017581997723857632 0.030848091818442613 -0.004467806601746835 -0.0024359782990998769 -0.004467806601746835 -0.004467806601746835 0.039395909329506755 -0.004467806601746835 -0.00074620886177104162 0 -0.004467806601746835 -0.0042219660681785441 0.055816895939651182 -0.00074620886177104162 0.027086854984116806 0 -0.004467806601746835 0.022231342102978641 -0.004467806601746835 -0.004467806601746835 -0.004467806601746835 0.035396311717800631 -0.0029547794478693296 -0.011529058307745602 0.0026791797265718685 0.003189995489884453 0.035569050767350292 0.017679673724749823 -0.0021581573586734889 0.039436882711700767 0.0063286790565956937 -0.004467806601746835 -0.0026821843446471145 -0.004467806601746835 -0.0022223370133000889 -0.00074620886177104162 0.0084510366128755735 -0.004467806601746835 0.029168231859557033
leaf_weight=766.88786554518811 65.395802922372241 489.09174260887812 14.804157379199749 124.61841824137446 3.1527090655144994 14.932348700880537 27.381381348066501 11.370457332392105 276.45012634487648 24.202025342769048 457.55819755917764 49.272764792491216 29.013721360646745 286.60794350053038 14.252463342701956 23.70003389466001 87.332576139117009 37.279928110714536 48.807272364181699 9.8088580807161616 1714.8138417677255 1.9759990574966639 55.251696885796264 16.586893058600253 28.607063962117536 114.29978972419485 7.3936887287127346 39.303688190939283 50.639170408889186 21.683567860942276 2.715774821379461 269.56218622130109 21.891108250682009 6.637085647933417 5.7745974389836183 20.399274771567434 65.199410909379367 60.378345816236106 30.087009302980732 3.5681910144630811 9.1958018827681354 15.725471265781378 6.2507958571150075 5.2636187499520011 39.216656224904 6.229268562514334 1.9500826529692847 87.797653613273724 682.43912704167815 20.208060000652043 12.078582582849775 2500.3627173297464 12.362817652418014 76.832294242442003 96.518148767812818 61.424530199961737 12.788492388299344 7.5297881003025386 4.6297755285340818 129.24826496618698 3.0789307831582837 33.434033133460616
leaf_count=175882 672 40054 100 12103 58 621 689 580 19314 1072 40444 3459 819 6396 587 827 2393 1433 2885 490 158539 59 2802 350 1628 9090 1169 3347 4221 554 40 9650 356 178 83 265 1942 2312 1392 242 579 1074 518 346 2930 236 114 4715 55371 1515 928 201000 600 5144 7305 4195 921 606 131 9488 223 2225
internal_value=-1.26358e-05 -0.000244711 0.0246129 0.000340356 0.00148366 0.000718352 0.0172201 0.0276741 0.00609844 -0.00245235 -0.00299393 0.000481014 0.00935111 0.00788682 -0.00762222 0.0102745 0.00324649 0.0116821 -0.0146128 0.0391767 -0.0042288 0.0472501 -0.00616269 0.000664123 0.00102565 0.00591837 0.011781 0.00843499 0.0126726 0.0292287 0.000614249 0.00502259 0.0189459 0.0292559 0.0373427 0.0475198 0.00290884 0.00904332 0.0168122 0.00748803 -0.00140071 0.0150037 0.0209763 0.0256711 0.0312353 0.0257912 0.0318762 0.00809447 2.05582e-05 -0.00069262 0.00563293 -0.00131058 0.00683847 0.0130328 -0.00388278 -0.00176376 0.00632362 0.0163928 0.0238715 0.0124745 0.0284809 0.0232402
internal_weight=9223.25 9143.05 80.2 8320.91 5911.92 5080.56 65.469 50.5367 831.363 2408.99 2296.99 5015.09 554.913 517.72 66.2124 451.507 164.899 77.5669 51.96 39.1662 1839.43 29.3574 822.14 53.8668 4526 341.148 226.848 197.77 158.467 29.0773 4184.85 487.275 57.4178 35.5267 28.8896 23.115 429.857 160.295 95.0951 129.86 59.835 70.0247 54.2993 48.0485 42.7848 37.1931 30.9638 112 3697.58 3015.14 261.132 2754.01 138.468 89.1951 108.597 2615.54 115.177 53.7523 65.0081 152.535 23.287 40.9638
internal_count=809261 808489 772 629805 412932 377520 2439 1818 35412 216873 211086 375081 16098 14929 3530 11399 5003 2610 2943 1238 170642 748 178684 1783 335027 25698 16608 14885 11538 1723 309329 16349 922 566 388 305 15427 5777 3835 9910 4800 5110 4036 3518 3172 1169 933 5787 292980 237609 19459 218150 9203 5744 8233 208947 7947 3752 2443 11226 1738 2831
is_linear=0
shrinkage=0.05


Tree=59
num_leaves=63
num_cat=0
split_feature=164 79 135 170 135 176 110 167 167 110 173 79 182 141 109 13 8 186 190 0 142 131 8 94 94 86 143 142 142 3 66 40 147 51 13 143 3 11 142 94 95 71 71 152 9 143 85 47 149 8 8 132 66 3 66 95 131 132 69 6 79 69
split_gain=18.5448 11.5927 10.2589 9.77249 7.81423 43.7887 9.71492 8.69993 10.889 7.49919 7.93479 17.9084 21.6398 7.17335 6.60272 5.96571 6.09353 5.91471 5.23211 5.00325 6.51096 4.94351 4.80201 4.72217 4.50808 9.84813 6.6694 4.21285 6.79497 9.52459 4.2148 4.75765 4.11116 4.07711 4.69434 3.99107 3.94261 4.28276 3.90655 3.88214 3.62234 6.16378 4.21622 3.83351 3.81616 3.74477 5.98709 3.84449 3.44869 5.79587 4.44156 4.85342 3.68875 3.42912 3.36125 3.32074 3.29399 3.2856 3.4347 3.25521 3.17214 3.15483
threshold=1.0000000180025095e-35 -3.6884931325912471 -1.0000000180025095e-35 1.0000000180025095e-35 4.0250000953674325 1.0000000180025095e-35 3.5000000000000004 1.0000000180025095e-35 123.97499847412111 1.0000000180025095e-35 1.0000000180025095e-35 -1.2970995306968687 1.0000000180025095e-35 0.13202039897441867 0.5368565320968629 0.088959366083145155 0.71599453687667858 6.5000000000000009 1.5000000000000002 -1.0000000180025095e-35 0.73359486460685741 132.50000000000003 1.662184536457062 2206.5000000000005 169.50000000000003 1.0000000180025095e-35 0.60403802990913402 1.0000000180025095e-35 0.045236393809318549 0.43067739903926855 -0.51524442434310902 2.7986143827438359 0.76975053548812877 2.5000000000000004 0.77014052867889415 -0.40543586015701288 0.43417668342590338 0.14004041254520419 0.17264039069414142 24033.500000000004 0.7117014229297639 0.6078576147556306 0.6078576147556306 1.311147212982178 0.72532173991203319 2.0255224704742436 12.500000000000002 0.7027283012866975 -1.0000000180025095e-35 3.0657935142517094 1.6492331027984621 400.50000000000006 -0.89957988262176503 0.39733311533927923 -0.23313710093498227 0.67451089620590221 1463.5000000000002 653.50000000000011 7.2510292530059823 11.630260944366457 -0.97126883268356312 11.313425540924074
decision_type=2 2 2 2 2 2 2 2 2 2 2 2 2 2 2 2 2 2 2 2 2 2 2 2 2 2 2 2 2 2 2 2 2 2 2 2 2 2 2 2 2 2 2 2 2 2 2 2 2 2 2 2 2 2 2 2 2 2 2 2 2 2
left_child=1 17 24 4 5 7 56 9 -9 19 35 -12 60 -6 -8 18 -17 -1 23 -4 21 -21 -10 57 -3 -26 53 -15 29 30 -29 -32 -22 38 55 -11 -25 -38 -18 40 41 43 -42 44 61 -43 47 -47 49 50 51 -40 -51 -27 -20 59 -7 -5 -59 -35 -13 -30
right_child=-2 2 3 15 13 6 14 8 22 10 11 12 -14 27 -16 16 33 -19 54 20 32 -23 -24 36 25 26 -28 28 39 -31 31 -33 -34 34 -36 -37 37 -39 48 -41 42 45 -44 -45 -46 46 -48 -49 -50 52 -52 -53 -54 -55 -56 -57 -58 58 -60 -61 -62 -63
leaf_value=-0.0073796757650162435 0.046287611552198044 -0.0076369201008211346 -0.012493392869626349 0.0024980835554919921 -0.0042094160692461857 0.04669222352219795 0.026152766790976251 0.041924162067270648 -0.0033635797202042567 0.00073502530916095621 0.041305844233091527 -0.015415716170922642 -0.041567434051302657 -0.0042094160692461857 -0.015035007593896157 -0.012395518481471669 0.01569254228897065 0.003914958127521277 -0.027581417371532677 0.055662181626259723 0.027949091808093598 0.0053786740581971745 0.018151784814818796 0.032623087036387305 0.054187062746585746 -0.0048225308751669548 0.037361727433969774 0 -0.0029535919491927593 0 0.062690767402157094 -0.0031672551126759926 0.0024563955668790807 0.043493521323132812 -0.0032668965387026867 -0.0046309801735884767 0.020905243486143917 -0.006422666032594922 0.011060486902522605 -0.0042094160692461857 0.01044387775242289 0.0023952904535241991 -0.0029455123330799186 0.014476720524758839 0.0022406918402872317 0.0242860510246663 -0.0042094160692461857 -0.0026169487905148966 -0.0027826335054690942 0.015670482744196624 0.019736503816519049 -0.0054480767224699984 -0.021302040812953407 0.019367280016290844 0.0051003401026098894 -0.0049050680892375326 -5.9442447736053769e-05 0.033638406840945351 -0.0073856963116651414 -0.0072545590177005449 0.019645503742702533 0.0080287844292021605
leaf_weight=708.90106579376152 16.702918088092702 13.040092235787595 15.481405312435525 96.743359836691525 1414.7370635466614 64.592036038840888 16.013065995161014 21.813239074632293 59.942826758604497 603.89777034737926 29.796515499256202 2.8766048310935721 19.304195762480958 296.43543934218542 12.923599852256304 54.545101958690793 51.013444582975353 132.00368265066209 8.0907230201992224 10.323339019720153 15.59722198579402 10.71849151993956 37.432225722179282 48.120630925113801 13.0301836883591 44.139473481103778 13.297509756754151 4.1992510998534298 1807.7062108208083 29.579506775684422 11.193246435592297 1.9016860832125537 86.432045474968618 17.860627123489401 11.597448355736558 782.85395757717197 30.61282232949452 19.019664488703711 95.596545898282784 192.41611708552955 177.16232972287253 844.85892497012173 80.388463991257595 32.949911796829838 522.94397051438864 61.138311282666109 18.893455244258803 13.454284965562691 226.65676461931434 4.0070935533440233 58.651134801853914 73.488024309743196 24.518696220315178 15.576308785020954 14.320968528918455 2.9679780084406948 2.8450973157305262 13.942377154467978 3.637913618964375 1.2359381866117463 43.29375131384586 61.989793042586825
leaf_count=172061 289 2541 2003 1861 133797 999 2495 203 3434 46768 369 45 558 39422 1200 2380 1906 9246 85 387 426 727 1791 900 169 1179 187 261 145452 3176 720 127 4039 599 603 44508 580 379 4518 16440 10755 69305 4451 3961 44668 2624 952 1387 9271 128 2046 3755 780 394 185 92 50 250 58 31 743 4969
internal_value=0.000122525 1.0955e-05 0.000577489 0.000377703 -0.000205094 0.00261532 0.0345652 0.000737148 0.0134949 -0.000224384 -0.00129226 0.0122604 -0.00259571 -0.00114051 0.00751601 0.00541868 0.00275961 -0.00556445 0.0121644 0.0106711 0.0141542 0.0369588 0.00514559 0.0146296 0.016183 0.0202888 0.0108335 -8.63185e-05 0.000372772 0.0183506 0.0430301 0.0535126 0.00771067 0.00435518 0.0201941 -0.002282 0.0226094 0.0103459 0.00313213 0.000121538 0.00053517 8.60263e-05 0.00619297 -0.00123789 -0.00149446 0.00352322 0.0128237 0.0192599 0.00160685 0.00556387 0.00834117 0.00379148 -0.0138002 0.00210969 -0.00866481 0.0317747 0.0445067 0.0069354 0.0242864 0.0383478 0.0156796 -0.00255569
internal_weight=9221.4 9204.7 8363.8 8264.71 7408.09 1836.14 96.3738 1739.76 119.188 1620.58 1482.02 95.2711 65.4746 5571.95 28.9367 856.627 622.139 840.905 234.488 138.553 123.071 21.0418 97.3751 212.077 99.0836 86.0435 73.0133 4157.21 3860.78 46.8737 17.2942 13.0949 102.029 567.594 33.662 1386.75 97.7531 49.6325 533.932 3813.9 3621.49 3363.93 257.551 2425.59 2392.64 938.345 93.4861 74.5926 482.918 256.261 227.736 169.085 28.5258 59.7158 22.4117 22.0645 67.4371 114.324 17.5803 19.0966 46.1704 1869.7
internal_count=809685 809396 628089 623619 593212 110745 4744 106001 5428 100573 92991 1715 1346 482467 3695 30407 26109 181307 4298 7582 5579 1114 5225 4028 4470 1929 1760 348670 309248 4284 1108 847 4465 23729 1325 91276 1859 959 22404 304964 288524 273318 15206 199050 195089 74268 4963 4011 20498 11227 10319 8273 908 1573 270 722 1049 2169 308 630 788 150421
is_linear=0
shrinkage=0.05


Tree=60
num_leaves=63
num_cat=0
split_feature=159 170 29 189 132 79 144 144 139 135 142 86 115 143 110 142 132 144 177 186 144 144 144 144 141 94 142 135 86 180 67 94 143 9 110 135 176 142 177 144 144 95 75 152 140 43 94 186 133 41 110 134 147 148 41 92 69 67 144 147 132 63
split_gain=16.0121 12.5442 10.5097 15.4545 12.3863 21.1591 10.5907 10.7823 12.145 8.36277 8.35196 8.13749 8.23536 7.84567 7.4842 6.87887 7.37031 6.85597 7.88785 6.4254 5.91378 7.12841 7.15799 5.76471 5.3852 5.25899 5.19016 4.89523 5.77593 4.83781 4.83551 4.542 4.35974 4.28604 4.22742 7.13678 13.8408 5.86375 8.1419 4.13954 4.92743 4.05486 4.02351 5.05548 5.97383 4.52667 4.12485 4.01338 5.12799 3.84241 3.75837 3.88551 4.68391 4.26839 4.53977 5.76756 3.94338 3.84333 3.68132 5.44172 3.67504 5.10039
threshold=38.564739227294929 1.0000000180025095e-35 0.31691713631153112 -1.0000000180025095e-35 28.500000000000004 -1.419453978538513 0.93159422278404247 0.17632728815078738 0.15667280554771426 741.50000000000011 0.021077626384794716 3.5000000000000004 0.23699341714382174 -0.8210650086402892 8.0000000000000018 0.077710125595331206 672.50000000000011 0.96691203117370617 1.0000000180025095e-35 3.5000000000000004 0.62911102175712597 0.80597889423370372 0.74587377905845653 0.58016499876976024 0.10785290598869325 2723.5000000000005 2.3910460472106938 -1.0000000180025095e-35 1.0000000180025095e-35 1.0000000180025095e-35 0.51573991775512706 14818.500000000002 -0.80239629745483387 0.58166703581810009 3.5000000000000004 4.0250000953674325 1.0000000180025095e-35 0.57291823625564586 1.0000000180025095e-35 0.23968885838985446 0.1807062849402428 0.13689881563186648 0.63333335518836986 0.86566039919853222 0.13402175903320315 0.30318652093410497 1.5000000000000002 5.5000000000000009 128.50000000000003 0.9947086274623872 1.0000000180025095e-35 1206.5000000000002 0.85019686818122875 1.0000000180025095e-35 0.90800064802169811 0.58236432075500499 3.6577585935592656 -0.14963149279356 0.99014428257942211 0.96098059415817272 367.50000000000006 0.92331779003143322
decision_type=2 2 2 2 2 2 2 2 2 2 2 2 2 2 2 2 2 2 2 2 2 2 2 2 2 2 2 2 2 2 2 2 2 2 2 2 2 2 2 2 2 2 2 2 2 2 2 2 2 2 2 2 2 2 2 2 2 2 2 2 2 2
left_child=1 2 6 -4 5 -5 7 8 19 17 32 12 27 -10 -2 16 25 18 26 -1 -13 22 -22 39 -6 -3 -8 28 -9 50 -21 -31 -7 -14 35 36 37 38 -26 40 -17 -25 43 44 -36 -45 -44 48 -19 -37 -29 52 53 54 -52 56 -56 -55 -39 -60 -43 -62
right_child=14 15 3 4 24 10 9 11 13 -11 -12 20 33 -15 -16 23 -18 47 -20 30 21 -23 -24 41 34 -27 -28 29 -30 31 -32 -33 -34 -35 42 49 -38 58 -40 -41 -42 60 46 45 -46 -47 -48 -49 -50 -51 51 -53 -54 57 55 -57 -58 -59 59 -61 61 -63
leaf_value=-0.0069738368124762258 0.028934200187002674 -0.00093035278228419626 -0.0077822890105846663 0.04279528367284427 -0.0077822890105846663 -0.0017455987996158962 0.04261419869119773 0.048954115712225216 0.043791696997257337 -0.013109800638695428 -0.0077822890105846663 -0.010798945830123231 -0.0043162847864879417 0.012493345253566509 -0.0072186578135077454 -0.0013031304836926157 0.052489890192772927 0.015133205748785794 -0.0033474410786716877 0.012493345253566509 -0.00098326034869134393 -0.0099207090925406988 0.022245713243396206 -0.0014095128417642327 0.0063254143154392864 0.027509951150578499 0.016713477547485558 0.017539777937567304 0.0037735322201732538 0.037761446076540771 -0.0063251044864920756 -0.0098903894663451737 0.027718241351280027 0.010619588820967462 -0.0072434235016351281 -0.0016343430463458073 0.039135361077225185 -0.0027851463641205307 0.055374447671703922 -0.0053328323192198997 0.017791103109986637 0.014513041443771829 -0.007307966490964885 -0.0039610606982583589 -0.0017015463552055997 0.003430910249559738 0.0064343514235296025 -0.012562008137642966 0.0005857990760608343 0.019910292355513767 -0.0042455376954877886 -0.0076563280739127219 0.010439311931625271 -0.0084154145584419936 0.041009823432888157 -0.0089570374984529379 0 0.0158204048901706 0 0.047206232836103285 0.0072403661278488008 -0.018910791073978243
leaf_weight=104.2871484336647 63.522233204334043 36.524168490155716 963.3955645206006 38.450524382089498 176.82410782834631 17.608892507836572 28.99645084853546 8.562201644075687 26.720475796886603 35.308199662307743 52.193509819277097 303.15147656213958 595.91668552566625 84.353569959028391 14.605353277991524 85.199918231344782 10.041422754351514 112.79407924563202 28.693740505525057 57.451659966965963 90.419735905430571 103.73465691813908 45.382750852644676 91.975456678905175 37.369407931342721 21.783851930784294 94.752685302577447 36.390996521382476 19.64204957644688 13.546836974754116 30.246054110604746 3.4519922242325256 26.068358323012944 46.636765409632062 717.21071537430544 544.01099364410038 28.934210322287981 153.33221803636116 7.3373883027816182 202.93999322640593 48.174665216283756 203.17534960281046 62.90964292663557 306.77236454034573 1556.9651893605915 605.19933279759425 258.49390718377254 22.236187922098907 133.32885666377842 16.419349265634082 290.03225075102455 86.337944439866988 162.61790508763079 16.444588180787832 13.054908802569118 12.711156395795113 6.9116860167778205 64.341793829884409 18.662467910515264 4.6839153096370856 150.75241009736783 15.952050004329065
leaf_count=19427 660 628 228800 768 13783 214 722 120 780 2780 2186 26800 77822 5113 103 3206 183 4313 2522 5240 7004 7494 2899 3284 2282 469 4162 2476 356 333 2960 160 295 3103 52347 44748 519 8127 262 10561 1724 5663 4055 21454 105801 47477 20416 761 1265 1152 19188 5668 11613 1136 967 1222 611 3276 530 171 4581 397
internal_value=0 -0.000196513 -0.000799878 -0.0020348 -0.000826243 0.0138431 0.00176842 0.000325169 0.00901795 0.00866652 0.000437821 -0.00105431 0.000977609 0.0218 0.0218473 0.00550573 0.0202825 0.0106849 0.0190746 0.00113024 -0.00621605 -0.000211612 0.00711619 0.00409084 -0.00128504 0.0106336 0.0243959 0.00459515 0.0235486 0.00364232 0.0108934 0.0268997 0.0163669 -0.00312 -0.000910973 0.00232044 0.00925784 0.00446442 0.0196388 -0.000821575 0.00580666 0.00769201 -0.00166725 -0.00221094 -0.00347232 0.000909068 0.00359718 0.00556592 0.00752076 -0.000788438 0.00284265 0.00185773 0.00340681 0.000418277 -0.00212287 0.0141167 0.0286593 0.0103927 5.22914e-05 0.0167739 0.0100105 0.00411454
internal_weight=9215.95 9137.82 8271.3 5592.84 4629.45 134.321 2678.46 2222.35 303.059 456.11 95.8708 1919.29 1376.6 111.074 78.1276 866.519 68.3494 420.802 152.443 191.985 542.689 239.537 135.802 798.17 4495.13 58.308 123.749 734.046 28.2043 705.842 87.6977 16.9988 43.6773 642.553 4318.3 810.75 250.32 221.385 44.7068 336.315 133.375 461.855 3507.55 3186.15 2274.18 911.972 321.404 268.359 246.123 560.43 688.843 652.452 566.114 403.496 322.71 32.6778 19.9666 80.7864 176.679 23.3464 369.88 166.704
internal_count=809139 808376 777680 555387 326587 3463 222293 205768 33520 16525 2695 172248 128051 5893 763 30696 1280 13745 7406 27627 44197 17397 9903 29416 323124 1097 4884 47126 476 46650 8200 493 509 80925 309341 57791 11891 11372 2544 15491 4930 13925 251550 227079 158148 68931 24471 6339 5578 45900 46157 43681 38013 26400 21988 2800 1578 4412 8828 701 10641 4978
is_linear=0
shrinkage=0.05


Tree=61
num_leaves=63
num_cat=0
split_feature=164 170 189 21 189 148 189 85 147 98 186 141 144 8 141 144 151 189 132 41 132 96 8 75 144 4 6 142 67 132 5 35 19 47 186 86 144 144 76 147 142 141 147 27 132 1 71 147 177 186 101 133 7 130 6 1 94 130 68 141 9 186
split_gain=15.8148 12.3429 9.3266 9.45955 13.0233 9.58583 9.16477 8.53375 6.97176 5.79729 5.63505 5.35742 5.04741 4.71686 4.17716 3.90448 3.74124 3.59665 3.38297 3.23413 4.46894 3.84763 4.05677 3.09332 3.31347 4.52417 3.0932 3.08612 3.44793 2.97457 2.9433 3.14096 2.92932 2.89039 2.8346 2.81288 2.76578 8.19934 5.7204 2.74144 2.68746 2.73651 2.65723 2.61826 2.61238 4.35286 4.15961 2.5725 2.57118 2.47196 2.46083 2.41922 2.37875 2.26622 4.38354 2.91741 3.75026 2.75885 2.50386 2.11549 2.27068 2.8
threshold=1.0000000180025095e-35 1.0000000180025095e-35 0.31000000238418585 0.38702608644962316 -1.0000000180025095e-35 1.0000000180025095e-35 -1.0000000180025095e-35 5.5000000000000009 0.60357144474983226 1.5000000000000002 2.5000000000000004 0.12730940431356433 0.70466029644012462 3.5091991424560551 0.12405439838767053 0.29403388500213629 1.0000000180025095e-35 0.42999999225139623 446.50000000000006 0.88186338543891918 38.500000000000007 0.080540537834167494 1.377851188182831 0.26666667312383657 0.81291070580482494 2.1780952215194707 0.86580792069435131 0.3376328051090241 0.20978216826915744 127.50000000000001 0.93858864903450023 0.4443975985050202 0.39475306868553167 0.61269167065620433 4.5000000000000009 1.0000000180025095e-35 0.50755655765533458 0.22435566782951358 17057.076171875004 0.95352011919021618 0.17264039069414142 0.14923869073390963 0.85760369896888744 0.38537856936454779 175.50000000000003 0.42653749883174902 -1.0000000180025095e-35 0.93307816982269298 1.0000000180025095e-35 6.5000000000000009 61978.490234375007 485.50000000000006 0.82134425640106212 709.50000000000011 4.6876673698425302 0.43065343797206884 16382.500000000002 1387.5000000000002 0.76486444473266613 0.13482289761304858 0.80852487683296215 2.5000000000000004
decision_type=2 2 2 2 2 2 2 2 2 2 2 2 2 2 2 2 2 2 2 2 2 2 2 2 2 2 2 2 2 2 2 2 2 2 2 2 2 2 2 2 2 2 2 2 2 2 2 2 2 2 2 2 2 2 2 2 2 2 2 2 2 2
left_child=1 2 3 5 49 6 12 -8 36 48 -4 13 15 18 -6 35 17 40 -10 20 -16 33 -23 30 25 34 -9 28 -12 -24 31 43 -31 -21 -25 -1 37 38 -3 -32 41 -13 -20 -22 45 -38 -46 59 -7 -5 -17 -15 -45 58 55 56 57 -55 -18 -33 -61 -62
right_child=-2 8 10 4 14 9 7 26 11 -11 27 16 -14 51 19 50 53 -19 42 21 23 22 29 24 -26 -27 -28 -29 -30 32 39 47 -34 -35 -36 -37 44 -39 -40 -41 -42 -43 -44 52 46 -47 -48 -49 -50 -51 -52 -53 -54 54 -56 -57 -58 -59 -60 60 61 -63
leaf_value=-0.007139299742670243 0.042451098500126197 -0.0026143203327832244 0.044309096557682448 -0.0064779174956171061 -0.0044906729799375567 0.0075904609744344258 0.0075904609744344258 -3.2886754351277715e-05 0.0025789798190764789 -0.0044014076956210993 0.032976355964493102 0.0025789798190764789 -3.2886754351277715e-05 -0.033844854663677308 0.0075904609744344258 -0.01103225261532287 0.0025789798190764789 0.021203346747028614 0.0025789798190764789 -0.0044906729799375567 -0.0044906729799375567 -0.0044906729799375567 -0.0044906729799375567 -0.00048090645960917637 -0.0044906729799375567 -0.0044906729799375567 0.0075904609744344258 0.0075904609744344258 0.008397700572514993 -0.0044906729799375567 0.0075904609744344258 -0.0039379591810741804 0.0075904609744344258 0.0075904609744344258 0.0075904609744344258 -3.2886754351277715e-05 0.031179893385173092 -0.013718533824081367 0.042800641804704755 -0.0031733849122306244 0.0025789798190764789 0.021203346747028614 -0.020061511365128029 0.0075904609744344258 8.558022385585176e-05 -0.0080748998803261002 0.035832555842052354 -0.0044906729799375567 -0.010585854813383812 -0.014679262902815083 -0.00017221566855728855 0.00083712217889895038 -0.0044906729799375567 0.043959150453620921 0.0025789798190764789 0.0025789798190764789 0.0025789798190764789 0.0025789798190764789 0.02158195562386352 -0.0010272174262301054 0.027728077874496694 0.0028404776131718164
leaf_weight=143.5254709372748 16.928091139430762 9.2131105624430365 5.9439173821592695 822.31589314909797 736.2203448999644 420.43904253682558 322.41939676455513 590.45359449637181 68.885527905033086 95.305181840827572 23.406096661652555 29.273761596239638 402.74103549135543 13.872911812417444 128.33211639682122 320.77718412598551 39.575779626902658 23.148931461037137 11.562052971421506 11.951261038528171 26.596835548334639 106.10078449710272 34.982081474590814 103.59950079960981 114.6541469689837 101.65818848949857 70.595418626253377 247.2330397181795 46.964741678733844 32.514998103360995 94.131449180160416 660.26112638779159 113.97321299641044 251.75313709041075 213.06615400317241 132.81969289576955 5.4734408839722191 22.537171688542003 11.852545423840636 70.150637309518061 439.26247770032205 21.278553221403854 27.473160989800817 73.268906498677097 11.774710510828298 15.934410461602964 38.59080152909155 651.02853638833039 22.056631417122844 110.91501175867961 67.905276435289124 4.6752625603112383 27.707586346936296 27.009989738784498 18.118558075977489 5.8272451738012014 6.0347412317642002 6.2977380889933547 12.752651896633322 829.63204259015038 9.569932046288157 73.07407564856112
leaf_count=28882 304 161 61 201115 54231 30937 17308 39844 2803 14493 818 1082 29791 373 4695 36557 810 569 346 885 1696 9061 2428 8213 7949 7815 4905 8792 1756 2360 6214 41122 8263 18643 16778 9847 77 514 151 6226 19217 798 1394 5223 179 219 517 54776 3019 21129 14420 125 1931 480 327 130 145 115 238 50619 600 4711
internal_value=3.80103e-05 -6.05397e-05 -0.000657745 -0.000999563 -0.00219258 0.00147735 -7.39547e-05 0.00338707 0.00558367 0.00738644 0.00759046 0.00373107 -0.00328596 -0.00540571 -0.00105935 -0.00601401 0.00563698 0.00366429 -0.000708742 -0.000369915 -0.000990378 0.00313733 -0.000791129 -0.00138746 0.00203512 0.00413817 -3.28868e-05 0.00759046 0.0185498 0.00418111 -0.00212517 -0.00258579 0.00750108 0.00744939 0.00709214 -0.00132556 0.0168413 0.00527485 0.0252878 0.00420097 0.00257898 0.0137083 -0.0123697 0.00484026 0.0227413 0.00501811 0.0286894 -0.00303296 0.00759046 -0.00755233 -0.00922472 -0.0257197 0.00759046 0.0136673 0.0198676 0.0275463 0.0320342 0.0378853 0.00465367 -0.00179163 -0.000197961 0.00742508
internal_weight=9197.4 9180.47 8310.04 7986.5 5397.46 2589.04 2051.24 983.468 870.426 537.801 323.548 755.049 1067.77 126.469 4464.23 665.028 628.58 512.964 107.921 3728.01 3176.73 551.275 287.571 3048.4 532.978 418.324 661.049 317.604 70.3708 181.47 2515.42 2351.14 146.488 263.704 316.666 276.345 115.376 43.6028 21.0657 164.282 489.815 50.5523 39.0352 127.573 71.7734 21.4079 50.3655 2223.57 442.496 933.231 388.682 18.5482 100.976 115.617 63.2883 45.1697 39.3425 33.3077 52.3284 1572.54 912.276 82.644
internal_count=809187 808883 778113 766686 536683 230003 181554 62057 30770 48449 11427 28952 119497 5041 314439 89706 23911 21666 4543 260208 218568 41640 22112 213873 40755 32806 44749 11366 2574 13051 173118 160678 10623 19528 24991 38729 1818 826 312 12440 21097 1880 1740 8850 992 296 696 151828 33956 222244 50977 498 7154 2245 1197 870 740 595 1048 97052 55930 5311
is_linear=0
shrinkage=0.05


Tree=62
num_leaves=63
num_cat=0
split_feature=164 144 176 110 115 15 85 43 9 142 76 144 23 144 186 10 144 144 10 8 109 63 71 8 71 9 143 25 97 143 142 76 21 109 179 144 23 25 144 170 69 68 25 11 148 21 144 69 15 85 13 86 15 147 76 68 10 64 64 140 63 63
split_gain=17.4279 11.3694 14.5347 17.6244 10.1624 8.69116 7.08337 5.29973 5.22804 5.38287 7.78166 7.55617 6.13164 5.24706 8.77416 6.16159 4.90142 10.1114 9.11812 4.72437 4.71707 4.61429 4.49501 5.36756 4.42549 4.25048 4.22374 4.09528 4.7179 4.53459 4.08909 4.39945 3.91258 5.55147 5.09457 3.93038 3.86124 3.74632 3.67917 5.65813 3.66386 4.26249 4.82252 4.66992 3.66031 3.86219 3.6872 3.59547 3.56321 3.53796 3.52407 5.6793 5.83751 3.77662 3.56794 3.51444 3.64088 3.48786 4.28703 3.46486 3.40498 4.31348
threshold=1.0000000180025095e-35 0.93514493107795726 1.0000000180025095e-35 3.5000000000000004 4.1935167312622079 0.45608803629875189 16.500000000000004 0.9019746482372285 0.668828845024109 0.17264039069414142 21519.773437500004 0.50755655765533458 0.19713937491178515 0.28847827017307287 -1.0000000180025095e-35 0.80745574831962597 0.80597889423370372 0.73820060491561901 0.98329618573188793 0.76559710502624523 0.5066802203655244 0.51298141479492199 -1.0000000180025095e-35 2.8272176980972294 0.6078576147556306 0.14892057329416278 -0.42499496042728419 0.32949180901050573 487.50000000000006 -0.99997699260711659 47.633358001708991 62417.400390625007 0.38519339263439184 0.53141754865646373 1.0000000180025095e-35 0.28847827017307287 0.79036298394203197 0.29348495602607733 0.12822973728179934 1.0000000180025095e-35 5.7078099250793466 0.037548486143350608 0.77866527438163768 0.47432096302509313 1.0000000180025095e-35 0.85680341720581066 0.1559526473283768 0.80859735608100902 0.10926817357540132 8.5000000000000018 0.2274114787578583 6.5000000000000009 0.080409239977598204 0.85760369896888744 1784.630065917969 -0.92738986015319813 1.9319863319396975 0.94395503401756298 0.80426695942878734 0.13904207199811938 -0.98214095830917347 0.71387964487075817
decision_type=2 2 2 2 2 2 2 2 2 2 2 2 2 2 2 2 2 2 2 2 2 2 2 2 2 2 2 2 2 2 2 2 2 2 2 2 2 2 2 2 2 2 2 2 2 2 2 2 2 2 2 2 2 2 2 2 2 2 2 2 2 2
left_child=1 5 7 4 -4 6 8 22 9 10 21 13 -13 15 -15 -11 17 47 -19 -7 -5 48 23 30 50 -21 32 28 29 -17 31 -3 33 34 35 60 -16 -9 39 -34 41 42 43 -10 45 46 -45 -14 -1 -41 51 52 -20 54 -54 -31 -57 58 -24 -50 -12 -62
right_child=-2 2 3 20 -6 19 -8 37 40 11 26 12 16 14 36 27 -18 18 24 25 -22 -23 57 -25 -26 -27 -28 -29 -30 55 -32 -33 38 -35 -36 -37 -38 -39 -40 49 -42 -43 -44 44 -46 -47 -48 -49 59 -51 -52 -53 53 -55 -56 56 -58 -59 -60 -61 61 -63
leaf_value=-0.010333605749514675 0.04562240069982678 -0.0030080225502747745 0.040669695685524303 0.017206834388058381 -0.012900080347367868 -0.0046693472798088964 -0.0056184463415466235 0.0076986559998034306 -0.00094277930447363438 0.008754872964708154 -0.0041196597999771586 -0.010139317013206339 0.0092748830820253408 -0.016122762184407322 -0.0036468512928598922 -0.0093362640420742316 -0.00074181637843934655 0.024234735090387042 0 0.02574772554187359 -0.0272766957377098 0.0091039999077592599 0.0062996220782071885 -0.013995996289473123 -0.0089937458067284731 -0.0011985289990981106 -0.0083126779951844011 -0.0058434089464782686 -0.011053291546098864 -0.0063003029786583885 0.013006853492396997 0.012494136603802365 0.0059573666726332871 -0.0084750048325133772 -0.010401116086399563 0 0.012088956958605271 -0.010683140839300661 -0.0014919900775546245 0.042888712392704101 -0.0029174546910720267 0.0035328868362038053 -0.0063308151958477374 0 -0.0035459086635131923 0 0.042942454518051218 0.00056502427763904458 -0.0031959837532656628 -0.0049095251989125961 0.00098639292837986148 -0.013280651280452974 -0.0036327952105980454 0 0.060054702034332053 0.00056287944003611352 0.045276378188522086 -0.0036043328312682006 0.019338362701706316 0.013507514299329858 0.042138076836396775 0.0077477047871907989
leaf_weight=100.48761883006955 16.012648723219172 245.05414634062254 63.613695743806602 3.8146989281340238 7.0264065742157973 1358.1518835656934 354.97916487271505 31.49669546129735 12.543128427369082 171.64777747717744 3.6689093556706203 83.532205359420914 146.48645172042598 147.39610278658074 520.3621418615985 7.1558420399523994 474.04858390569643 113.86793532915908 12.539011695043884 9.6477690852916549 15.113633339777151 101.12075066950638 434.66556894648966 52.317936117709905 37.018150734576921 2733.0392854439269 19.247834756704833 237.16432427280961 14.446542834484715 3.6778183393325881 68.440843967422552 50.979881831488456 69.709448620287731 10.244505968254087 5.7432721334625958 11.270355278669738 36.669912262441358 104.39438271264589 58.919480760443548 15.896647300018232 42.579117817895167 77.49721145154399 11.225831130686855 6.4655751553400469 5.0784853744407874 6.8544008748212937 42.680285076341534 582.33230369444209 96.864232834381255 2.4902851403166997 50.897142282330606 5.8978477402124545 1.0662293794666791 4.6862338665450798 12.76034622418956 7.5068317827826911 15.455369945142593 62.236532937415177 74.828388171670667 39.112660605707788 50.880746301172621 16.29590205052591
leaf_count=4943 297 11663 1372 393 428 274124 32705 2959 801 10850 203 5542 9370 11550 34047 390 27238 6093 446 466 1118 6228 16020 1528 1989 226339 1427 13715 979 216 1537 1929 4759 1293 891 642 2520 13651 2761 242 2728 5007 777 452 300 433 2662 37309 7036 84 3402 270 61 229 544 498 854 1964 2031 2394 3235 1260
internal_value=0.000138014 3.09668e-05 0.00453008 0.0234052 0.0345102 -0.000655391 0.00104615 0.00290743 0.00173756 0.00123843 0.00549338 0.000267358 0.00258625 -0.00275416 -0.005454 0.0013668 0.0033734 0.00540879 0.0142511 -0.00225764 -0.0155448 0.000354224 0.00419859 0.000178439 0.0043716 -0.00104796 0.0118346 -0.00306464 0.00939239 0.0190748 0.00244262 -9.21764e-05 0.0136512 0.0213889 0.0254091 0.0286539 -0.00246814 -0.00612317 0.00778972 0.0140127 0.00940816 0.0127808 0.0202827 0.0248033 0.0301401 0.033645 0.0381263 0.00240097 -0.003395 0.0356805 0.010454 0.0212274 0.029408 0.0441215 0.0541551 0.0277658 0.0342671 0.00705899 0.00843251 0.00173997 0.0327506 0.0352566
internal_weight=9179.31 9163.29 1213.98 89.5684 70.6401 7949.31 3848.47 1124.41 3493.49 3288.57 601.953 2686.62 1525.13 1161.48 704.428 457.055 1441.6 967.552 238.733 4100.84 18.9283 337.585 988.523 416.793 124.865 2742.69 264.367 285.407 48.2424 33.7959 364.475 296.034 245.12 98.1037 87.8592 82.1159 557.032 135.891 147.016 88.0964 204.924 162.345 84.8477 73.6219 61.0787 56.0003 49.1459 728.819 236.465 18.3869 87.8468 36.9497 31.0518 18.5128 13.8266 26.64 22.9622 571.73 509.494 135.977 70.8456 67.1766
internal_count=809194 808897 56593 3311 1800 752304 251375 53282 218670 205510 37398 168112 92493 75619 48117 27502 86951 59713 13034 500929 1511 20601 36672 16657 6941 226805 16797 16652 2937 1958 15129 13592 15370 7524 6231 5340 36567 16610 7846 5085 13160 10432 5425 4648 3847 3547 3114 46679 14373 326 4952 1550 1280 834 605 1568 1352 20015 18051 9430 4698 4495
is_linear=0
shrinkage=0.05


Tree=63
num_leaves=63
num_cat=0
split_feature=189 186 70 110 144 131 132 76 167 167 86 144 147 113 20 144 144 8 152 112 67 170 189 142 75 75 111 31 73 144 36 69 76 74 167 8 5 1 22 69 112 76 186 76 66 69 131 66 29 71 142 142 31 134 67 86 142 76 17 22 33 136
split_gain=11.2069 25.79 23.8692 13.5779 10.1336 28.6971 9.62776 12.9219 8.3058 9.42893 8.09579 6.46495 6.06446 5.50385 6.01829 4.33924 4.96164 3.95021 3.80782 3.54723 3.30597 3.24104 4.99311 3.81445 3.81074 3.21912 3.11504 3.0428 2.73576 3.74659 3.61315 2.97239 2.66374 2.21105 2.18729 2.18628 2.13795 2.13527 2.09572 2.08651 3.03114 2.06379 2.00906 1.96163 1.92813 1.91651 1.89436 1.87421 1.84638 2.587 2.97986 2.82575 1.80863 1.74708 1.99964 2.20605 1.67051 1.46621 1.45048 1.4467 1.52671 1.3897
threshold=0.19000000506639483 1.5000000000000002 1.0000000180025095e-35 3.5000000000000004 0.29575732350349432 38.500000000000007 22.500000000000004 690.61526489257824 1.0000000180025095e-35 123.97499847412111 1.0000000180025095e-35 0.058734185993671424 0.96764230728149425 1.0000000180025095e-35 3.1066021919250493 0.70466029644012462 0.99014428257942211 1.662184536457062 0.73533913493156444 0.95256996154785167 0.99789994955062877 1.0000000180025095e-35 0.29000000655651098 0.29997226595878607 0.73333334922790538 1.0000000180025095e-35 1.0000000180025095e-35 0.31071493029594427 1.0000000180025095e-35 0.99014428257942211 4.25553321838379 0.73864394426345836 62417.400390625007 1.0000000180025095e-35 2192.724975585938 0.92682248353958141 0.57548815011978161 0.93925040960311901 0.10331126302480699 10.519985198974611 0.85980379581451427 174628.14062500003 7.5000000000000009 182118.52343750003 0.90420708060264599 0.05000137351453305 1160.5000000000002 0.95617201924324047 0.51680302619934093 0.6078576147556306 0.10900149121880533 0.51114636659622203 0.74423152208328258 62.500000000000007 -0.96496450901031483 5.5000000000000009 0.11517146602272989 7397.1647949218759 0.38780306279659277 11.68940305709839 0.44462835788726812 -1.0000000180025095e-35
decision_type=2 2 2 2 2 2 2 2 2 2 2 2 2 2 2 2 2 2 2 2 2 2 2 2 2 2 2 2 2 2 2 2 2 2 2 2 2 2 2 2 2 2 2 2 2 2 2 2 2 2 2 2 2 2 2 2 2 2 2 2 2 2
left_child=12 2 -2 4 5 -3 7 10 21 58 -5 41 26 14 20 36 19 -11 -12 32 28 -8 -23 25 53 -24 -1 59 43 30 -30 -31 37 38 -29 -26 45 42 56 40 -15 44 47 -6 57 -16 -47 52 49 50 -7 -52 -17 -25 55 -55 -14 -9 -10 -19 -61 -58
right_child=1 3 -4 6 13 48 8 11 9 17 18 -13 33 39 15 16 -18 27 -20 -21 -22 22 23 24 35 -27 -28 34 29 31 -32 -33 -34 -35 -36 -37 -38 -39 -40 -41 -42 -43 -44 -45 -46 46 -48 -49 -50 -51 51 -53 -54 54 -56 -57 61 -59 -60 60 -62 -63
leaf_value=-0.00077502007849253329 0.10173653397303151 0.096796528180472352 -0.00077502007849253329 -0.00077502007849253329 -0.00077502007849253329 -0.00077502007849253329 -0.00077502007849253329 0.002327881995023024 0.0035598795951107425 -0.00077502007849253329 0.049939077548850214 -0.00077502007849253329 -0.00077502007849253329 0.048120349148393596 -0.00077502007849253329 0.054314995321455874 -0.00077502007849253329 -0.00077502007849253329 0 0 0.030417623268900545 -0.00077502007849253329 0.031372513523638838 0.026356071209725787 -6.7528662847412844e-05 -0.00077502007849253329 -0.0053121655241412094 0.035780941974741069 -0.00077502007849253329 -0.00077502007849253329 0.020288705330948151 0.046448605437975521 0 -0.0015670838153559051 -0.00077502007849253329 0.04138792263938168 -0.00077502007849253329 0 -0.0032038158245959476 -0.00077502007849253329 0.0043858697935533104 -0.00077502007849253329 0.0021010496545908921 0.021172465685472673 0 0.039231094883813891 -0.00077502007849253329 0.0017331260378604593 -0.00077502007849253329 -0.00077502007849253329 0.047935923581406935 -0.00077502007849253329 0 0.031780435331227479 -0.00074505367052780903 -0.00077502007849253329 -0.00077502007849253329 0.033734080037361898 0.045987072913178509 0.032848632394774084 -0.00077502007849253329 -0.01149284544709908
leaf_weight=6023.2426040935534 7.7885341539513329 8.0516403046203759 8.6706770595628768 6.6243156612908924 146.70043094991706 2.2136537550832163 962.65733575160266 7.3884455420775401 4.6994592943228808 52.58893549417553 29.704649386869278 27.707431611866923 30.640923837388982 11.245203671540382 2.2160279814852499 23.555958540644504 6.9534731859603189 10.187631130451335 5.3157022837549439 8.9113238361605891 4.49544846783101 73.674991240084637 26.519961945014078 2.6542727221967644 2.7920029620872793 3.0949358164216383 477.1299018762511 13.927824653554127 24.279427770947223 1.8681721829343576 16.522933321160963 5.4771360127197113 2.8025653266813597 344.89281519024007 2.6589592567470381 6.1279400644125417 16.722672069401597 1.8867281184357114 257.33745683635061 1.7070377872732923 8.5040561392815999 5.2075634693028396 4.4955000407207981 7.2341434650588772 6.8373602529754853 4.3554323111311533 1.0309244062809737 3.5650284268776877 10.882440326939102 4.4096957407600703 6.0695515947008971 1.2090783214662222 1.8881634820572788 5.4676673730136809 110.09384258458158 3.0061507655773312 5.3897803405670848 20.047652301844209 15.839610792929305 1.6102901881386071 1.7161357510485684 272.39880528701542
leaf_count=494947 103 155 284 145 6237 94 48564 72 42 2876 335 517 4270 189 97 654 185 401 51 316 192 2156 486 43 43 100 124485 636 1140 55 782 168 83 42752 125 169 743 65 38557 37 353 46 155 199 59 166 46 83 622 198 271 54 74 87 2317 82 273 186 152 73 73 30527
internal_value=7.52172e-05 0.00365379 0.0582153 0.00296096 0.0118677 0.036669 0.000763041 0.014713 -0.000438187 0.0131136 0.0349391 0.000278515 -0.00077502 0.00858366 0.00632122 0.0176954 0.0250156 0.0042923 0.0438724 0.0307334 0.00157106 -0.00077502 0.00538479 0.0106674 0.00620626 0.0258212 -0.00077502 0.0178445 8.96856e-05 0.0107309 0.00244427 0.0351038 0.0366704 -0.00484972 0.0294985 0.0312527 0 0.0400362 -0.00677577 0.0308128 0.034989 0.0183586 0.0426623 -0.00077502 0.0226146 0.0198532 0.030556 0.0469799 0.00332574 0.015745 0.0275994 0.0387265 0.0511725 0.00300019 0.00122972 0.0194974 -0.00957761 0.0277098 0.0398559 0 0.0200607 -0.0108011
internal_weight=9174.9 1763.86 16.4592 1747.4 339.254 32.8361 1408.15 108.833 1299.32 103.229 41.6447 67.1885 7411.03 306.418 284.961 78.3838 54.0587 82.6898 35.0204 47.1053 206.578 1196.09 233.432 159.757 130.142 29.6149 6500.37 30.1008 202.082 48.1477 40.8024 7.34531 38.1939 910.66 16.5868 8.91994 24.3251 35.3914 565.767 21.4563 19.7493 39.481 33.5047 153.935 34.2735 7.60238 5.38636 29.0092 24.7844 13.902 9.49228 7.27863 25.4441 121.222 118.568 8.47382 308.43 27.4361 20.5391 13.5141 3.32643 277.789
internal_count=809447 73636 387 73249 13413 1394 59836 1411 58425 4378 531 880 735811 12019 11440 2667 1615 4184 386 1430 8773 54047 5483 3327 2741 586 619432 1308 8581 2145 1922 223 1114 116379 761 212 1052 1031 73627 579 542 363 966 6436 317 309 212 811 1239 617 419 325 728 2529 2486 169 35070 258 194 547 146 30800
is_linear=0
shrinkage=0.05


Tree=64
num_leaves=63
num_cat=0
split_feature=106 159 167 143 184 95 113 143 8 180 72 94 140 147 63 68 76 94 17 92 149 68 69 8 8 6 130 72 135 94 64 4 64 86 152 147 3 152 76 78 152 149 86 147 187 23 143 68 152 72 3 13 37 11 97 152 95 43 92 27 115 152
split_gain=9.55143 8.73954 6.90103 6.50049 8.82659 8.91145 5.76587 5.685 4.88128 4.71196 8.51445 5.41171 4.59232 6.27678 4.99201 4.0387 3.74526 3.71789 7.11707 6.6525 3.87816 3.64418 5.19027 3.57857 6.69524 4.46982 4.11824 6.78204 4.35192 6.50318 4.29485 4.01618 3.99774 3.9482 4.54248 3.69932 3.62936 3.47564 5.16335 3.47002 3.45688 6.25439 3.9205 3.65384 3.38875 4.29541 4.00942 5.38432 3.47037 3.36114 3.27477 4.16774 3.78578 4.38554 3.45938 3.19523 3.05508 3.00968 7.56585 6.79435 5.2607 3.85639
threshold=0.9574275314807893 22.830001831054691 1.0000000180025095e-35 -0.62772002816200245 1.0000000180025095e-35 0.49489742517471319 1.0000000180025095e-35 1.6265276670455935 0.73215404152870189 1.0000000180025095e-35 -0.56174489110708226 8538.5000000000018 0.14397359639406207 0.71547618508338939 -0.67506214976310719 0.8116036355495454 5070.4541015625009 71.500000000000014 0.38872350752353674 0.51925924420356762 -1.0000000180025095e-35 -0.92738986015319813 6.332134723663331 4.0508365631103525 2.2088068723678593 22.223892211914066 645.50000000000011 1.0000000180025095e-35 199.50000000000003 8961.0000000000018 0.34449048340320593 1.3021739125251772 0.60897812247276317 14.500000000000002 0.83809745311737072 0.89749842882156383 0.43383644521236425 0.93223407864570629 39994.652343750007 0.0079998895525932329 0.70523339509964 -1.0000000180025095e-35 12.500000000000002 0.72804316878318798 1.5000000000000002 0.19958990812301639 -0.28476154804229731 0.3562231063842774 1.059867858886719 -1.0000000180025095e-35 0.87225034832954418 0.89580857753753673 0.90299502015113842 0.72782638669013988 14.500000000000002 0.42458239197731024 0.44171684980392462 0.8121946156024934 0.54226192831993114 0.37313504517078405 1.3304415941238406 0.93490886688232433
decision_type=2 2 2 2 2 2 2 2 2 2 2 2 2 2 2 2 2 2 2 2 2 2 2 2 2 2 2 2 2 2 2 2 2 2 2 2 2 2 2 2 2 2 2 2 2 2 2 2 2 2 2 2 2 2 2 2 2 2 2 2 2 2
left_child=1 3 6 4 9 16 21 8 40 57 -11 39 -10 14 -14 49 -6 18 19 -9 -20 -3 -23 24 26 -25 28 31 29 33 -31 -28 35 34 36 -30 -19 38 -7 -12 43 -42 44 -5 45 48 47 -47 -43 -16 -2 52 54 -54 -52 -21 -37 -1 59 61 -60 -59
right_child=50 2 -4 7 5 37 -8 17 12 10 11 -13 13 -15 15 -17 -18 23 20 55 -22 22 -24 25 -26 -27 27 -29 32 30 -32 -33 -34 -35 -36 56 -38 -39 -40 -41 41 42 -44 -45 -46 46 -48 -49 -50 -51 51 -53 53 -55 -56 -57 -58 58 60 -61 -62 -63
leaf_value=0.00099628592525080389 -0.003851498175347778 -0.024657086243656062 0.036342368733275815 0.0029579326039391061 -0.00081940555715050991 -0.010513966192607971 0.030459787331125466 0.0023533172209155052 -0.00017656286441891495 -0.018626846020953266 0.052869358496648311 -0.0013181486374951451 -0.00017656286441891495 0.0033199334278313942 0.059399049542016261 -0.00017656286441891495 0.040635239149060795 0.046952160715358383 -0.00085770389604487504 -0.011366836046997312 -0.014970064759670257 0.014540941578498869 -0.017205246699996523 -0.011643936423221668 0.028099229722471142 0.016798732017100994 0.018897505834774654 -0.016525826509378942 -0.013060545078604156 0.016345493532139762 -0.013281948812812217 -0.0054449693825685923 0.0099252893737074403 -0.0095864266880429858 0.0052526046269928996 0.021297233087277229 0.0071970880476305114 0.024270731518616598 0.016135376620694003 -0.0021901738340334392 -0.0049737109666655923 0.00048489828235126378 -0.010373808917954384 -0.0070695442817326273 -0.0088975684064012944 -0.0076124541261137352 0.025441449682439578 0.029232290925650408 0.016412479287180867 0.0063291268428177019 0.00030954410572628485 -0.010436078119658854 -0.010567990198667459 0.011083328902350836 0.017467841970411759 0.031756490278536942 -0.0065084974520094527 0.045578698173423887 -0.00723729090168367 0.0049261246801923239 0.015344468951241122 0.0067261688148806224
leaf_weight=1016.8136510875593 1540.0980293370958 8.337311876122838 24.611414848128334 101.000557581865 4.7647024752732241 39.183471993397688 13.769006346905369 105.42428489005397 3099.1777275765889 6.2183872322712004 14.591008618408528 6.5019222388073095 11.44248275439895 430.45371717317903 10.223490331482028 3.7855432441865551 33.281474654198973 29.697012070406345 175.21947560818444 1.4681150190153882 65.200928270143777 35.296699728569365 13.656341603957115 47.051217598585936 35.093700297184114 13.525919952422553 32.97409964282997 42.866999002668308 44.639004725409904 18.354767377888493 20.533488809080154 25.199252431513742 119.95767662445724 3.6544337677041758 17.867326018327731 15.098387463862311 11.258248703365096 15.200677333778001 25.824081855935219 1.9038633499876585 407.27022487263821 201.64901161791204 37.976917771506123 574.78916966866382 31.284841301785491 28.944637234937545 47.849594143306604 8.8547055443268601 37.215767751353269 6.7889148434333064 52.744955386704532 47.495764138679078 57.391528632608242 31.909442536158167 71.88636662166391 29.50474349164142 14.026954953966195 21.711788093911309 83.639605427935749 48.161105047041929 31.266332009407051 13.20410552789326
leaf_count=84338 234060 166 229 7276 342 2138 254 5847 221116 257 364 284 482 27289 440 164 1722 562 14511 93 3923 827 255 1256 778 361 872 974 1436 410 410 628 2439 74 349 601 263 760 1081 55 57475 14099 4118 55443 4569 2372 3547 739 2291 313 4884 4674 4814 2732 6091 1886 607 1323 9543 4917 2032 1302
internal_value=0.000285918 0.00108687 0.015734 0.000879991 0.00398752 0.0168 0.00634775 0.000156381 -0.000484347 0.00268718 0.0210877 0.0341283 0.000512312 0.00513249 0.0249663 0.0371954 0.0353708 0.00388326 6.9676e-05 0.0090673 -0.00501379 -0.00102575 0.00444766 0.00672481 0.00833463 -0.00411529 0.0061929 -0.00224311 0.00915401 0.0174011 0.000401262 0.00836083 0.00438367 0.0267982 0.0300242 -0.00436885 0.0385399 0.00613908 0.000111626 0.04632 -0.0028986 -0.000632659 0.00380054 -0.00552344 0.00550555 0.0070839 0.01645 0.00284123 0.0033546 0.0456049 -0.00296877 0.00211235 0.00518717 -0.00238888 0.0106912 0.0277217 0.0081817 0.00213954 0.00771881 0.0187542 -0.000500584 0.0341952
internal_weight=9166.79 7365.26 95.6708 7269.59 1362.27 118.254 71.0594 5907.32 5038.71 1244.01 29.2152 22.9968 3561.87 462.694 32.2404 20.7979 38.0462 868.616 376.818 136.397 240.42 57.2904 48.953 491.798 431.221 60.5771 396.128 101.04 295.087 101.365 38.8883 58.1734 193.722 62.477 58.8226 73.7643 40.9553 80.2082 65.0076 16.4949 1476.84 801.046 393.775 675.79 355.799 324.514 85.6489 37.7993 238.865 17.0124 1801.53 261.428 213.932 89.301 124.631 30.9729 29.1253 1214.8 197.983 83.077 114.906 34.9159
internal_count=809457 552202 1731 550471 110458 6043 1502 440013 401733 104415 960 703 249804 28688 1399 917 2064 38280 26260 7826 18434 1248 1082 12020 10403 1617 9625 2474 7151 2068 820 1500 5083 1248 1174 2644 825 3979 3219 419 151929 89210 31735 62719 27617 23048 6658 3111 16390 753 257255 23195 18521 7546 10975 1979 1208 103455 19117 7542 11575 2625
is_linear=0
shrinkage=0.05


Tree=65
num_leaves=63
num_cat=0
split_feature=164 15 135 86 189 147 143 77 183 143 77 133 143 133 95 147 6 9 86 10 163 47 64 11 134 11 159 147 11 8 143 41 143 134 86 23 64 95 31 16 75 8 10 95 15 152 35 19 159 7 29 159 23 31 31 64 77 135 87 147 147 11
split_gain=10.5836 8.15429 11.006 11.7273 7.12338 6.95761 5.55992 4.77542 4.4565 4.13016 3.86972 3.77553 4.72544 3.97852 3.72041 3.49716 4.63007 3.57025 3.34774 4.26448 3.28488 8.57333 4.22812 3.55052 4.9669 3.72955 3.68765 3.52341 3.45544 3.37985 4.58783 4.65389 4.11679 5.58154 5.15157 4.74534 4.15036 3.80528 7.5344 4.01085 4.56527 3.79908 5.78732 4.03054 3.65954 3.51414 3.46787 4.32489 3.61247 5.44083 8.24131 5.87449 5.04852 4.60558 4.96936 4.9391 4.45358 4.30071 3.60245 3.44906 3.69758 4.14282
threshold=1.0000000180025095e-35 0.44535610079765325 -1.0000000180025095e-35 1.0000000180025095e-35 -1.0000000180025095e-35 0.93342199921607982 -0.10112361237406729 12.462070465087892 1.0000000180025095e-35 -0.44211450219154352 9.7008223533630389 608.50000000000011 -0.060736482962965958 636.50000000000011 0.92197915911674511 0.79087123274803173 0.16498474031686786 0.53633889555931102 1.5000000000000002 2.298815250396729 2.5000000000000004 0.40336947143077856 0.10429257526993753 0.14004041254520419 273.50000000000006 0.72086241841316234 7.7569634914398202 0.90021643042564403 0.30543702840805059 4.2563600540161142 4.4966177940368661 0.27893319725990301 -0.62772002816200245 361.50000000000006 3.5000000000000004 0.19885516166687014 0.46202930808067327 0.54332983493804943 0.37611520290374761 72.455696105957045 -1.0000000180025095e-35 2.5174319744110112 3.50925624370575 0.50015383958816539 0.032424582168459899 1.1042197942733767 0.94340845942497265 0.39575690031051641 7.2986564636230478 0.40822157263755804 0.24423335492610934 1.1301069855690005 0.71665611863136303 0.28125968575477606 0.22709877789020541 0.50822317600250255 9.140937805175783 213.50000000000003 3.5000000000000004 0.6900656819343568 0.57417583465576183 0.26870259642601019
decision_type=2 2 2 2 2 2 2 2 2 2 2 2 2 2 2 2 2 2 2 2 2 2 2 2 2 2 2 2 2 2 2 2 2 2 2 2 2 2 2 2 2 2 2 2 2 2 2 2 2 2 2 2 2 2 2 2 2 2 2 2 2 2
left_child=1 2 3 7 8 11 9 -1 -3 -5 -8 20 14 -14 -13 16 -6 -17 19 -15 29 -22 28 -24 -25 26 27 -26 -23 30 32 -32 33 34 36 -34 -4 38 39 40 -38 43 45 -35 -45 -43 47 48 49 50 51 -31 56 54 -50 57 -51 -56 -49 60 -37 -62
right_child=-2 4 5 6 15 -7 10 -9 -10 -11 -12 12 13 18 -16 17 -18 -19 -20 -21 21 22 23 24 25 -27 -28 -29 -30 46 31 -33 35 41 -36 59 37 -39 -40 -41 -42 42 -44 44 -46 -47 -48 58 53 52 -52 -53 -54 -55 55 -57 -58 -59 -60 -61 61 -63
leaf_value=0.067724602240217716 0.035693540777650537 -0.010218566023874366 0.006295245814740189 0.013548272339534165 0.022213484217822856 -0.0036151322186130093 -0.00018481659852748756 0 -0.0031137525714470607 -0.013294114857124737 0.03643785351635468 -0.0002349926973747771 0.028744775825541764 0.039710219514521299 0.020210391087959776 -0.0031137525714470607 0.00028147582193752363 0.00027388447370374133 0 -0.0081879589912027522 -0.0093003334512529578 0.02387011217823562 -0.001435082353192443 -0.001994738003390114 0.070529800785533378 -0.0044282871857736243 0 -0.00031466240281276714 -0.0057687738242833513 -0.00072518310624234035 -0.0010702545731130235 0.015197179999769462 -0.0044383937883852058 -0.004949607340606052 -0.0011881639650637482 -0.00044811113046379315 0.054927060268190643 0.010275577768411363 -0.004505918400011172 -0.0064632167089368094 -0.00040833142321220574 0.029588425128270743 -0.0051278687578014846 -0.0026095692729458928 0.016292960796569094 -0.0094512693266709889 0.011063970058463079 -0.0062745074639959852 -0.013562648101260727 0.0083844780130399969 -0.0025350288271487826 0.04377650000835271 0.015347967789783815 -0.018480527407560308 0.031321852717302978 -0.0085855677989813643 -0.015668121673132054 -0.0033121175164221696 0.016598076546894314 0.00087845255296022161 0.024841477622713257 -0.00052060620592064225
leaf_weight=9.5885911936638859 15.654177034681195 283.14972829988619 66.682716820610949 20.098631106870013 34.236257797630969 677.35454149382349 8.6531548820203188 3.4657541889755512 1074.0684273898696 27.918307061278032 17.106482843315462 162.85634199708875 35.148273301056179 8.7460074572445574 20.35997197436518 738.47422603725136 68.768994852900505 2470.2486789127943 49.617350724503922 3.6909579713392295 29.146488865459105 11.564211699602312 3.7407534186277216 3.6661607175919952 12.396574078207779 1.1258309579425247 1.7996766343276238 1.1304491489863711 18.443225407267164 8.2121746843040437 62.755394976396929 119.5302644452313 408.69054862780467 202.94317963993672 51.357789652749489 47.165220430892077 25.924015058946686 38.439051801397 7.5905132351981583 1.5509269408576063 3.144341056875418 31.079552333572792 23.981934482460929 43.475180290231947 48.055500721413409 3.3522721849003565 44.370061889996578 460.26850324199768 25.684181384276599 24.829703216310008 24.263224767448264 24.794932364558917 31.881121848149633 33.813571865393897 24.155668433566461 16.185623248238699 47.835200079425704 9.9038880802399927 12.620930523502464 1321.698079535101 45.278978721049498 20.607881290328805
leaf_count=123 301 61383 3932 501 1685 56010 186 45 243133 843 288 9467 1279 212 1050 51665 3593 182641 1815 106 1535 570 148 168 594 54 91 64 1008 879 1597 3034 25951 13466 3121 1737 1327 1501 400 96 177 1851 1445 1232 2342 258 2561 20396 1153 1691 1627 1269 2143 1755 1109 781 3282 639 497 82664 1889 1098
internal_value=-5.3456e-05 -0.000136726 0.00138091 0.0185304 -0.00160138 0.0010164 0.00863725 0.0551807 -0.00464641 -0.00136893 0.0252925 0.00186889 0.00741858 0.0160887 0.00238072 -0.000340795 0.00849346 -0.000644941 0.00693854 0.0257898 0.00139982 0.0109723 0.0222244 0.0363185 0.0432218 0.0525794 0.0580561 0.0647728 0.00671717 0.0011401 0.00202153 0.00958425 0.00141573 0.00520381 0.0119026 0.000265963 0.0166437 0.0244036 0.0352042 0.0450009 0.0490261 0.00132353 0.0124576 -0.000972723 0.00738555 0.0244371 -0.00169843 -0.00256118 0.00237701 0.00709692 0.0187979 0.0334079 0 -0.00437063 0.00235757 0.0114391 -0.00711675 0.0214761 -0.00544448 0.00163413 0.00984563 0.0170789
internal_weight=9174.34 9158.69 4489.74 86.8309 4668.95 4402.91 73.7766 13.0543 1357.22 48.0169 25.7596 3725.55 280.419 97.2026 183.216 3311.73 103.005 3208.72 62.0543 12.437 3445.14 83.0134 53.8669 23.8594 20.1187 16.4525 15.3267 13.527 30.0074 3362.12 2573.3 182.286 2391.02 547.577 194.689 1843.44 143.332 76.6488 38.2098 30.6193 29.0684 352.888 58.4138 294.474 91.5307 34.4318 788.819 744.449 271.559 161.816 57.2703 33.0071 104.546 109.743 75.9294 50.2452 72.6649 34.0596 472.889 1434.75 113.052 65.8869
internal_count=809458 809157 265057 1986 544100 263071 1818 168 304516 1344 474 207061 13929 3412 10517 239584 5278 234306 2133 318 193132 4232 2697 1119 971 803 749 658 1578 188900 149118 4631 144487 31148 10554 113339 7433 3501 2000 1600 1504 20594 3554 17040 3574 2109 39782 37221 16328 10891 3775 2148 7116 5437 3682 2529 4973 1748 20893 87388 4724 2987
is_linear=0
shrinkage=0.05


Tree=66
num_leaves=63
num_cat=0
split_feature=189 186 190 110 95 135 159 34 95 141 152 22 29 24 77 104 186 94 134 18 29 53 68 15 78 135 77 140 68 85 3 68 150 86 150 186 68 64 66 159 41 141 168 134 143 23 3 131 6 131 78 55 16 143 29 5 64 72 54 29 16 152
split_gain=9.94041 24.2639 18.3344 14.8115 9.91403 9.35931 6.58321 6.16442 4.39882 4.51745 3.93923 5.53154 4.18531 4.73013 3.39501 3.01119 4.53593 3.53566 2.63417 2.76499 2.49007 3.14634 2.35023 2.4611 2.26718 2.16352 3.80578 3.57892 2.90918 3.15472 2.3724 2.4347 2.47049 2.14822 1.96667 1.89834 1.75543 1.7406 1.72295 1.66679 1.62967 1.62109 1.54911 1.91664 1.51434 1.45318 1.36354 1.34436 1.32097 1.31289 1.26384 1.23932 1.66008 1.58783 1.49384 1.43496 1.19866 1.16561 1.96197 1.15635 1.07331 1.04127
threshold=0.17000000178813937 1.5000000000000002 1.5000000000000002 3.5000000000000004 0.49183660745620733 7.1900000572204599 18.766611099243168 194.82402801513675 0.69716906547546398 0.12229382991790773 0.52867648005485546 2.0540039539337163 0.48241358995437628 1.3508410453796389 10.203163623809816 9344.7963867187518 -1.0000000180025095e-35 23967.000000000004 1464.5000000000002 4.3572750091552743 0.26294958591461187 1.5000000000000002 -0.81678667664527882 0.80970126390457164 0.071295313537120833 216.50000000000003 10.988758563995363 0.13167826086282733 -0.76550087332725514 21.500000000000004 0.88640317320823681 0.99625182151794445 2.5000000000000004 1.0000000180025095e-35 2.5000000000000004 1.5000000000000002 0.96373528242111217 0.78424230217933666 0.95617201924324047 3.3018273115158085 0.69079068303108226 0.10513471812009813 1.0000000180025095e-35 1099.5000000000002 26.645868301391605 0.41774155199527746 0.84811174869537365 1208.5000000000002 0.44227245450019842 290.50000000000006 0.11051652207970621 6.5000000000000009 12.020066738128664 5.8994288444519052 0.92539575695991527 0.17983883619308474 0.99351742863655101 0.81174489855766307 4.5000000000000009 0.24733351171016696 9.2426338195800799 0.65849456191062938
decision_type=2 2 2 2 2 2 2 2 2 2 2 2 2 2 2 2 2 2 2 2 2 2 2 2 2 2 2 2 2 2 2 2 2 2 2 2 2 2 2 2 2 2 2 2 2 2 2 2 2 2 2 2 2 2 2 2 2 2 2 2 2 2
left_child=7 2 -2 10 6 14 42 8 9 36 39 12 18 40 22 16 -11 35 19 37 49 47 -6 33 57 -7 27 -27 -29 30 31 32 44 -24 -35 -18 -1 41 51 -3 -14 -12 -5 -44 56 -9 -21 -22 -39 -8 -43 -15 53 54 55 -53 -30 -13 -59 -38 -42 -48
right_child=1 3 -4 4 5 25 20 45 -10 15 11 24 13 38 -16 -17 17 -19 -20 46 21 -23 23 -25 -26 26 -28 28 29 -31 -32 -33 -34 34 -36 -37 59 48 -40 -41 60 50 43 -45 -46 -47 61 -49 -50 -51 -52 52 -54 -55 -56 -57 -58 58 -60 -61 -62 -63
leaf_value=-0.0046718429654621866 0.10034678401712774 0.020139040491144247 0.0041689584453863731 -0.00058543724483150843 0.0038275684322532722 0.0038275684322532722 0 -0.00058543724483150843 0.0038275684322532722 0.0032807431362869583 0.0038275684322532722 0.0038275684322532722 0.0038275684322532722 0.0038275684322532722 0.0045753888551734933 -0.0046718429654621866 -0.0046718429654621866 -0.0046718429654621866 0.0038275684322532722 0.0038275684322532722 -0.00058543724483150843 0.02264435439351516 0.0038275684322532722 0.0038275684322532722 0.029181078330360957 0.0038275684322532722 0.0038275684322532722 0.0038275684322532722 0.048245689576860144 0.0038275684322532722 0.0038275684322532722 0.0038275684322532722 0.0038275684322532722 0.051436098662933506 0.0038275684322532722 -0.00058543724483150843 -0.0046718429654621866 0.020385513975987452 0.0038275684322532722 0.0038275684322532722 0.026808338610480625 0.04088041119068974 0.0034506044893050578 0.026378165699838859 0.0038275684322532722 -0.0075121228571580576 0.0038275684322532722 0.016562227716421126 0.0038275684322532722 0.033858598379969816 0.0038275684322532722 0.0038275684322532722 0.0038275684322532722 0.0038275684322532722 0.0038275684322532722 0.045914879767024866 0.0038275684322532722 0.029683787401573448 0.0038275684322532722 -0.016553838185425381 0.0038275684322532722 0.028189294333458337
leaf_weight=616.21313138429105 6.3390134085784675 15.59774326077604 10.64013190130936 1032.9657857922139 8.3018236691277689 112.59946599479008 4.3807874645281144 31.570345873482438 607.86467786383582 1044.4301723160752 1.579610301501815 72.536738625902217 64.456163451701286 1.4868963821500347 18.242835729994113 493.50527245824196 225.1797917666845 151.47026521886437 4.6158651925506993 5.8105902340466837 26.238854916053242 14.726223754711098 2.5093596066290074 3.7437538813974234 4.2292883883783352 7.358166255435207 25.861257735727122 16.514463762199739 27.507765975839011 4.4050774928036835 5.4909339455189174 1.4105773251503695 4.9449438804731463 23.067194326809844 4.1812833601725279 3782.9874638745096 9.0016370745033765 9.3950115721090643 3.7200547523680134 37.365196916915011 7.4267364729021192 51.423091274147737 31.50377223448595 11.672738291264976 1.3720180733362202 391.99533513981442 1.1795009821653364 6.5646207506215424 5.1378572629182608 15.197814954153726 4.357143018001806 0.99427531971015426 3.0172437895525936 2.2974135993863447 1.4186198351235351 18.024756542989053 1.4457606132200442 7.6144123639824084 5.688729937406606 48.106758688787522 1.6095290641969766 4.7488250589231029
leaf_count=67572 84 611 291 50130 152 3158 44 7344 34461 90543 57 2751 3309 64 314 117334 14901 13288 144 253 269 208 31 79 156 235 605 488 842 233 170 47 153 363 72 302878 1038 298 174 1286 316 1643 1519 585 14 81071 45 62 171 125 145 49 146 66 84 825 42 240 232 5249 77 219
internal_value=0.000216166 0.00358449 0.0558728 0.00290439 0.000625861 0.00932285 -0.000585437 -0.000585437 -0.000585437 -0.000605229 0.0122655 0.0146956 0.0194229 0.0113586 0.0259848 -0.000585437 -0.000585437 -0.000585437 0.0275789 0.0296437 0.0148813 0.00664721 0.0333067 0.038697 0.00382928 0.00392147 0.0110553 0.0177805 0.0224122 0.0283657 0.0325162 0.0366411 0.0393615 0.0428889 0.0463954 -0.000585437 -0.00467184 0.0331799 0.0263852 0.00382757 0.00382757 0.0373558 -0.000585437 0.0122623 0.0440983 -0.0065881 0.00382757 -0.000585437 0.0100747 0.0284347 0.0387297 0.0302379 0.032605 0.0365049 0.0401648 0.0432192 0.0462331 0.00382757 0.0179424 -0.0133998 0.0207038 0.0212069
internal_weight=9167.24 1764.92 16.9791 1747.94 1412.21 268.957 1143.25 7402.32 6978.76 6370.89 335.731 282.768 192.699 104.452 60.0463 5697.57 5204.07 4159.64 88.2475 83.6316 67.1083 47.5297 41.8034 33.5016 90.0692 208.91 96.311 70.4497 63.0915 46.5771 42.172 36.6811 35.2705 29.7578 27.2485 4008.17 673.322 71.8927 30.9593 52.9629 73.4924 57.3598 1076.14 43.1765 30.3255 423.566 11.7389 32.8035 14.5329 19.5786 55.7802 27.2392 25.7523 22.7351 20.4377 19.019 28.9535 85.8399 13.3031 57.1084 9.03627 5.92833
internal_count=809355 73676 375 73301 59940 6998 52942 735679 647264 612803 13361 11464 8085 5110 1011 538944 421610 331067 2975 2831 708 539 697 545 3379 5987 2829 2224 1989 1501 1268 1098 1051 466 435 317779 73859 2314 1408 1897 3702 1845 52234 2104 898 88415 517 331 469 169 1788 1234 1170 1024 958 874 884 3223 472 6287 393 264
is_linear=0
shrinkage=0.05


Tree=67
num_leaves=63
num_cat=0
split_feature=164 147 79 141 170 29 152 139 31 141 159 68 142 142 45 9 24 94 94 74 95 148 142 95 176 142 64 11 6 148 4 9 79 94 69 132 9 94 66 136 189 3 69 67 29 147 142 24 67 66 75 142 187 189 147 5 67 94 132 68 147 15
split_gain=12.2775 7.80187 6.83899 5.94402 4.50631 5.27209 5.79524 8.14563 4.94112 4.63715 4.6522 4.59401 4.21823 3.81411 5.93331 3.81246 3.74873 3.70294 4.41462 3.52032 3.48101 3.41008 4.79807 3.64793 4.35112 3.39264 4.44709 3.39355 3.32903 3.82587 4.23122 3.09917 3.08008 4.08877 4.17317 2.89171 3.50833 4.23193 3.6899 2.88401 2.88238 4.95751 4.31099 5.15626 3.10997 2.84808 2.82365 2.85107 2.78898 2.77603 2.74996 2.72938 2.72321 2.85267 3.33795 2.72033 2.65108 2.55479 2.55441 2.52736 2.77964 2.48244
threshold=1.0000000180025095e-35 0.95764091610908519 -3.8837195634841915 0.13124834746122363 1.0000000180025095e-35 0.41271741688251501 0.87482970952987682 0.18288024514913562 0.34514273703098303 0.1596280708909035 13.198024272918703 0.99625182151794445 13.826690196990969 65.195487976074233 0.22744696587324145 0.80852487683296215 0.78910630941391002 134.50000000000003 19616.500000000004 1.0000000180025095e-35 0.091166675090789809 1.0000000180025095e-35 31.629706382751468 0.42867828905582434 1.0000000180025095e-35 0.17264039069414142 0.2632614672183991 0.50701642036437999 17.29433631896973 1.0000000180025095e-35 15.357142925262453 0.71838098764419567 0.94624868035316478 4753.5000000000009 7.0203301906585702 309.50000000000006 0.10419264435768129 8757.5000000000018 -0.91806456446647633 1.5000000000000002 1.0000000180025095e-35 0.43437770009040838 4.1169471740722665 -0.73062825202941883 0.90515506267547619 0.87812694907188427 7.1372411251068124 0.90259030461311351 0.73654940724372875 0.98406720161437999 0.26666667312383657 31.629706382751468 3.5000000000000004 -1.0000000180025095e-35 0.97268334031105053 0.11294294521212579 -0.9683828055858611 15957.500000000002 630.50000000000011 0.99507001042366039 0.71547618508338939 0.10886927694082262
decision_type=2 2 2 2 2 2 2 2 2 2 2 2 2 2 2 2 2 2 2 2 2 2 2 2 2 2 2 2 2 2 2 2 2 2 2 2 2 2 2 2 2 2 2 2 2 2 2 2 2 2 2 2 2 2 2 2 2 2 2 2 2 2
left_child=1 2 -1 -4 5 6 21 8 9 10 11 31 32 50 -15 28 -10 -14 19 20 -19 22 25 24 -23 26 -5 -28 -7 30 46 61 56 34 59 36 37 -35 -39 -26 -17 42 43 -42 49 51 47 57 -12 -45 -3 -25 53 -52 -55 -40 -6 -30 -44 60 -34 -8
right_child=-2 13 3 4 12 15 7 -9 16 -11 48 -13 17 14 -16 40 -18 18 -20 -21 -22 23 -24 45 39 -27 27 -29 29 -31 -32 -33 33 35 -36 -37 -38 38 55 -41 41 -43 58 44 -46 -47 -48 -49 -50 -51 52 -53 -54 54 -56 -57 -58 -59 -60 -61 -62 -63
leaf_value=-0.0043525963302007498 0.038633994948448019 -0.0047015187916151094 -0.0013393732466931041 -0.0013393732466931041 0.01688766859955837 -0.0013393732466931041 0.0076015784407717077 0.017635755552319613 -0.0013393732466931041 0.017635755552319613 0.017635755552319613 0.017635755552319613 -0.0013393732466931041 0.036511523550501981 -0.0065444415907161772 0.00096686598073466581 0.016006039579624223 -0.00018914661645305704 -0.0013393732466931041 -0.0013393732466931041 0.035024664491319545 -0.00026515864508153743 0.014614743133290302 0.019185661857693024 0.035632242773418012 -0.0013393732466931041 0.0073422541621166269 0.032740548780941035 0.053525259134423769 -0.0013393732466931041 0.00055320315763326099 0.017635755552319613 0.037015157997073729 -0.0013393732466931041 0.00051554553991346014 -0.0013393732466931041 0.0027369197055662842 -0.0013393732466931041 0 -0.0013393732466931041 0.00096686598073466581 0.00096686598073466581 0.00096686598073466581 0.038857433068631819 0.00096686598073466581 -0.0013393732466931041 -0.0013393732466931041 0 -0.0013393732466931041 0.00096686598073466581 -0.0053678214488566038 -0.0013393732466931041 -0.0064487959971986407 -3.9210861998128271e-05 0.010877782263754663 0.053694889376777868 -0.0013393732466931041 -0.0001655245770658953 0.025577271680482485 -0.0013393732466931041 0.01354475917497213 -0.0013393732466931041
leaf_weight=576.19285612267777 15.805448763654566 1092.7879053704964 1633.3681760018408 90.988430105029693 15.427339965477584 1880.8458788848038 72.98301350561087 134.47100011427392 13.780614940918893 39.524546209784603 20.99131983458938 14.037644530813848 7.9227934362716033 10.426529624135584 12.389561701656929 285.90434266882221 119.50446378898414 6.483933024617726 12.450992235986631 5.5459012521605464 44.47811171982903 202.95944484409119 48.620000833943777 84.838545823527966 9.7044283688373962 922.61939613383947 67.001197036126541 14.85748935388983 11.369698163562136 27.344846646490623 19.568384534155484 15.5626657767134 23.998862902779365 4.7931606998899978 39.729014915006701 102.32305867396644 65.50614407507237 2.214607668109239 2.2663277853716837 4.0846705070653107 9.458127874589989 68.063878745058901 26.753052595217014 38.369417363326647 3.1358919012855031 20.08138640193647 2.5340848083287701 3.0097218292503376 6.4156410876894361 3.8217795134696635 90.304133702717081 6.9346463687543283 123.15036226010488 156.9492769989447 115.14969093860418 9.7342410504643322 183.65487330376345 1.469782234635203 5.4789901539188568 4.2634265305969157 51.48563853892847 442.38693038445126
leaf_count=131985 305 127412 125927 9314 619 133789 4005 6452 1703 2981 773 1260 69 290 882 24911 8862 61 163 61 423 25439 1271 3376 300 62002 5624 1116 619 1314 904 1013 411 102 1219 3572 2426 42 53 719 493 3765 1444 2184 205 1270 99 236 220 213 16451 60 15353 11999 8927 240 6871 104 301 121 1759 42623
internal_value=0.000262812 0.000172563 0.000849354 0.00128672 0.00209792 0.00157698 0.00325445 0.00646128 0.00430739 0.0023074 0.00104233 -1.17583e-05 0.00624602 -0.00298801 0.0152588 -6.89487e-05 0.012893 0.0169339 0.0209289 0.026534 0.0304811 0.00130666 0 0.0057548 0.00173782 -0.000702081 0.00572302 0.0138592 -0.00103238 0.00962343 0.0191825 -0.000953734 0.00442122 0.00753123 0.0146105 0.00261115 0.00938702 0.0259204 0.0371704 0.0247751 0.00409068 0.00948343 0.0171037 0.0250888 0.0317319 0.0129174 0.0335852 0.0400151 0.0176358 0.0352191 -0.00331492 0.0165434 -0.000127161 0.00201151 0.00460345 0.0458122 -0.000308724 0.0476539 0.0013133 0.0208926 0.0231533 -0.00133937
internal_weight=9148.28 9132.47 7531.31 6955.12 5321.75 4739.48 2352.35 879.658 745.187 611.902 572.377 544.97 582.278 1601.16 22.8161 2387.13 133.285 76.8817 68.9589 56.5079 50.962 1472.69 1144.09 328.603 216.749 1095.47 172.847 81.8587 1946.14 65.2965 37.9517 530.933 505.397 306.314 119.477 186.838 84.5145 19.0083 14.2152 13.7891 440.985 155.081 87.0173 54.7852 45.3271 111.855 18.3833 15.8492 27.407 42.1912 1578.34 91.7732 485.553 362.403 272.099 12.0006 199.082 12.8395 32.232 79.7479 75.4845 515.37
internal_count=808707 808402 627088 495103 369176 350964 180383 69892 63440 52875 49894 48901 18212 181314 1172 170581 10565 777 708 545 484 110491 79327 31164 26458 78056 16054 6740 137065 3276 1962 47641 17435 9945 3510 6435 2863 437 335 1019 33516 8605 4840 3095 2602 4706 1058 959 993 2397 180142 3436 52730 37377 20926 293 7490 723 1745 2291 2170 46628
is_linear=0
shrinkage=0.05


Tree=68
num_leaves=63
num_cat=0
split_feature=164 189 18 143 130 132 136 79 182 72 47 101 10 7 47 86 79 6 21 179 76 7 86 134 85 9 152 43 40 23 110 110 40 64 8 100 67 19 47 64 7 37 175 94 67 24 11 135 144 134 76 68 64 67 147 85 132 17 67 146 65 168
split_gain=9.48008 6.71733 12.6422 5.52251 4.68935 4.31566 6.25107 10.2329 6.61821 5.62102 3.97408 3.84733 3.81457 3.77687 3.93633 3.62843 4.20967 3.30049 3.30901 3.20637 3.14759 3.16447 2.70314 2.6087 2.53009 2.37746 2.31684 2.19129 5.35528 3.4976 3.38227 4.7027 3.13679 2.30048 3.05776 2.46392 2.40328 2.03249 1.99765 1.99626 1.98841 1.9952 1.84025 2.79817 1.80426 1.76057 1.65413 1.70175 1.70827 1.55816 1.44632 2.82658 3.47037 3.26658 1.926 1.364 1.58388 1.20969 1.18762 1.12319 1.64138 1.11149
threshold=1.0000000180025095e-35 -1.0000000180025095e-35 -1.0000000180025095e-35 26.645868301391605 842.50000000000011 38.500000000000007 1.0000000180025095e-35 -1.658037483692169 1.0000000180025095e-35 -0.56174489110708226 0.43557503819465643 419.37730407714849 1.7389288544654848 0.19368415325880053 0.71504375338554393 2.5000000000000004 3.8166400194168095 29.991112709045414 0.72627231478691112 1.0000000180025095e-35 7889.8103027343759 0.19638918340206149 14.500000000000002 438.50000000000006 9.5000000000000018 0.71521607041358959 1.3024647235870364 0.94541773200035106 2.3423005342483525 0.93670830130577099 3.5000000000000004 1.5000000000000002 3.8640552759170537 0.67405375838279735 2.9686650037765507 0.56937143206596386 -0.97497430443763722 0.39369469881057745 0.95442122220993053 -0.97674593329429615 0.1292979642748833 0.37248617410659796 1.0000000180025095e-35 1.0000000180025095e-35 -0.91392827033996571 1.6784465909004214 0.78217110037803661 8.2950000762939471 0.17860417068004611 1234.5000000000002 59199.904296875007 0.65751442313194286 -0.8438722789287566 0.96924197673797619 0.90926244854927074 2.5000000000000004 660.39999389648449 0.38934676349163061 -0.93473312258720387 1.0000000180025095e-35 -0.91980379819869984 1.0000000180025095e-35
decision_type=2 2 2 2 2 2 2 2 2 2 2 2 2 2 2 2 2 2 2 2 2 2 2 2 2 2 2 2 2 2 2 2 2 2 2 2 2 2 2 2 2 2 2 2 2 2 2 2 2 2 2 2 2 2 2 2 2 2 2 2 2 2
left_child=1 2 19 5 13 6 7 10 9 12 -3 42 37 -5 17 16 20 18 44 22 -11 -22 -1 24 -12 50 -13 61 -29 30 31 45 -33 39 -35 36 -36 -9 -34 -32 -39 -42 43 -4 -15 -30 47 -27 -49 58 -8 52 -52 54 -54 -2 -57 -24 -43 60 -50 -7
right_child=55 3 11 4 -6 27 25 8 -10 15 23 26 -14 14 -16 -17 -18 -19 -20 -21 21 -23 57 -25 -26 46 -28 28 29 -31 33 32 38 34 35 -37 -38 40 -40 -41 41 49 -44 -45 -46 -47 -48 48 59 -51 51 -53 53 -55 -56 56 -58 -59 -60 -61 -62 -63
leaf_value=0.00089227739475818049 0 0.0039818021877298512 0.00089227739475818049 0.00089227739475818049 0.00089227739475818049 0.00089227739475818049 0.00089227739475818049 0.00089227739475818049 0.00089227739475818049 0.00089227739475818049 0.026854481287443735 -0.0047308621012311057 0.00089227739475818049 0.00089227739475818049 0.00089227739475818049 0.00089227739475818049 0.00089227739475818049 0.00089227739475818049 0.00089227739475818049 -0.017397433854223092 0.045089788446397661 0.0016527259388013 -0.012109729598987019 0.049048210719873475 0.00089227739475818049 0.00089227739475818049 0.00089227739475818049 0.00089227739475818049 0.018181995562416887 0.00089227739475818049 0.020942035679003847 0.0016438595366085774 0.037066746089671164 0.00089227739475818049 0.00089227739475818049 0.00089227739475818049 0.050158230426314288 0.00089227739475818049 0.0074888294745902324 0.00089227739475818049 0.00089227739475818049 0.0021251917770438874 -0.016363884569526404 -0.0091713238079652887 0.045815953979005869 0.00089227739475818049 0.00089227739475818049 0.00089227739475818049 0.00089227739475818049 0.00089227739475818049 0.00089227739475818049 0.00089227739475818049 0.041117560092062938 0.00089227739475818049 0.00089227739475818049 0.043777838607047009 0 0.00089227739475818049 0.0483069672636256 0.00089227739475818049 0.049509848094136201 0.012010021328609625
leaf_weight=1138.1097770558699 1.9286832960788149 12.680823835631598 16.372979135881906 18.632640615483979 17.859255072471569 5673.4828237387992 226.94064775831066 3.1547663676901712 34.243508072875557 4.883853922277928 5.4558118330023735 765.89217028799976 7.2421581603994118 3.5335599414829799 3.0492311413690905 49.583494838705519 7.8658145942608817 5.2894913407653794 2.8256113192619514 19.851602386268496 13.647738917439712 7.5180232975690151 59.018249618980917 22.618120873434236 3.6950025249971077 2.1610370321286636 76.758961954452388 149.39515810117155 9.913399267010389 42.088424416331691 7.4770495292905244 12.869548066315472 41.022202112726518 10.415352344818531 1.0111175766069207 1.3062718507280804 6.1789973360719141 2.6938462523685294 12.534965401966472 57.83876555513416 3.8593676200543987 3.1760516862850769 90.986055665041931 278.43050168659829 27.619843541673621 22.460685118450783 13.747937968961194 1.4512551884254197 0.98664460178406166 2.9793606262537642 9.3807042010885215 11.113416401436551 15.407912895694613 2.1062081811833187 2.3830825729528433 11.292288339405784 2.3079623459489076 18.109485766704893 23.829740048851821 1.497141711428412 5.7527241281204633 55.454784416724578
leaf_count=88443 32 393 2504 343 239 369405 13367 71 964 72 99 191731 77 75 182 1125 100 141 84 3213 194 109 5958 305 50 117 15647 12337 786 2396 545 946 1755 812 67 78 375 25 471 4153 77 58 17448 61426 588 1452 845 86 68 31 489 618 826 118 176 229 46 1735 436 78 370 2649
internal_value=0.000145986 6.70458e-05 -0.00215921 0.000892277 0.0137497 0.000892277 0.00555484 0.0120587 0.00569047 0.0131687 0.0321853 -0.00576346 0.0262444 0.0205703 0.0281004 0.00446874 0.0170522 0.0327145 0.0377804 0.000892277 0.0266786 0.0338806 0.000892277 0.0406907 0.00823521 0.000892277 -0.00378383 0.000892277 0.00532106 0.0103976 0.0134168 0.0196072 0.0268329 0.00518329 0.0185233 0.0342813 0.0425609 0.0318656 0.0318016 0.000892277 0.0348571 0.0377811 -0.00991971 -0.0076077 0.04206 0.00250598 0.0147947 0.025373 0.0321072 0.041565 0.000892277 0.0107884 0.0191857 0.0293102 0.0360881 0.034088 0.0382859 -0.00882165 0.0448373 0.0383192 0.0435346 0.000892277
internal_weight=9163.37 9147.85 2463.53 6684.32 78.8096 6605.51 502.056 209.127 164.678 130.434 44.4498 1228.44 46.9353 60.9504 42.3177 83.4989 33.9154 39.2685 33.979 1235.09 26.0496 21.1658 1215.24 31.7689 9.15081 292.929 842.651 6103.45 374.512 225.117 183.028 98.8008 66.4267 84.2276 18.9117 8.49639 7.19011 39.6931 53.5572 65.3158 36.5384 33.8445 385.79 294.803 31.1534 32.3741 25.5967 11.8488 9.68777 29.9852 267.332 40.3913 29.2779 19.8972 17.791 15.5289 13.6003 77.1277 27.0058 8.23651 6.73937 5728.94
internal_count=809635 809328 388105 421223 1652 419571 21344 4186 3339 2375 847 288756 775 1413 1070 1600 475 888 747 99349 375 303 96136 454 149 17158 207378 398227 26173 13836 11440 5410 3172 6030 1332 520 442 698 2226 4698 627 602 81378 63930 663 2238 1564 719 602 525 15594 2227 1609 1120 1002 307 275 7693 494 516 438 372054
is_linear=0
shrinkage=0.05


Tree=69
num_leaves=63
num_cat=0
split_feature=164 106 176 135 110 41 170 142 65 72 41 139 140 86 68 142 142 147 6 142 172 142 9 143 79 65 41 132 22 186 147 1 132 5 65 24 10 69 135 95 72 142 95 9 63 63 10 85 26 15 86 63 143 79 93 69 24 27 65 41 16 147
split_gain=8.85092 6.72818 13.2441 25.5499 5.83147 8.00589 4.95311 8.8816 5.37842 6.45981 4.85458 4.21558 4.90051 5.96667 4.75715 3.94169 7.42577 4.67919 4.06352 3.89825 10.4166 13.5026 5.59134 3.87789 3.82306 3.73537 4.32217 4.84238 4.76998 5.21345 4.35184 3.63135 3.61127 3.54453 3.43704 3.43451 3.21918 3.35817 3.47797 3.14195 3.09875 5.03915 5.04984 3.70299 4.13234 3.77719 3.7643 3.20551 3.11926 3.1141 3.58869 3.02447 3.00611 3.68685 3.25573 2.97788 2.95843 2.82443 3.10696 2.82038 3.37014 3.74221
threshold=1.0000000180025095e-35 0.9574275314807893 1.0000000180025095e-35 4.0250000953674325 3.5000000000000004 0.63578081130981456 1.0000000180025095e-35 0.033749638125300414 0.73518744111061107 0.81174489855766307 0.99810510873794567 0.18354425579309466 0.14153466373682025 2.5000000000000004 0.7304348647594453 65.195487976074233 108.69232559204103 0.91313332319259655 1.9605584144592287 0.17264039069414142 1.0000000180025095e-35 0.045236393809318549 0.11329874768853189 -1.0000237822532652 -2.4384746551513667 0.48144441843032842 0.32660377025604254 416.50000000000006 1.4523198008537295 3.5000000000000004 0.94558703899383556 0.84815394878387462 446.50000000000006 0.18018022924661639 0.99223920702934276 1.1752308011054995 1.6700224876403811 1.9748203158378603 313.50000000000006 0.66009709239006054 0.81174489855766307 5.209888458251954 0.57152602076530468 0.94936007261276256 -0.94692257046699513 -0.72834742069244374 1.0489436388015749 1.5000000000000002 2.1634521484375004 0.050709847360849387 8.5000000000000018 0.88037732243537914 5.8994288444519052 3.5831209421157841 3.5000000000000004 9.0720162391662615 3.3364254236221318 0.49400182068347936 -0.67357489466667164 0.2788290828466416 11.628554344177248 0.90219807624816906
decision_type=2 2 2 2 2 2 2 2 2 2 2 2 2 2 2 2 2 2 2 2 2 2 2 2 2 2 2 2 2 2 2 2 2 2 2 2 2 2 2 2 2 2 2 2 2 2 2 2 2 2 2 2 2 2 2 2 2 2 2 2 2 2
left_child=1 2 6 4 24 -6 10 8 9 39 15 36 -13 14 -14 19 35 18 -18 20 22 33 -1 -24 -4 -25 27 28 29 -27 31 56 -11 34 51 -17 -9 -38 -39 -8 52 42 43 44 -42 47 -45 -46 -48 -44 -51 -22 54 -54 -21 -2 -31 -49 -59 -56 61 -61
right_child=55 -3 3 -5 5 -7 7 11 -10 32 -12 12 13 -15 -16 16 17 -19 -20 40 21 -23 23 25 -26 26 -28 -29 -30 30 -32 -33 -34 -35 -36 -37 37 38 -40 -41 41 -43 49 46 45 -47 48 57 -50 50 -52 -53 53 -55 59 -57 -58 58 -60 60 -62 -63
leaf_value=-0.0078050356202733241 0.041113928522614945 -0.0027626346989667446 -0.0036148025447333282 -0.0035562712069320164 0.031621969980313795 -0.013215992446829189 0.059317056340731839 0.0015244915762882266 -0.0047582246882151655 -0.011389606860566982 0.025253029634204557 0.0015244915762882266 0.038341782410897182 0.0059056694193968667 0.0015244915762882266 0.032541774667092141 -0.017174831052378207 0.0150801800499732 0.013103165535738696 -0.0014458749289545951 0.086476229052926568 0.0086302196634743776 0.01376562543602927 -0.001172244944544403 0.042811904604126448 -0.0037366173212028137 0.002592751093494116 -0.0009825202791444367 -0.00039929281585723451 0.071121969907345067 0 0 0.026713423604179477 0.00014295239837261653 0 0.0020852465090451257 -0.012315445946719338 0.0015244915762882266 -0.011329637739035545 0.0043505662303653398 -0.016236466055555534 0.010819975080050972 -0.0088242434081958632 -0.0089595979108667203 0.038635485708559868 -0.0036949773404472367 0.041772042311971368 -0.0091182047903818255 -0.0043101706680726427 0.020298104368678353 -0.0010523565923841727 0 -0.012165666343998627 0.01192402088806805 -0.0069399970139200212 -0.0034874974255542897 -0.00011055069947929647 0.024350457999957054 -0.0015788470958581721 0.027299721425891689 -0.010367194472560893 0.0017913276314763362
leaf_weight=153.04062143040937 12.463297676731598 1778.1822628807276 2.9105116560567685 103.97954515604943 15.080245159275366 14.716953241742884 13.802261502714829 280.63064921791374 9.4894246502954029 9.8287569403182697 13.677174789987474 180.24285392223101 29.957325059251161 87.682516197513905 12.03087414515903 29.001882374130219 39.377551146182668 22.951516621847986 9.7528750660567294 4297.7914543761908 6.2111480836610991 80.045971450541401 65.19384836561585 461.23020665951481 59.758881405199645 3.7967332396001501 167.78020215875949 16.499033688287454 7.9673392654112822 11.567342870992434 3.6897191216085039 1.6111982622751373 5.4615022303478318 2.8886969181621671 1.3717647111479889 16.246054080973408 86.789188808354083 102.02681622817181 50.493397799145896 5.1887211006833232 49.838405782476912 129.51091444547637 13.411343435567685 5.1482254903130551 3.5637635269267767 307.30209207992084 8.2235310345677117 19.284322740761127 2.6348939379749927 56.939876595592068 25.003330177372845 0.88574566520401266 110.74622017261936 13.300622988910616 19.258323268950335 2.5798301103932308 0.82136488251853812 18.384677933907369 18.435703808358085 32.519273662524938 9.0034196659034915 28.1654049118697
leaf_count=8740 250 256711 192 17159 2336 1662 196 11756 127 166 1291 6615 733 3690 265 697 1017 640 208 346874 266 4724 4589 43022 1005 696 17781 1043 596 641 328 98 82 122 61 989 2727 2824 1422 72 4345 8041 698 424 427 27265 687 1627 197 3514 2004 43 4596 798 1409 48 32 1700 1692 1936 576 2238
internal_value=6.57155e-05 -4.38832e-06 0.000660564 0.0133072 0.0317366 0.010041 0.000300933 0.00381863 0.0246305 0.0329722 -0.000186776 0.00255002 0.00711749 0.0143609 0.0289783 -0.000266326 0.0086114 -0.00126299 -0.0100474 -0.000446526 0.00242181 0.0180479 0.00070335 0.00253673 0.0401785 0.00132213 0.00672297 0.0195781 0.0302923 0.0405438 0.0498787 0.0595285 0.00421724 0.0599679 0.0708897 0.0233997 -0.000166686 -0.00475616 -4.15779e-05 0.0493778 -0.000999594 0.00218008 0 -0.00233872 -0.00338416 -0.00137669 0.0180201 0.00953884 0.03118 0.0100964 0.01381 0.0794074 -0.00147063 -0.00902705 -0.00124123 0.0332558 0.0662878 0.0042713 0.0121335 0.00793162 0.0125656 0.0168788
internal_weight=9147.37 9132.33 7354.14 196.446 92.4666 29.7972 7157.7 873.624 43.7707 34.2812 6284.07 829.854 309.914 129.671 41.9882 6270.4 117.33 72.0819 49.1304 6153.07 984.601 91.4033 893.198 740.157 62.6694 674.963 213.733 45.9527 29.4537 21.4864 17.6896 13.9999 15.2903 11.3574 8.46866 45.2479 519.94 239.309 152.52 18.991 5168.47 657.681 528.17 432.816 416.809 366.971 16.0067 59.6685 10.8584 95.3546 81.9432 7.09689 4510.78 124.047 4386.74 15.0431 12.3887 56.1047 36.8204 88.9464 69.6881 60.6847
internal_count=808710 808412 551701 22354 5195 3998 529347 30675 643 516 498672 30032 11303 4688 998 497381 3551 1865 1225 493830 82782 5216 77566 68826 1197 64237 21215 3434 2391 1795 1099 771 248 492 370 1686 18729 6973 4246 268 411048 52621 44580 38364 37056 32711 1308 5446 884 6216 5518 309 358427 5394 353033 298 673 5019 3392 6159 4750 4174
is_linear=0
shrinkage=0.05


Tree=70
num_leaves=63
num_cat=0
split_feature=164 106 144 144 13 85 144 177 32 134 172 144 86 37 177 135 68 140 71 10 15 0 131 141 86 63 132 65 141 41 187 6 71 144 49 77 144 47 5 65 37 3 144 130 135 179 86 144 63 65 77 68 67 11 77 133 141 144 17 3 133 63
split_gain=9.30934 6.35938 7.47302 9.34121 10.1358 6.80591 6.76902 15.2104 9.75986 6.95249 6.87948 8.94692 6.71223 6.53638 5.92638 9.12955 5.66179 5.42852 5.15574 5.15339 5.03944 4.92421 4.85119 4.73579 4.44189 4.2595 4.11919 4.00933 5.12797 4.03234 4.00523 4.00265 4.19346 5.14955 4.23326 3.99182 3.86053 3.80192 4.7945 3.87957 3.76706 3.55031 5.94494 4.61372 4.12738 3.49582 3.7242 7.61845 5.34472 4.05928 3.82205 3.60439 3.42766 3.3834 3.37535 4.68266 3.27982 3.22735 3.54687 3.36871 3.94424 3.66992
threshold=1.0000000180025095e-35 0.9574275314807893 0.69189634919166576 0.80597889423370372 0.11948709934949876 3.5000000000000004 0.28847827017307287 1.0000000180025095e-35 -1.0000000180025095e-35 111.50000000000001 1.0000000180025095e-35 0.13399386405944827 1.5000000000000002 0.99305051565170299 1.0000000180025095e-35 4.0250000953674325 -0.99816009402275074 0.14397359639406207 0.87837970256805431 2.542094469070435 0.032424582168459899 6.8735475540161142 229.50000000000003 0.11507079750299455 10.500000000000002 -0.2153966277837753 148.50000000000003 -0.67357489466667164 0.144237756729126 0.76870828866958629 4.5000000000000009 1.7730439305305483 0.6078576147556306 0.9803157150745393 1.5000000000000002 10.254480838775637 0.87233012914657604 0.83682531118392955 0.58863189816474926 0.025992066599428657 0.9849376678466798 0.43383644521236425 0.86359488964080822 315.50000000000006 -1.0000000180025095e-35 1.0000000180025095e-35 1.5000000000000002 0.74587377905845653 0.95905914902687084 -0.77652010321617115 10.347899436950685 -0.7888703942298888 0.96098145842552196 0.48507958650588995 10.951696395874025 375.50000000000006 0.12768252938985827 0.99014428257942211 0.38972879946231848 0.43356074392795568 460.50000000000006 0.57164403796195995
decision_type=2 2 2 2 2 2 2 2 2 2 2 2 2 2 2 2 2 2 2 2 2 2 2 2 2 2 2 2 2 2 2 2 2 2 2 2 2 2 2 2 2 2 2 2 2 2 2 2 2 2 2 2 2 2 2 2 2 2 2 2 2 2
left_child=1 2 6 4 18 14 7 10 -9 -8 13 -12 -13 35 15 22 -7 27 20 -16 -4 56 36 -18 45 -24 -19 -11 29 -29 -27 41 34 -34 37 -1 -5 -33 -39 -40 -31 42 43 -25 -44 46 48 50 52 -49 -48 -51 -22 -15 57 -56 -6 59 -59 60 61 -17
right_child=-2 -3 3 5 21 16 9 8 -10 17 11 12 -14 53 19 54 23 26 -20 -21 24 -23 25 31 -26 30 -28 28 -30 40 -32 32 33 -35 -36 -37 -38 38 39 -41 -42 -43 44 -45 -46 -47 47 49 -50 51 -52 -53 -54 -55 55 -57 -58 58 -60 -61 -62 -63
leaf_value=-0.00197607738484543 0.034060007731129029 -0.002791060540799539 -0.0024153997977559502 0 -0.006471823353210406 -0.01869667639682163 -0.0066341295156405319 0.073920412928475329 0 0.0017444863957926508 0.033146495735855708 0.032136929460934945 0.00046456899354087571 -0.00068191946417367271 -0.016076445476616966 0.0039326858964687777 -0.011692752943042065 0.019775832076291158 -0.0023869399387618298 0.0097441468332640641 0.05113938411325606 0.015148864805494209 0.021758977859762163 -0.010289609259711417 0 -0.027445146619128877 0.0027990494646046877 -0.0075370924164266107 0.00071517778585677982 0.00071517778585677982 0.012616491326980526 -0.0026256624593427409 0.0057627698591855379 0.032968225946415901 0.024411597588179169 0.0034471387705888794 0.034249019683747793 -0.0088399942703961034 0.042604979648255076 -0.00031865078978670833 -0.021601022942781756 -0.0051999165550034396 0.023142585718580813 0.01028373241346496 0.0020807229409688884 -0.0021405911239181668 -0.0061349775387764061 -0.0039113716733421384 -0.0094583349928286358 0.0062442445689140915 0.018897681797461093 0.04166535617554553 0 0.042524409741145193 0.021180525294431256 -0.0026962903295987589 0.0035265930720861042 -0.011885171885788085 0.025086494670997706 -0.01397628488346802 0.018571194088604415 -0.019995702771717278
leaf_weight=1083.0944313361142 14.977778717991894 1775.9221306070467 22.04612950241426 10.85588369351535 95.716020500218292 37.36072162576238 692.61502867594754 6.8742596628144383 6.7647171135613444 542.6009805200556 30.131922535489139 14.388733881292863 136.16990732717386 4.9010341047032844 43.615910827877087 40.523819879854273 79.721656724068453 41.109239542187424 30.202643128141062 26.577337099108263 29.44686980300321 73.270363642266602 11.873386821978785 161.51537233012277 21.326170433647349 9.8993362124165269 194.0407059827121 632.41913044721514 459.19297397659466 99.651031736149889 5.8569831332861204 201.55656207104403 64.577808768197428 22.380619248622679 13.948488187375913 487.09209428228132 55.190767906427936 8.7859403399052116 10.805073835370424 6.0901753216967327 14.725295772150274 336.55534935093237 19.476351211487781 27.22787492351199 709.33067526829836 9.2983063246065267 31.11627413387032 5.251449076778953 2.3921859735128228 12.922278044745324 20.811119762714952 41.517663009282842 4.4067254843030232 8.6500619932885439 46.488059941133542 29.665889110750868 418.16198409382559 4.7398388675937921 16.661172168558551 46.263065664770693 21.17647362248681 19.220493636668834
leaf_count=97856 297 256725 683 1224 9276 2006 86806 119 1273 38823 1440 459 9503 368 5729 1624 5218 2265 1482 1197 1060 5080 341 11671 1826 215 12724 44541 31808 7739 155 9967 3567 477 641 35734 1383 461 510 351 1007 28025 278 1784 32095 612 1717 207 83 646 1044 1949 140 976 2265 658 37364 54 166 2387 471 662
internal_value=-3.0421e-05 -0.000107643 0.000537888 0.00251021 0.00702579 0.000716872 -0.000744517 0.00163578 0.0466048 -0.00233532 0.00114333 0.0102492 0.00458784 5.97078e-05 0.00664724 0.00955517 -0.000640156 -0.00080893 0.0158236 -0.00596964 0.0186792 0.0034218 0.0223071 -0.00016439 0.0214158 0.0029179 0.006221 -0.00178361 -0.00339228 -0.0059391 -0.011897 0.000435719 0.00531853 0.0144484 0.00169867 -0.000272253 0.0292902 -8.34252e-05 0.0162306 0.0294512 0.000715178 -0.00083809 0.00075423 -0.00700388 0.00283149 0.024237 0.026075 0.0195182 0.0408468 0.0310704 0.00423694 0.0349106 0.0458047 0.0295783 0.00376125 0.0119782 0.00157167 -0.000540226 0.0152511 -0.00386291 0.00210489 -0.00432895
internal_weight=9151.15 9136.17 7360.25 2905.83 817.886 2087.94 4454.42 1778.07 13.639 2676.35 1764.43 180.691 150.559 1583.74 388.608 318.415 1699.33 1983.74 230.738 70.1932 200.535 587.148 93.6764 1661.97 178.489 27.6297 235.15 1748.59 1205.99 746.795 15.7563 1582.25 328.145 86.9584 241.186 1570.19 66.0467 227.238 25.6812 16.8952 114.376 1254.11 917.55 188.743 728.807 157.163 147.865 111.619 36.2458 59.6914 51.9274 54.4399 33.8536 13.5511 224.739 76.1539 513.878 148.585 21.401 127.184 80.9208 59.7443
internal_count=809214 808917 552192 178751 63169 115582 373441 147728 1392 225713 146336 11402 9962 134934 18531 11605 97051 138907 11449 6926 9967 51720 3318 95045 9284 711 14989 123918 85095 53287 370 89827 15974 4044 11930 133590 2607 11289 1322 861 8746 73853 45828 13455 32373 7458 6846 5563 1283 2802 2761 2595 1200 1344 8287 2923 46640 5364 220 5144 2757 2286
is_linear=0
shrinkage=0.05


Tree=71
num_leaves=63
num_cat=0
split_feature=164 106 176 110 135 167 167 135 141 76 20 135 94 15 140 152 189 72 189 144 63 144 149 5 168 45 110 105 189 135 2 2 135 96 7 13 5 22 75 147 63 147 135 43 71 67 45 65 13 29 152 7 15 135 144 65 24 142 152 152 147 29
split_gain=10.1378 7.13192 9.32547 19.1558 6.90897 6.2931 12.2248 6.27268 6.01296 5.48017 5.34969 8.75857 6.44184 4.94802 4.5589 5.92252 4.99756 4.55185 4.34443 4.26086 4.17854 4.11646 4.0849 3.76398 3.6913 4.72989 3.69615 5.55575 5.36454 3.64395 3.59249 3.53182 3.48074 3.47531 3.62042 3.88292 4.03738 3.46415 3.44827 3.43107 3.40069 4.87139 5.31343 3.72818 3.68174 3.33688 3.31119 3.29921 3.23788 3.99802 6.01155 3.79702 3.21627 6.25145 3.5393 3.42814 3.19625 3.18165 3.27456 3.1761 3.0543 2.96603
threshold=1.0000000180025095e-35 0.9574275314807893 1.0000000180025095e-35 3.5000000000000004 1.0000000180025095e-35 1.0000000180025095e-35 123.97499847412111 8.2950000762939471 0.11928717419505121 48793.324218750007 0.34951587021350866 -1.0000000180025095e-35 23967.000000000004 0.70075231790542614 0.14016471058130267 0.9169166386127473 0.24999999254941943 -0.56174489110708226 -1.0000000180025095e-35 0.51247820258140575 -0.11353614181280135 0.29403388500213629 -1.0000000180025095e-35 0.75521305203437816 1.0000000180025095e-35 0.19261546432971957 3.5000000000000004 1.5000000000000002 1.0000000180025095e-35 1.0000000180025095e-35 7.9640250205993661 16.657628059387211 25.500000000000004 0.16441441327333453 0.68905609846115123 0.57036039233207714 0.88146403431892406 2.0540039539337163 0.63333335518836986 0.75147059559822094 0.67515417933464061 0.94899407029151928 6.0250000953674325 0.95541036128997814 1.0000000180025095e-35 -0.011624295730143784 0.40507477521896368 -0.78358805179595936 0.70852345228195202 0.25898107886314398 1.0898026227951052 0.41136263310909277 0.27054944634437567 286.50000000000006 0.6673286259174348 0.97223842144012462 0.97972264885902416 2.9416898488998418 0.85223650932312023 0.51564699411392223 0.92960354685783397 0.22719708830118182
decision_type=2 2 2 2 2 2 2 2 2 2 2 2 2 2 2 2 2 2 2 2 2 2 2 2 2 2 2 2 2 2 2 2 2 2 2 2 2 2 2 2 2 2 2 2 2 2 2 2 2 2 2 2 2 2 2 2 2 2 2 2 2 2
left_child=1 2 5 7 -5 8 -7 22 -1 13 11 17 14 19 15 38 -16 -10 -12 47 23 -14 -4 52 26 -26 28 29 -20 -28 -3 32 57 34 -21 36 -36 -27 -13 -19 44 42 43 48 46 -33 56 -8 49 -42 51 -51 54 55 -18 -54 -30 58 -32 -53 -41 -58
right_child=-2 30 3 4 -6 6 9 -9 10 -11 18 12 21 -15 16 -17 20 39 24 33 -22 -23 -24 -25 25 37 27 -29 40 -31 31 45 -34 -35 35 -37 -38 -39 -40 60 41 -43 -44 -45 -46 -47 -48 -49 -50 50 -52 59 53 -55 -56 -57 61 -59 -60 -61 -62 -63
leaf_value=-0.0056409722699988403 0.036190467953110206 -0.003643925920795424 0.039119558771203343 0.025442970574620079 -0.0069629065105430129 0.041858588717004028 0.022449166970512746 -0.0014256065233496694 0.033319024328463356 -0.0086530492163989954 -0.0056409722699988403 -0.0011849645612729998 0.005919889169900377 -0.0043247410305230077 0.00392969418884057 0.00392969418884057 0.00392969418884057 0.030597628705761395 -0.0023072426968252578 0.013706615205271564 0.0047012580507695759 -0.0056409722699988403 0.00012494100221366124 0.00392969418884057 -0.0056409722699988403 0.040050459860199866 -0.0056409722699988403 0.023865458741297599 -0.0023072426968252578 -0.0003096027002653955 0.0040060563180046469 0.0061321586953299633 0.002450888293815763 -0.0045710301942836718 0.069194226950700113 0.0015250688148199336 0 -6.0571305592925409e-05 0.00392969418884057 -0.0056409722699988403 0 -0.0023072426968252578 -0.0023072426968252578 -0.0023072426968252578 -0.0023072426968252578 -0.009554421562784585 -0.0010816383979868529 -0.0043745558709600866 0 0 -0.0023072426968252578 0 0.053416085481327452 0.00392969418884057 0.026856103900456386 0.00392969418884057 -0.0023072426968252578 -0.0088829605090938509 0.042910860382939509 0.076326836012234181 0.016553245027938691 0.023631440008508014
leaf_weight=416.17222318782296 14.416924497170838 1566.673666287872 59.81989279978734 14.402634213671261 99.985245037496497 20.055611059156945 10.91270057002839 12.305774188371286 24.795867430148064 52.676798372718622 368.44354422633478 2177.829014730476 71.855271907385031 39.929341372888302 1270.1072274277321 388.04563625994706 14.847742219644717 8.4641600573740998 259.19214433527668 28.302656446554465 88.68479329055117 199.35900799993397 8.9711928280594275 10.169361082647809 10.74709123921639 12.567623309616467 476.82580739927653 14.511697326597639 13.903590183355844 605.39264397791703 11.421796794704283 59.613387546502054 54.051829896616255 5.8359666879405259 8.6836987204878806 4.9046490792825344 1.673173710994887 5.9780799399159141 178.62552525734282 37.046298853725602 4.750886961322986 10.970008930235052 10.238914898189249 2.0465694545564466 82.535000771589694 64.921096459824184 39.298398105514934 34.096212839242071 4.829964413525885 2.9338453459931833 1.9678690967557475 1.8087590357026773 21.021487299280132 8.4180099059012701 14.262730242786345 1.9698675956460636 3.5391517802490844 3.0413954483228727 13.569374666021757 12.947795278741976 17.837293780827167 58.200406676885905
leaf_count=35343 296 239330 1231 2114 17454 217 710 1431 550 3299 89952 124986 5803 2930 97062 23646 440 99 19397 1722 2712 15517 167 385 501 648 25682 970 671 46495 992 5002 4865 382 497 324 90 261 12171 737 136 717 659 93 3831 5487 2184 2169 228 125 70 78 790 260 245 70 112 274 1164 532 610 2425
internal_value=9.94395e-05 1.99262e-05 0.000709171 0.0113498 -0.00177859 0.000407459 0.00889419 0.0291857 0.000144914 0.00423094 0.000521121 0.00147452 0.00114918 0.00959166 0.0016431 0.000438045 0.00392969 0.016671 -0.00162186 0.0156504 0.012743 -0.00564097 0.034726 0.0215246 -0.000476409 0.015722 -0.000835283 -0.00247838 0.00264498 -0.00296275 -0.00281899 0.00325621 0.0110343 0.0251763 0.0297365 0.0475117 0.0600744 0.0287919 -0.000588544 0.00782804 0.00782249 0.0187292 0.0261829 0.0352524 0.00440882 -0.00190556 0.0101052 0.00322339 0.0397809 0.0460181 0.0541389 0.0619663 0.0262776 0.036926 0.0103268 0.0483667 0.0159337 0.0239516 0.0295959 0.0699322 0.00163747 0.0205817
internal_weight=9143.41 9128.99 7355.7 195.485 114.388 7160.21 207.071 81.0969 6953.14 187.015 6536.97 4533.34 4445.2 134.338 4173.98 2744.5 1429.48 88.1436 2003.63 94.4091 159.374 271.214 68.7911 70.6892 1635.19 29.2928 1605.89 1096.73 509.163 1082.22 1773.29 206.619 82.0844 49.4001 43.5642 15.2615 10.3569 18.5457 2356.45 63.3478 249.971 52.4946 41.5246 31.2857 197.477 124.534 114.942 45.0089 29.2391 24.4092 19.6583 17.6904 60.5198 31.4094 29.1105 22.9914 75.6431 28.0326 24.9912 14.7566 54.8836 61.7396
internal_count=809340 809044 551930 22397 19568 529533 12340 2829 517193 12123 481850 286083 284087 8824 262767 160803 101964 1996 195767 5894 4902 21320 1398 2190 105815 1410 104405 73147 31258 72177 257114 17784 7295 3015 2633 911 587 909 137157 1446 11861 2638 1921 1262 9223 10489 5392 2879 1169 941 805 735 1805 1120 685 860 3208 2430 2156 610 1347 2537
is_linear=0
shrinkage=0.05


Tree=72
num_leaves=63
num_cat=0
split_feature=164 141 104 86 22 152 148 71 189 140 189 186 134 68 68 25 9 40 139 24 132 159 66 66 189 13 26 76 66 92 140 9 66 72 100 67 132 110 143 159 45 29 11 9 100 134 109 22 68 6 16 143 76 147 9 11 8 27 7 79 6 21
split_gain=7.58747 5.95484 5.04064 4.4232 5.73474 5.48217 7.28987 5.05503 4.37951 4.17946 4.64362 6.34842 5.22635 3.6254 3.40483 3.67945 3.62839 3.3305 3.77631 3.31196 3.74397 4.73031 3.13879 4.20533 2.97529 3.97893 2.96195 3.33243 2.80735 3.113 2.74558 2.50084 2.46036 2.42743 3.18331 4.6879 2.60046 4.70664 5.34566 4.43476 4.19475 3.99013 3.94158 3.91832 2.93944 3.40209 2.88913 2.87732 2.83441 2.81802 3.07579 2.54953 2.43405 3.39424 2.42642 2.41819 2.40992 2.34878 2.30859 2.3056 2.28662 2.9537
threshold=1.0000000180025095e-35 0.12214532867074014 8192.5070800781268 12.500000000000002 0.32957282662391668 1.0681758522987368 1.0000000180025095e-35 -1.0000000180025095e-35 -1.0000000180025095e-35 0.14016471058130267 0.19000000506639483 4.5000000000000009 565.50000000000011 -0.88047540187835682 0.99887812137603771 0.93561613559722911 0.96399015188217174 2.9716117382049565 0.18288024514913562 3.0265802145004277 333.50000000000006 0.35866048932075506 -0.10444958135485648 0.78656017780303966 0.37000000476837164 0.31193636357784277 2.7872462272644047 4454.6179199218759 -0.60314476490020741 0.56711712479591381 0.13155745714902881 0.9794098734855653 0.91855448484420787 -0.56174489110708226 1.344825327396393 -0.37786957621574396 569.50000000000011 3.5000000000000004 -0.39691255986690516 9.3042635917663592 0.95737043023109447 0.63481375575065624 0.30543702840805059 0.74497851729393016 1.0000000180025095e-35 1298.5000000000002 0.54349696636199962 0.5493643879890443 -0.97598841786384571 0.61986175179481517 161.81818389892581 -0.72072219848632801 56025.466796875007 0.95805323123931896 0.75638616085052501 0.8602881431579591 1.5993723273277285 0.74447518587112438 0.88836362957954418 -2.0322648286819454 1.1084609031677248 0.96089896559715282
decision_type=2 2 2 2 2 2 2 2 2 2 2 2 2 2 2 2 2 2 2 2 2 2 2 2 2 2 2 2 2 2 2 2 2 2 2 2 2 2 2 2 2 2 2 2 2 2 2 2 2 2 2 2 2 2 2 2 2 2 2 2 2 2
left_child=1 -1 3 4 5 7 17 19 -6 59 -11 13 -13 -12 15 33 54 18 -7 24 21 -21 -20 -24 -3 -26 -23 -28 -19 -30 -27 -5 -15 55 36 -36 57 38 -38 -39 41 42 -40 46 45 47 51 -44 -49 -50 -51 -41 53 -53 -17 -10 -37 -35 -18 -9 -56 -62
right_child=-2 2 -4 31 8 6 -8 9 14 10 11 12 -14 32 -16 16 58 28 22 20 -22 26 23 -25 25 30 27 -29 29 -31 -32 -33 -34 34 35 56 37 39 40 43 -42 -43 44 -45 -46 -47 -48 48 49 50 -52 52 -54 -55 60 -57 -58 -59 -60 -61 61 -63
leaf_value=-0.0037658532606449297 0.031113819038085435 -0.00098763646299428621 -0.0037658532606449297 -0.0037658532606449297 -0.0037658532606449297 0 0.029036374436195191 0.0043205474095975712 -0.0037658532606449297 0.0043205474095975712 0.0043205474095975712 0.023059708261169438 0.0043205474095975712 0.055525593758915387 0.015792548272925363 0 0.01230251695333592 0.030809928326530636 0 -0.0037658532606449297 -0.0020381517851348722 -0.0037658532606449297 0.037879215279551501 0 -0.00098763646299428621 -0.00098763646299428621 -0.0037658532606449297 0.042361903427552444 -0.0021252176898711637 0.021747217481649764 0.025907104522245678 0.009427553962954827 0.0043205474095975712 0.00040500645762539165 -0.0037658532606449297 -0.00049692846365012057 -0.001377063459272884 -0.0037658532606449297 0 -0.0037658532606449297 -0.0037658532606449297 0.001907757654855594 0 -0.0037658532606449297 -0.0032897675878009501 0.0046240819636200392 -0.0029396048922402688 0 0.0012651222778875008 0.070315610428721337 -0.00098632166985582388 0.051517285874444131 0 -0.0013750861918526125 0.0048806526076247319 0.0047951164665176391 0.052608708928983644 -0.0037658532606449297 -0.0037658532606449297 0.0010261158614411402 0.037030452090621065 0.0075523426728686576
leaf_weight=891.82217790739014 14.771937318349954 1860.541033115238 583.20969505877292 400.14964451197011 356.52431635561879 209.92779294525462 33.315510383934452 163.50383471385794 434.92127873656864 655.03380052876673 2.4735369302652535 42.053276246952009 73.79814344769693 11.252279254535095 29.222545880053076 25.869838974802406 18.581339247873984 16.680135112044809 10.318428086604397 7.7244128619131542 26.113032166718767 1.1972298418113521 15.459811012311549 6.2906368570183977 25.253555209172191 7.6831466077710493 2.5896884913527201 19.255943238720647 31.352666589642467 16.386715707449184 29.002888897521188 30.401596651994623 1.3799408126651531 652.49194375029765 3.140128932413063 1.4897416782623603 38.578784414115944 170.12761650003085 6.0182162722921921 1.9019103679602292 6.6565642091591135 15.799654540023765 2.3215702709712849 11.582316510073722 1.9395177840924578 7.2304238067445104 5.0827174351870772 1.807156004433639 2.8618504771584439 16.081497928695175 0.74582404449756623 12.233997199131414 2.7424283374421057 2.2822870621457687 31.922770197299542 75.909642734586669 4.1333208183641545 246.29552793428593 54.686318174630287 1649.0610210205559 19.574596096004825 21.989727011910873
leaf_count=89608 306 129029 143005 30695 83055 15483 1243 10761 29769 50278 105 1189 2013 417 1993 2083 1528 1721 466 1153 1576 59 738 274 528 325 141 997 3322 1373 1021 2394 48 43570 218 121 2629 12073 334 82 552 1157 150 812 101 404 374 105 153 855 31 745 178 169 2661 5417 263 17382 4323 102348 1525 1749
internal_value=0.000169488 9.94983e-05 0.000524242 0.000870403 0.00116871 0.00213092 0.00823298 0.00166414 -0.000893341 0.00311273 0.00616039 0.0146819 0.00942416 0.0413902 0.000156286 -0.000112323 0.00672565 0.00546094 0.00250941 -0.000228065 0.0111382 0.0217419 0.0172233 0.0265406 -0.000605348 0.00972039 0.031742 0.0362657 0.0152091 0.00687995 0.0196049 -0.00376585 0.0498618 -0.000828784 0.000372388 0.0242893 7.80911e-05 0.00404071 0.0126592 -0.000227989 0.0212864 0.025851 0.0336625 0.0144925 0.0396495 0.0431096 0.0246813 0.0510958 0.0557765 0.0602141 0.066508 0.0321351 0.0374288 0.0436986 0.0127446 -0.00370674 0.0425741 -0.00125822 -0.00140986 0.00176409 0.0171245 0.0244574
internal_weight=9120.75 9105.98 8214.16 7630.95 7200.4 4917.65 339.732 4577.92 2282.75 2598.56 785.991 130.957 115.851 15.1058 1926.22 1897 172.625 306.416 241.997 1979.36 56.8803 30.7673 32.0689 21.7504 1922.48 61.9396 23.0429 21.8456 64.4195 47.7394 36.686 430.551 12.6322 1724.38 1213.54 8.76319 1204.78 305.994 100.041 205.953 61.4623 54.8057 39.0061 35.8257 32.9878 31.0483 24.2433 23.8179 21.4963 19.6892 16.8273 19.1606 17.2587 14.5163 99.3569 510.831 5.62306 898.787 73.2677 1812.56 73.4871 41.5643
internal_count=809177 808871 719263 576258 543169 326608 24620 301988 216561 167159 54050 3772 3202 570 133506 131513 13869 23377 16961 134829 3926 2350 1478 1012 130903 1874 1197 1138 6416 4695 1346 33089 465 117644 82458 602 81856 20904 6471 14433 3842 3290 2133 2360 1799 1698 1548 1294 1144 1039 886 1174 1092 914 8018 35186 384 60952 5851 113109 5935 3274
is_linear=0
shrinkage=0.05


Tree=73
num_leaves=63
num_cat=0
split_feature=159 110 189 148 134 132 1 8 143 144 66 7 134 85 72 94 76 39 159 7 140 67 15 147 149 132 144 144 143 76 132 144 94 144 67 85 176 135 10 143 1 76 101 135 95 76 132 75 67 132 66 40 186 95 147 41 147 143 109 37 42 144
split_gain=8.87066 6.20647 6.04859 8.90348 5.03397 4.67871 9.24708 3.9203 3.63956 2.96497 4.8794 3.35761 2.92979 2.92924 3.3314 2.76387 2.55783 3.75732 5.71654 3.52907 2.88692 3.19596 2.7689 2.34462 2.34149 2.33467 4.47402 2.81204 2.29458 2.58993 2.11186 2.10205 2.94945 2.09753 2.07921 2.07574 2.01416 2.2997 1.88745 1.81608 1.73472 1.70015 1.65332 1.94017 2.00974 2.71208 1.64332 1.57078 1.56234 2.42586 1.54672 1.5048 1.49512 1.48224 1.44208 1.42354 1.28114 1.25274 1.21857 1.21515 1.18322 1.13208
threshold=38.564739227294929 8.0000000000000018 -1.0000000180025095e-35 1.0000000180025095e-35 -1.0000000180025095e-35 13.500000000000002 0.43065343797206884 3.4338624477386479 -0.80239629745483387 0.58016499876976024 -0.05799115635454654 0.86430209875106823 -1.0000000180025095e-35 4.5000000000000009 -0.56174489110708226 5946.5000000000009 81318.089843750015 0.86068883538246166 3.4083063602447514 0.19368415325880053 0.14128317683935168 0.17196751385927203 0.50683557987213146 0.96723100543022167 -1.0000000180025095e-35 139.50000000000003 0.37242248654365545 0.61777126789093029 -0.43640443682670588 275933.32812500006 91.500000000000014 0.058734185993671424 2031.5000000000002 0.058734185993671424 -0.87086623907089222 7.5000000000000009 1.0000000180025095e-35 107.50000000000001 3.3846269845962529 3.2754380702972417 0.3916259109973908 95839.527343750015 64543.386718750007 606.50000000000011 0.700393706560135 46709.337890625007 577.50000000000011 0.26666667312383657 -0.99511122703552235 178.50000000000003 0.66064059734344494 1.2450434565544131 8.5000000000000018 0.73335453867912304 0.47213622927665716 0.98654997348785411 0.85760369896888744 -0.69297993183135975 0.51331943273544323 0.3728893250226975 2.1679743528366093 0.056871118023991592
decision_type=2 2 2 2 2 2 2 2 2 2 2 2 2 2 2 2 2 2 2 2 2 2 2 2 2 2 2 2 2 2 2 2 2 2 2 2 2 2 2 2 2 2 2 2 2 2 2 2 2 2 2 2 2 2 2 2 2 2 2 2 2 2
left_child=2 9 3 4 15 6 12 8 -8 10 -2 30 13 -4 34 42 -7 20 19 -19 -18 25 51 -10 35 27 28 -22 29 33 -11 32 -14 -27 -15 -17 52 -38 -29 -28 50 53 43 44 59 -46 -41 -32 -35 -50 -37 -21 -6 -36 -23 -20 -44 -34 60 -1 -57 -54
right_child=1 -3 5 -5 36 16 7 -9 23 11 -12 -13 31 14 -16 24 17 18 55 22 21 54 -24 -25 -26 26 39 38 -30 -31 47 -33 57 48 41 40 37 -39 -40 46 -42 -43 56 -45 45 -47 -48 -49 49 -51 -52 -53 61 -55 -56 58 -58 -59 -60 -61 -62 -63
leaf_value=-0.0022965593736826791 -0.022493717947907207 -0.0089508567274512712 0.028942629866435546 0.00092449944641193765 -0.016830297666515295 0.00092449944641193765 0.00092449944641193765 0.00092449944641193765 0.046716515264620159 0 0.023889446849832695 -0.0021226278296728454 0.030091520773939423 0.00092449944641193765 0.00092449944641193765 0.00092449944641193765 0.0010763759078706481 0.00092449944641193765 0.00092449944641193765 0.00092449944641193765 0.0044877444991940612 0.02001176997411282 0.00092449944641193765 0.00092449944641193765 0.00092449944641193765 0.0010763759078706481 0.0010763759078706481 0.049048390123879335 0.0010763759078706481 0.0010763759078706481 0.042281299688359385 0.00092449944641193765 0.00092449944641193765 0.0010763759078706481 0.037284411132296205 -0.018348184133586031 0.00092449944641193765 -0.009761564893451577 0.0010763759078706481 0.028106142358062552 0.00092449944641193765 0.00092449944641193765 0.00092449944641193765 0.00032612434793062296 -0.021096957966385586 0.00092449944641193765 0.0010763759078706481 0.0030468009495217604 0.0010763759078706481 0.047291625059507292 0 0.069839586331635756 0.00092449944641193765 0.00092449944641193765 0.0010763759078706481 0.00092449944641193765 -0.0039491989321390969 0.014019392506926681 0.00092449944641193765 -0.0072195157222784542 0.03745668903262564 -0.0089692098407397648
leaf_weight=226.3837177400419 5.9101705373032019 13.871804316877386 14.291845691506749 511.42187907412517 109.19535778617865 5417.951044853653 3.6024317860137662 10.270954520863596 22.416360596136666 4.0715585509315124 6.7105222595855576 5.1227444153628303 9.9343506336444971 3.8504321413056557 53.645420092216227 64.203803475087625 572.80819834764407 2.9631328864197704 18.985408952168697 1.1396486736921341 12.230966716539116 4.921541584932128 2.0991773417626973 3.167861091787926 332.5145859634431 2.0368676876823946 56.541720691646333 8.055593102588313 6.7898191846616092 4.8202489996037903 29.460032322909683 203.51263997628121 10.110199859249404 1.241517099711962 12.477507365198099 47.134069431856915 53.90376439323154 79.679325255812728 2.3463006772508388 6.7504656897945079 20.543443883034342 2.6626992260280522 174.95849307714525 120.06375945693799 41.328210110928921 9.1687953221480694 3.151466759853065 5.1632070188643402 1.7732410715834692 15.7612799333001 15.544632277364142 4.8558883534715278 7.5985290510507175 1.8745555992936722 100.70237161399564 1.1858161756972543 200.01732352064937 13.076043497479988 1.1606470377737421 365.08713633183288 2.0868554829648929 65.104425628778699
leaf_count=54604 69 101 185 49912 20779 359961 33 301 282 41 82 60 97 99 1275 3116 32981 212 1314 91 634 169 153 40 23626 134 2926 357 414 217 333 11097 88 48 305 3494 10807 17762 100 145 1540 40 38375 24459 2569 498 78 68 78 801 1225 277 480 32 4959 91 52619 130 75 71008 129 11779
internal_value=0.000281751 0.0173738 0.000136859 -0.00198317 -0.00378731 0.000924499 0.00655997 0.0280604 0.0362079 0.0244528 0.00053049 0.0300709 0.00349233 0.0110166 0.00565993 -0.00262161 0.000924499 0.00384496 0.0190633 0.042164 0.00304366 0.00776741 0.0534263 0.0420059 0.000511367 0.0131505 0.00861832 0.0269019 0.0224854 0.0283827 0.0346603 0.000924499 0.0126943 0.0347491 0.0206554 -0.00529414 -0.0095498 -0.00435992 0.0416214 0.00107638 -0.0103098 0.027223 -0.0039624 -0.00530313 -0.00638897 -0.0158607 0.0185014 0.0381842 0.0391489 0.0423169 -0.0142196 0.0634776 -0.0130088 0.0326142 0.00107638 0.00177658 -0.00113802 0.000924499 0.0202895 -0.00541223 0.0290456 -0.00623372
internal_weight=9131.41 70.31 9061.1 2443.85 1932.43 6617.25 364.893 39.4576 29.1867 56.4382 12.6207 43.8175 325.436 88.8025 74.5106 1616.95 6252.36 834.408 34.4766 11.0578 799.932 227.123 8.09471 25.5842 479.941 121.499 98.8666 22.6329 32.423 25.6332 38.6948 236.633 33.1206 20.8129 20.8652 147.426 315.481 133.583 10.4019 66.4437 83.2221 17.0148 1137.01 762.032 641.968 50.497 9.90193 34.6232 18.776 17.5345 62.6787 5.99554 181.898 14.3521 105.624 23.4187 374.976 23.1862 4.43332 591.471 3.27267 72.703
internal_count=809754 754 809000 388652 338740 420348 14004 656 355 653 151 502 13348 1936 1751 277133 406344 46383 2342 733 44041 11060 521 322 33001 5932 4841 1091 1692 1278 442 11412 315 1061 476 9375 61607 28569 457 3149 6259 377 244132 153138 128679 3067 223 401 927 879 4719 368 33038 337 5128 1609 90994 218 295 125612 220 12259
is_linear=0
shrinkage=0.05


Tree=74
num_leaves=63
num_cat=0
split_feature=189 148 186 164 167 159 133 9 68 170 142 144 76 144 142 10 147 4 141 144 152 143 147 144 63 75 69 6 51 67 21 142 67 135 139 67 10 33 76 67 144 144 19 27 63 135 10 143 23 143 23 135 69 39 76 51 85 11 67 147 144 144
split_gain=5.78779 8.3568 4.57502 4.03179 3.58003 11.3476 3.28524 3.10556 3.07429 2.74081 5.91434 3.22728 3.01815 2.85899 4.03633 3.72197 2.74286 2.7426 4.36725 2.63196 2.58316 2.54056 2.50703 3.03489 2.48906 2.27499 2.04364 2.02865 1.94611 1.8976 2.36952 2.57902 1.89628 2.42735 1.83883 1.75542 1.66446 1.60758 2.36447 1.59031 1.58647 1.55008 1.54576 1.52726 1.52333 1.51291 1.63012 1.61126 1.49449 1.43389 1.42955 1.38356 1.36253 1.35736 1.34417 1.35465 1.39228 1.33091 1.31118 1.27794 1.26128 8.86106
threshold=-1.0000000180025095e-35 1.0000000180025095e-35 6.5000000000000009 1.0000000180025095e-35 1.0000000180025095e-35 13.902823925018312 608.50000000000011 0.23663648217916491 0.90448296070098888 1.0000000180025095e-35 0.05433915741741658 0.5913197696208955 17057.076171875004 0.82798999547958385 3.0659281015396123 4.2162616252899179 0.96600285172462474 14.16408681869507 0.14111995697021487 0.18388988822698596 0.88450714945793163 -0.22902379930019376 0.83395987749099743 0.73820060491561901 -0.9507477581501006 0.55000001192092907 9.0720162391662615 11.630260944366457 2.5000000000000004 0.11190563067793848 0.47644013166427618 2.9416898488998418 0.99014303088188182 107.50000000000001 0.17912449687719348 -0.78309202194213856 0.5738547444343568 0.44462835788726812 10146.553222656252 0.49534463882446295 0.17037792503833774 0.056884398683905608 0.98404172062873851 0.3642596304416657 0.86108332872390758 192.40000152587893 0.76678916811943065 -0.40266382694244379 0.97169467806816112 -0.51415571570396412 0.91641196608543407 11.059999942779543 0.0036868109600618486 0.92854586243629467 2931.1411132812505 1.5000000000000002 4.5000000000000009 0.75524693727493297 0.99855956435203563 0.97509634494781505 0.23968885838985446 0.2091881260275841
decision_type=2 2 2 2 2 2 2 2 2 2 2 2 2 2 2 2 2 2 2 2 2 2 2 2 2 2 2 2 2 2 2 2 2 2 2 2 2 2 2 2 2 2 2 2 2 2 2 2 2 2 2 2 2 2 2 2 2 2 2 2 2 2
left_child=1 2 6 4 9 8 20 -7 42 -2 12 60 35 14 22 16 21 28 -19 49 37 -16 23 -13 -9 -26 48 -25 -15 30 -10 43 33 -23 51 -11 -30 39 52 -1 -41 -4 -6 -32 -40 46 -24 -48 -5 -14 53 -22 -39 59 -49 56 -56 -38 -42 -45 61 -12
right_child=3 -3 41 26 5 7 -8 24 29 10 11 13 19 17 15 -17 -18 18 -20 -21 34 32 45 27 25 -27 -28 -29 36 -31 31 -33 -34 -35 -36 -37 57 38 44 40 58 -43 -44 50 -46 -47 47 54 -50 -51 -52 -53 -54 -55 55 -57 -58 -59 -60 -61 -62 -63
leaf_value=-0.0036654319538117794 0.00077979911103791342 0.00077979911103791342 0.00077979911103791342 0.038269115251248945 0.00077979911103791342 0.00077979911103791342 0.00077979911103791342 0.00077979911103791342 0.00077979911103791342 0.024733867566925822 0.00077979911103791342 0.0025483257860592161 0.049442497069669855 0.00077979911103791342 0.00077979911103791342 0.00077979911103791342 0.00077979911103791342 0.00077979911103791342 0.036467049692069098 0.00077979911103791342 0.00077979911103791342 0.0074134098128546934 0.00077979911103791342 0.03191751241686238 0.046908054293077095 0.00077979911103791342 0.00077979911103791342 0.00077979911103791342 0.00077979911103791342 0.00077979911103791342 0.00077979911103791342 0.00077979911103791342 0.00077979911103791342 0.051869122317973221 0.00077979911103791342 0.0012576014478136821 0.035125077835233033 -0.0033303455703774208 0.00077979911103791342 -0.00059564574988076947 -0.013620460955041339 -0.013140556089830245 0.021967944327785396 0.063910407286862772 -0.013351671925404682 0.00077979911103791342 0.00077979911103791342 0.00077979911103791342 0.00077979911103791342 0.00077979911103791342 0.00077979911103791342 -0.0044818182767886183 -0.0092746473090733819 0.00077979911103791342 0.00077979911103791342 0.00077979911103791342 0.030587123294066251 0.00077979911103791342 0.00077979911103791342 0.00077979911103791342 0.00077979911103791342 0.030194968334086691
leaf_weight=157.72556199426981 5537.6880025586797 510.36914308259657 10.468477531125243 8.4702980329457116 199.43621889773931 2.5767243263690096 103.57911834528204 3.0672010375565284 7.9777365577902009 7.3341273749538223 126.26385983162618 33.65261834768171 9.7232647914497612 232.57170683646109 2.1257284987223199 7.9472984281019299 3.2060504220571593 12.413875105878107 9.3027886252384615 3.4128849907428949 142.19298177655946 7.4605586082034341 11.448541660531189 18.665531417675087 21.468182686003271 1.8699057206104033 2.5550076641666246 3.5919350307085542 1.7132510175579199 12.391974329817456 1.063548345642628 2.5575378687790353 1.2645206611923629 16.472756403352832 130.20372653449158 31.687967534235213 5.4950367152341624 353.20237897903644 104.98601003331714 38.354243992791453 175.09028273273725 151.17896100954749 3.842507512876181 4.9025951617077226 16.084495668972522 51.623257866915083 3.56148211393156 5.2581843835214519 3.0663348937814598 2.6323927420016835 1.1331104342825709 386.46058012425055 148.55763703724369 0.86291297446587112 1.4193339665362206 2.0833225954556829 19.661416017246665 5.1389923857641406 11.775483975157838 0.58318224402319163 212.8909247200645 26.039673843071796
leaf_count=21540 372656 49813 657 167 14121 30 7386 64 540 116 4474 942 140 5625 60 175 195 144 108 53 31609 244 542 398 449 52 50 76 52 874 67 163 47 580 7851 506 103 96050 8911 6147 14965 29224 301 360 1624 2625 147 279 82 66 91 84473 26856 56 35 98 924 149 952 57 11003 895
internal_value=1.687e-05 -0.00206232 -0.0038058 0.000779799 0.000779799 0.00657491 -0.00303025 0.0336566 0.00249499 0.000779799 0.00369231 0.00253512 0.0189572 0.00556959 0.0102212 0.0239664 0.0310907 0.00204533 0.0173477 0.0352577 -0.00373255 0.0357213 0.00590161 0.0138473 0.0384048 0.0430619 0.0238049 0.0264127 0.000779799 0.0159724 0.0241629 0.0352343 0.0397155 0.0425512 -0.00123595 0.00854592 0.0175773 -0.00532907 -0.00363759 -0.00793334 -0.0106691 -0.0117939 0.000779799 0.0441918 0.000779799 0.000779799 0.00958271 0.0152953 0.0310923 0.0432085 0.0492495 -0.00292799 -0.00521377 0.0546162 0.0195574 0.0239466 0.0273889 0.0247993 -0.012537 0.0596017 0.000779799 0.00622405
internal_weight=9131.81 2440.23 1929.86 6691.58 6677.48 263.733 1768.21 28.982 234.751 6413.75 876.063 821.273 54.7906 456.078 189.443 38.4769 30.5296 266.636 21.7167 15.7685 1664.63 27.3236 150.966 55.9101 26.4053 23.3381 14.0916 22.2575 244.919 31.4726 19.0806 11.1029 25.1978 23.9333 658.857 39.0221 12.3473 1005.78 622.831 382.946 225.22 161.647 203.279 8.54535 121.071 95.0555 43.4323 31.9837 11.5366 12.3557 7.4818 528.654 501.76 6.34869 28.4223 23.1641 21.0807 10.634 186.866 5.48578 365.194 152.304
internal_count=809039 388058 338245 420981 420682 17225 308364 595 16630 403457 30801 29920 881 13548 7367 1301 1126 6181 252 259 300978 931 6066 1416 565 501 299 474 5929 2208 1334 794 871 824 123933 622 304 177045 133441 43604 22064 29881 14422 631 10535 4650 2025 1483 249 206 564 116082 122906 473 1336 1057 959 252 15917 417 16372 5369
is_linear=0
shrinkage=0.05


Tree=75
num_leaves=63
num_cat=0
split_feature=164 140 141 189 148 189 94 141 186 189 65 134 167 167 29 76 134 17 69 37 86 171 132 72 69 7 95 95 132 65 11 6 131 85 95 132 143 6 7 8 134 5 115 8 10 132 75 132 75 8 135 65 4 189 11 65 37 17 29 37 75 75
split_gain=8.40626 6.10704 5.57457 4.93406 7.76057 7.46537 3.52498 3.70724 3.49337 23.6332 6.40149 3.43413 2.86547 9.68194 2.69196 2.63063 2.47211 2.39291 2.41843 2.21198 2.01523 1.82515 1.72824 1.67521 1.65816 1.64371 1.40174 2.92804 2.19466 2.01841 1.27179 1.23822 1.68635 1.164 1.24441 1.64052 1.07296 1.04898 1.04741 0.91429 0.941807 0.852729 0.826528 0.794588 1.09081 0.777169 1.14076 0.761907 1.02947 0.943412 0.7173 0.738979 0.699617 0.669442 0.603175 0.632316 0.532077 0.601517 0.686751 0.503985 0.383162 0.52207
threshold=1.0000000180025095e-35 0.12921543419361117 0.10642978921532632 1.0000000180025095e-35 1.0000000180025095e-35 -1.0000000180025095e-35 23967.000000000004 0.13202039897441867 1.5000000000000002 0.19000000506639483 0.83102622628211986 1336.5000000000002 1.0000000180025095e-35 656.94000244140636 0.61942049860954296 2152.808715820313 118.50000000000001 0.38751944899559027 0.098288092762231841 0.82071396708488475 11.500000000000002 1.0000000180025095e-35 646.50000000000011 0.81174489855766307 9.6326417922973651 0.75183847546577465 0.59760203957557689 0.63427746295928966 85.500000000000014 -0.76946577429771412 0.54382929205894481 18.756753921508793 983.50000000000011 3.5000000000000004 0.39671666920185095 124.50000000000001 -0.68471446633338917 8.2913446426391619 0.57168611884117138 1.1909059882164004 144.50000000000003 0.87163910269737255 2.4155653715133671 1.3884239792823794 1.3338237404823305 783.50000000000011 0.26666667312383657 52.500000000000007 -1.0000000180025095e-35 1.3737578392028811 119.50000000000001 0.77657541632652294 1.8786764740943911 0.31000000238418585 0.081549063324928298 -0.99717494845390309 0.3728893250226975 0.8248574733734132 0.67126604914665233 0.37248617410659796 0.45000000298023229 0.81666666269302379
decision_type=2 2 2 2 2 2 2 2 2 2 2 2 2 2 2 2 2 2 2 2 2 2 2 2 2 2 2 2 2 2 2 2 2 2 2 2 2 2 2 2 2 2 2 2 2 2 2 2 2 2 2 2 2 2 2 2 2 2 2 2 2 2
left_child=1 33 53 4 5 16 7 39 9 -5 15 20 26 14 17 -11 -4 -14 -19 24 23 -6 -2 59 -20 43 -10 29 47 -28 -25 -15 36 38 35 -35 -33 -13 -1 40 -7 -22 -32 44 52 46 54 49 -49 50 51 -29 -23 -3 -37 -56 -16 58 -58 -9 -30 -62
right_child=22 2 3 8 21 6 -8 11 12 10 -12 37 13 31 56 -17 -18 18 19 -21 41 25 -24 30 -26 -27 27 28 60 -31 42 32 -34 34 -36 45 -38 -39 -40 -41 -42 -43 -44 -45 -46 -47 -48 48 -50 -51 -52 -53 -54 -55 55 -57 57 -59 -60 -61 61 -63
leaf_value=-0.02420037585631566 0.03967224286453562 -0.0063470533566408437 -0.0034555230974974687 0.0025377459590753748 0.0025377459590753748 -0.001929285204780237 -0.0034555230974974687 -0.001929285204780237 0.0025377459590753748 0.0025377459590753748 0.0025377459590753748 -0.001929285204780237 0.0025377459590753748 0.0025377459590753748 0.0025377459590753748 0.080007241402743262 -0.0063470533566408437 0.0025377459590753748 0.051040053567790601 0.0025377459590753748 -0.001929285204780237 -0.0063470533566408437 0 -0.001929285204780237 0.0025377459590753748 0.0025377459590753748 0.0025377459590753748 0.023166217539596957 0.0025377459590753748 0.019784716298157496 0.0025377459590753748 0.0025377459590753748 0.0025377459590753748 -0.0063470533566408437 -0.0063470533566408437 -0.0063470533566408437 0.042884126698058411 0.0025377459590753748 -0.0063470533566408437 -0.001929285204780237 -0.0057624963412444656 0.0025377459590753748 -0.001929285204780237 -0.0063470533566408437 0.0025377459590753748 -0.0063470533566408437 -0.0063470533566408437 0.028220923262073747 0.0025377459590753748 0.0025377459590753748 0.0025377459590753748 0.0025377459590753748 0.0025377459590753748 0.0022618239034414016 -0.0063470533566408437 -0.026750955087012564 0.0025377459590753748 0.0025377459590753748 0.023011227400759528 0.0025377459590753748 0.016629173217235182 0.0025377459590753748
leaf_weight=18.722203461598848 11.30408880143659 275.71531143846732 1583.3140843990986 67.558355814719107 680.83733888026836 33.205459882636205 127.76393600733718 89.794783080389607 1915.8167722770741 1.8534857075137559 4.3389029300597022 293.03083452630381 3.5958838346559814 77.300527798142866 2.8639526784972968 10.121473881445125 281.42619329274021 1.2262875457963698 20.679504111947626 1.6198113064165216 97.509724256495247 47.228638059925288 2.8076293874182729 156.82198389722907 2.6040535649517542 36.492402249466977 13.524309443513628 11.261348390777131 157.13874763788772 53.80253682161856 100.05290012373007 0.95898451058019452 1.2069902144721707 9.0543079768103762 75.966129213615204 1.9719918765913451 1.4342715173552272 22.648299679160118 4.9607568290521149 512.05329171723861 335.91359080425173 46.034361633108347 16.228262359814835 84.398789943792508 10.783799376309615 4.0347613472258663 7.5734684725321122 9.4962560954591009 1.4754061187122705 17.010816858761245 10.018571224165497 2.5918423062248612 5.9574126907100426 16.017684875841951 0.74966083461185107 32.76020823314321 0.99667970147856966 1.1669125905027611 5.1795255859324243 1696.4030445067983 9.1507384360011184 4.454897008399711
leaf_count=674 245 30221 269655 3942 56560 2278 10437 6835 96697 42 115 21965 101 4357 115 195 55867 42 584 88 6891 3257 56 9825 69 2520 461 205 5960 2100 7580 39 48 482 4481 123 61 1391 197 37027 28155 3480 1282 5029 782 274 534 352 79 341 460 61 416 599 48 2011 56 68 285 120223 460 236
internal_value=0.000281305 0.000208981 0.000384771 0.000617741 -0.00011926 -0.000899729 0.000447256 0.000840972 0.00253775 0.0125407 0.0589719 0.00182203 0.00253775 0.0103557 0.0291776 0.0728899 -0.00345552 0.0359543 0.0404474 0.0437093 0.00253775 0.00253775 0.0334156 0.00253775 0.0470844 -0.00415472 0.00253775 0.00680886 0.00372237 0.0157051 -0.00148429 0.00253775 0.0233389 -0.00944322 -0.00681893 -0.0140842 0.0351069 -0.00192929 -0.0194701 -0.00192929 -0.00345552 -0.00192929 0.00253775 -0.00634705 -0.000309149 -0.0184623 -0.0204323 0.0127808 0.0235967 0.00707813 0.0130815 0.0190344 -0.00515694 -0.00634705 -0.0240529 -0.0255855 0.00253775 0.0125429 0.0179207 0.00253775 0.00253775 0.0117002
internal_weight=9129.99 9115.87 8960.08 8668.35 6257.9 5392.2 3527.46 3399.7 2410.45 83.8722 16.3139 2518.52 2326.58 120.833 39.9326 11.975 1864.74 29.7255 26.1297 24.9034 2202.85 865.698 14.1117 2059.3 23.2836 184.861 2205.74 289.925 222.599 67.3268 273.103 80.9008 3.60025 155.793 132.111 56.1444 2.39326 315.679 23.683 881.172 369.119 143.544 116.281 148.369 63.9699 47.0901 43.0553 51.8542 10.9717 40.8826 23.8718 13.8532 53.1861 291.733 35.4819 33.5099 10.2071 7.34312 6.17621 1786.2 170.744 13.6056
internal_count=809019 808718 799894 769074 651455 582891 257369 246932 117619 4294 352 179472 113325 5913 1408 237 325522 884 783 741 156116 68564 301 145745 653 12004 107412 10715 8154 2561 18687 4505 148 8824 7953 3472 100 23356 871 67460 30433 10371 8862 9484 4455 2990 2716 1498 431 1067 726 266 3673 30820 2182 2059 524 409 341 127058 6656 696
is_linear=0
shrinkage=0.05


Tree=76
num_leaves=63
num_cat=0
split_feature=164 167 167 9 135 86 9 86 41 135 176 10 141 39 152 9 147 26 147 147 95 11 47 89 69 92 69 143 143 75 143 94 169 11 94 72 135 68 16 94 94 68 143 3 95 152 110 23 140 147 41 94 133 66 72 21 11 68 95 63 95 63
split_gain=6.69446 5.10978 7.06698 4.96471 7.3657 10.7427 6.26279 4.77753 4.4018 4.82142 7.53375 4.11415 4.07197 3.74343 4.1352 4.52178 4.93487 4.00801 3.73674 3.64656 3.62974 3.85699 3.59031 3.58035 3.57931 3.5686 3.51243 3.50076 4.0654 3.46848 3.49415 6.26611 6.87748 5.87983 4.91369 5.31237 6.57016 4.55863 4.26573 3.91947 3.86916 3.62011 4.65049 5.2312 5.00361 4.53601 3.57671 4.55565 3.45715 3.44546 3.42174 3.39361 4.60366 3.36699 3.32415 3.89288 3.29462 3.20374 4.18492 4.85786 4.32048 3.15648
threshold=1.0000000180025095e-35 1.0000000180025095e-35 123.97499847412111 0.29840947687625891 -1.0000000180025095e-35 1.0000000180025095e-35 0.64356288313865673 8.5000000000000018 0.83088260889053356 4.0250000953674325 1.0000000180025095e-35 3.705805897712708 0.12220196053385736 0.96257734298706066 0.82336455583572399 0.52978751063346874 0.92210450768470775 1.312629818916321 0.82626661658287059 0.88684862852096569 0.67755267024040233 0.78217110037803661 0.53829345107078563 12.500000000000002 7.2510292530059823 0.62731480598449718 9.0720162391662615 -0.10787487775087355 -0.57987549901008595 0.63333335518836986 -0.75655388832092274 3011.0000000000005 1.0000000180025095e-35 0.2491744086146355 16217.500000000002 -0.56174489110708226 110.50000000000001 -0.048653565347194665 132.121208190918 318.50000000000006 12934.000000000002 0.66687303781509411 0.33260203897953039 0.43383644521236425 0.020271711982786659 0.82810470461845409 3.5000000000000004 0.19925388693809512 0.12921543419361117 0.88915598392486583 0.2788290828466416 299.50000000000006 549.50000000000011 -0.79661422967910755 -0.56174489110708226 0.47644013166427618 0.47432096302509313 -0.99279457330703724 0.54130333662033092 0.69046065211296093 0.58337935805320751 -0.012248555663973091
decision_type=2 2 2 2 2 2 2 2 2 2 2 2 2 2 2 2 2 2 2 2 2 2 2 2 2 2 2 2 2 2 2 2 2 2 2 2 2 2 2 2 2 2 2 2 2 2 2 2 2 2 2 2 2 2 2 2 2 2 2 2 2 2
left_child=1 3 -3 4 5 -1 8 29 -5 10 22 -4 -8 14 -11 -16 17 -17 24 -12 -20 -22 -10 -18 56 -13 -2 28 53 30 31 33 34 37 35 40 -37 51 39 -35 -33 42 45 44 -44 -32 61 49 -46 -48 -9 52 -6 -7 -19 -56 -14 -50 59 -59 -60 -43
right_child=26 2 11 6 7 27 12 50 9 13 19 25 18 -15 15 16 23 54 20 -21 21 -23 -24 -25 -26 -27 -28 -29 -30 -31 41 32 -34 38 -36 36 -38 -39 -40 -41 -42 46 43 -45 48 -47 47 -49 57 -51 -52 -53 -54 -55 55 -57 -58 58 60 -61 -62 -63
leaf_value=0.050028102190327529 0.038574885518807639 0.03297110245854612 0.00084569827632101065 -0.0030716079195729721 0.0050992593824464609 -0.012612245423775837 -0.0044161899278681149 -0.0091800324252740186 0.019576010504144811 -0.0039915895697477345 0.03748484920636188 0.022626728873767939 -0.0044161899278681149 -0.0097916688488741896 0.0013973837212268208 0.045401201246082393 -0.01262845441832313 -0.0091836998088996279 0.00081027380902381606 -0.00080824997000755435 0.020410532419584085 0 -0.003707742477561741 0.019148695400665265 -0.0044161899278681149 -0.010096554525906132 -0.0075785810263046417 0.019291873181639024 -0.009486200939668999 0.0097429987649028868 -0.0050699612830341937 -0.0036876699930903523 -0.010241391089968105 0.022161163490559313 -0.00094170825451783116 0.0025575946436676147 0.042787560739474137 -0.008376402860394953 -0.0074488571426274399 -0.004402276222083122 0.034584021795323792 0.00068694683254987053 -0.0040860314381182669 -0.0071729522597689822 -0.017393629301133216 0.0026084163122388941 -0.013531836955440399 0.0063092636049475268 -0.0089386195837590048 0.0053427499888687845 0.0008310218882894093 -0.0050026930222567944 0.039437805971553483 0.032496602948615755 -0.005395189560969578 0.033730199984250753 0.016191930484064993 0.023591542410440272 -0.011619388900192255 0.00096276346519849154 0.0088560636908194979 0.031411514941856788
leaf_weight=13.41833880721242 11.989879806904353 19.077051365355146 202.21575586158724 2905.1719613551904 69.885257600839395 1.9611665026750413 283.6681043119097 173.02511170405342 16.618160363927018 231.05612660081897 23.944544921010678 38.548571023959084 9.2122733157302701 87.716828918812098 261.33544672158678 12.737385779339091 18.785343383962758 9.4197366945663834 1827.6296245244121 6.0571326862045671 45.038113077520393 42.750133475958137 63.292347217084171 9.0690156783894036 21.056055421893689 6.0840957005275405 2.4614381453720844 26.587089018546976 38.798958768777084 130.61571430761978 657.00578337558181 24.617637002869746 18.820693294037483 63.091336152047006 20.671710484864889 15.655992393134509 40.710000651619339 135.79628203335596 17.824832159763901 13.73392870522366 3.3585640939345458 16.38356422293873 95.298078786814585 93.544664651457424 7.208300578815396 262.6899161793408 56.929506286072865 264.80681469455521 16.711557480521151 33.791218433510949 154.48412972372171 50.238300365112082 7.4365508801856768 7.9355544901045487 6.4867886703250432 12.800830429474443 103.62733564056543 90.508733342314372 26.139067336058361 35.269832148180285 134.76679099139437 17.569227785203111
leaf_count=169 259 218 14648 345619 3540 34 24308 15009 2386 33093 515 2026 524 8461 41272 1136 1835 728 147932 291 2937 2907 9008 907 1233 387 50 475 1138 8434 40511 882 1031 4019 938 419 1533 5758 1074 533 113 1035 5169 2841 192 19330 2985 13830 520 2682 12118 1882 247 164 507 955 6095 3273 738 983 4211 1197
internal_value=0.000193864 0.000128407 0.00689319 -7.61679e-05 0.00164227 0.0154522 -0.000893985 0.00116028 -0.00218435 0.00117551 0.0106258 0.00416398 0.00112247 -0.000454707 0.00103282 0.00462565 0.0155501 0.0255427 0.00191019 0.0300284 0.00131716 0.010988 0.00170753 -0.000181675 0.00986094 0.0170946 0.0295011 0.0062461 -0.00154426 0.00193591 0.00145956 0.00522447 0.0147116 0.00171654 0.0196732 0.0247755 0.0331397 -0.00208073 0.0121073 0.0171281 0.00469589 0.000431115 -0.00072904 0.003112 0.00560156 -0.00284753 0.00467739 0.00297207 0.00867072 -0.0063285 -0.0044412 0.00449599 0.0109003 0.0206465 0.0105623 0.0211405 0.0134415 0.009643 0.0109465 0.0177167 0.00512921 0.0192187
internal_weight=9115.14 9100.69 265.925 8834.76 2837.29 88.7011 5997.47 2748.59 3664.49 759.32 109.912 246.848 2332.98 649.408 561.691 330.635 69.2991 41.4447 2049.31 30.0017 1915.42 87.7882 79.9105 27.8544 133.896 44.6327 14.4513 75.2828 48.6957 2421.08 2290.46 481.841 123.835 358.006 105.014 84.3422 56.366 263.356 94.6501 76.8253 27.9762 1808.62 1419.14 499.447 405.902 919.696 389.48 355.528 310.604 90.7207 327.509 127.56 77.3218 9.89672 28.7074 19.2876 112.84 303.396 286.684 125.779 160.906 33.9528
internal_count=809244 808935 17279 791656 159007 1980 632649 157027 446713 101094 12200 17061 185936 88894 80433 47340 6068 3326 161628 806 153776 5844 11394 2742 7852 2413 309 1811 1336 129900 121466 21969 4916 17053 3885 2947 1952 11427 5626 4552 995 99497 77768 17927 15086 59841 21729 19497 9917 5667 27127 5669 3787 198 2190 1462 6619 9725 9205 4256 4949 2232
is_linear=0
shrinkage=0.05


Tree=77
num_leaves=63
num_cat=0
split_feature=159 13 142 86 189 141 142 69 10 66 73 133 152 149 43 143 37 95 40 67 151 21 86 65 186 140 13 8 68 1 6 41 86 13 97 78 133 67 141 41 92 26 40 65 65 22 76 118 64 1 21 25 69 25 67 68 6 147 66 13 8 25
split_gain=6.55787 6.00908 6.07827 7.02608 5.59191 4.8689 4.62668 4.55179 4.88011 4.42375 4.27515 4.19514 3.79137 5.02481 3.65392 4.61912 4.22688 3.94122 3.70427 3.4887 3.43485 3.38279 3.37993 3.23768 3.20655 3.1768 3.15712 4.51312 5.53687 4.68695 3.705 3.11724 3.10169 3.05667 4.29402 3.83385 3.37944 3.01465 3.52473 2.98498 2.96239 3.35057 3.25659 3.19419 2.96165 4.02914 3.23457 2.95544 2.94831 3.41285 2.9383 3.56189 3.53372 3.81355 2.93012 2.91749 2.90744 3.65045 3.45191 3.14111 3.03491 3.2635
threshold=38.564739227294929 0.24069545418024066 7.4041786193847665 7.5000000000000009 -1.0000000180025095e-35 0.12220196053385736 0.13241810351610186 5.0539307594299325 1.2376190423965456 -0.82873380184173573 1.0000000180025095e-35 386.50000000000006 0.94034472107887279 -1.0000000180025095e-35 0.94541773200035106 0.30596105754375463 0.92133888602256786 0.69255909323692333 2.2253968715667729 -0.99012047052383412 1.0000000180025095e-35 0.65592578053474437 11.500000000000002 -0.72380334138870228 6.5000000000000009 0.13777061551809314 0.3048671185970307 3.2195897102355961 -0.61920398473739613 0.39146588742733007 0.2765075564384461 0.97102478146553051 9.5000000000000018 0.52072173357009899 17.500000000000004 0.028350078500807289 545.50000000000011 0.4752305150032044 0.13351840525865558 0.27817371487617498 0.91287881135940563 0.65683400630950939 1.7823449969291689 -0.99717494845390309 0.75167730450630199 5.1215960979461679 16328.600585937502 1.0000000180025095e-35 -0.72882786393165577 0.93925040960311901 0.47056251764297491 0.77866527438163768 5.5033044815063485 0.4420990943908692 -0.38935630023479456 -0.95846113562583912 3.5719621181488042 0.92794701457023632 0.51600196957588207 0.26312375068664556 1.3472543358802798 0.73636281490325939
decision_type=2 2 2 2 2 2 2 2 2 2 2 2 2 2 2 2 2 2 2 2 2 2 2 2 2 2 2 2 2 2 2 2 2 2 2 2 2 2 2 2 2 2 2 2 2 2 2 2 2 2 2 2 2 2 2 2 2 2 2 2 2 2
left_child=1 2 3 12 24 -6 22 55 -9 -4 47 -12 25 31 17 -16 54 19 -18 56 26 -20 32 -22 -3 -1 -21 40 29 -29 -30 -14 -5 34 35 36 39 -19 -39 -25 -28 42 -42 -43 -32 46 48 -11 -46 -50 -31 52 53 -52 -17 -2 57 58 59 -7 -61 -62
right_child=7 4 9 6 5 14 -8 8 -10 10 11 -13 13 -15 15 16 18 37 21 20 23 -23 -24 33 -26 -27 27 28 30 50 44 -33 -34 -35 -36 -37 -38 38 -40 -41 41 43 -44 -45 45 -47 -48 -49 49 -51 51 -53 -54 -55 -56 -57 -58 -59 -60 60 61 -63
leaf_value=-0.00093288527132715502 -0.0056065658302293098 -0.0036629453306963877 -0.0058419197317098326 0.0015898116243102034 -0.0036629453306963877 -0.0036629453306963877 -0.0071956631878039041 -0.018855704689348524 0.017742666666578179 0.012491737790824374 0.0060873349122801436 -0.017682373586089321 -0.00099207480663123459 0.013743381929508337 0.0019773406340791674 0.020024232564255954 -0.0016983600317221248 0.0020162263420737008 0.0080222029945200331 -0.0036629453306963877 -0.0036629453306963877 0.047944973033488721 -0.0065106418099283529 -0.0020444886208230138 -0.011456957817213993 0.0036159056026362942 -0.001118187031367324 -0.0012873613427089104 0.025323241889529897 -0.0028942121883720638 -0.0036629453306963877 0.0291445795259439 0.036460470010347294 -0.0036629453306963877 -0.0033368004598066572 -0.0036629453306963877 -0.0020402736445676445 -0.0025273901584091222 0.021967986951033011 0.041552474344318385 0.020438649891279526 0.027669845346320467 -0.0028407382782491448 -0.0015096881446752374 0 -0.0036629453306963877 -0.0036629453306963877 -0.00027564278654152894 0.057972250773541227 -0.0036629453306963877 -0.0017351138533426313 0 -0.00072479091945571892 0.053264661500041638 -0.0036629453306963877 0.028986038151692553 -0.0036629453306963877 0.00084865801678844657 0 0.010004468229060051 0.047208188293770208 0
leaf_weight=851.56132969715327 4.0882447781041256 1263.3016092824109 54.274687960096344 14.952361707117236 577.5013900641643 2.9975460490968535 345.25267149936553 13.666844021587169 12.690391414216718 319.8402280064256 46.295494336911361 23.699763769334822 145.31139264390731 145.02650569374237 241.63246256126149 12.887135986136853 6.6915570749697499 120.50359453531564 12.711215911331239 446.50552891373809 25.358670119952876 15.563035244194905 15.102967777478623 2.720789246857751 131.08351347639473 682.82801934282179 2823.5148230551276 15.135152173126697 9.0483224492490972 4.0367225062946082 83.138557720682002 4.0623731266678069 9.7322523917900963 10.820752231709774 12.556797471494063 4.0617423239309565 4.4618864340591236 16.670784088244545 47.477190377961961 28.302268790575908 46.803921158760204 5.0466461116156998 17.123268978277338 130.91053558215208 3.0875057300727349 6.9692540994728907 4.1313360850908785 48.006633131823037 6.2019580358901312 1.1201439501746788 2.2692917389649763 6.9669504178891648 3.0995734939060631 19.647857397329062 28.673381635861006 36.467087601020467 25.421062312801951 66.411798164670472 21.879531990751275 22.742895715098712 18.232012396387294 4.0324316362384698
leaf_count=45947 44 294407 1785 842 43056 177 29586 160 128 8574 1586 535 9147 8246 17973 864 531 7544 434 26129 1148 557 1200 80 26950 32177 201174 827 509 200 4508 277 604 505 798 152 193 1059 2943 987 4252 455 1527 11458 177 361 222 1041 318 59 122 382 160 1032 1583 416 1612 5360 1424 1532 1114 267
internal_value=8.80578e-05 -2.84772e-05 0.00194002 0.000803396 -0.000870868 -7.88181e-05 -0.00527463 0.0151282 -0.000417823 0.00694344 0.00863283 -0.00226984 0.00210761 0.00727077 0.000493921 0.0056125 0.0159587 8.12027e-05 0.0277267 -0.000255861 -0.000578177 0.0346507 0.0097791 0.00887467 -0.00366295 0.00108033 -0.000826518 -0.000239444 0.00767984 0.0205559 0.00105406 0.000582994 0.0200058 0.0147416 0.019599 0.0269998 0.0320786 0.00712407 0.0155181 0.0372819 -0.00069147 0.0050944 0.0140867 0.000339157 -0.0018754 0.0133115 0.0266549 0.0107771 0.0376482 0.0486899 0.0293817 0.0339718 0.0414561 0.0473767 0.00360671 0.0247175 0.00680931 0.00985046 0.0174433 0.0243449 0.0278569 0.0399969
internal_weight=9132.31 9065.4 2705.95 2213.83 6359.45 4965.07 385.04 66.9126 26.3572 492.117 437.842 69.9953 1828.79 294.4 4387.57 318.159 76.5263 4069.41 34.9658 3884.76 3723.04 28.2743 39.7876 88.2829 1394.39 1534.39 3634.76 3188.25 164.853 51.1555 113.697 149.374 24.6846 62.9242 52.1035 39.5467 35.4849 184.652 64.148 31.0231 3023.4 199.884 63.9272 135.957 104.649 21.5102 14.5409 367.847 10.4096 7.3221 36.0204 31.9837 25.0167 21.9171 41.5605 40.5553 161.717 136.296 69.8844 48.0049 45.0073 22.2644
internal_count=809417 808669 141547 128026 667122 345765 32232 748 288 13521 11736 2121 95794 17670 302709 21942 3969 280767 1522 269221 257735 991 2646 3863 321357 78124 253872 227743 8877 2723 6154 9424 1446 2715 2210 1412 1260 11546 4002 1067 218866 17692 5779 11913 5645 1137 776 9615 554 377 1896 1696 1314 1154 2447 460 11486 9874 4514 3090 2913 1381
is_linear=0
shrinkage=0.05


Tree=78
num_leaves=63
num_cat=0
split_feature=147 144 172 86 144 176 135 0 95 94 65 110 167 167 144 177 92 66 131 144 144 148 86 144 94 147 131 163 9 135 71 133 9 143 9 4 3 132 94 9 85 6 133 94 133 144 186 43 71 68 190 9 9 65 79 10 24 27 69 143 3 147
split_gain=5.10555 4.85318 6.89966 17.8707 7.98964 7.90622 16.6531 6.53716 5.96593 7.10369 5.74469 5.50591 5.39406 6.44145 5.0284 7.25963 6.31446 5.47932 5.21136 4.91414 6.68495 5.98074 5.24948 4.9819 4.94481 4.66562 4.15678 4.0108 3.99988 4.27262 5.52731 3.89056 3.86393 3.83883 3.6796 3.87264 3.66783 5.00239 3.65526 3.64848 3.59093 3.58443 3.54775 3.40939 3.3253 4.30246 4.27399 3.28577 3.95787 3.56139 4.63673 3.89243 3.2327 3.21288 4.38528 3.72019 4.46499 4.18423 3.59972 4.62928 3.26944 3.4568
threshold=0.95764091610908519 0.70466029644012462 1.0000000180025095e-35 2.5000000000000004 0.98694339394569408 1.0000000180025095e-35 4.0250000953674325 21.859661102294925 0.49489742517471319 21173.500000000004 -0.83091518282890309 3.5000000000000004 1.0000000180025095e-35 674.43499755859386 0.23968885838985446 1.0000000180025095e-35 -1.0000000180025095e-35 -0.89957988262176503 713.50000000000011 0.98694339394569408 0.83199360966682445 1.0000000180025095e-35 10.500000000000002 0.80014139413833629 1884.5000000000002 0.90144312381744396 1317.5000000000002 2.5000000000000004 0.28941318392753607 9.5000000000000018 0.6078576147556306 525.50000000000011 0.039093293249607093 0.45408296585083013 0.039093293249607093 17.049689292907718 0.43383644521236425 630.50000000000011 13189.000000000002 0.11316481605172159 13.500000000000002 14.884077548980715 366.50000000000006 245.50000000000003 388.50000000000006 0.764996498823166 12.500000000000002 0.95941510796546947 0.6078576147556306 0.76486444473266613 1.5000000000000002 0.67279058694839489 0.9181048870086671 -0.92398816347122181 0.60342514514923107 0.72364339232444774 1.1280919909477236 0.79807147383689891 0.87837556004524242 0.023919608443975452 0.39782577753067022 0.79915967583656322
decision_type=2 2 2 2 2 2 2 2 2 2 2 2 2 2 2 2 2 2 2 2 2 2 2 2 2 2 2 2 2 2 2 2 2 2 2 2 2 2 2 2 2 2 2 2 2 2 2 2 2 2 2 2 2 2 2 2 2 2 2 2 2 2
left_child=1 14 5 4 27 7 11 8 12 19 -8 26 33 -14 15 17 -17 -1 -16 20 22 38 23 36 32 -22 41 -4 29 34 31 -31 -23 42 -19 -36 37 43 -21 -33 -27 -7 53 -10 45 -44 -47 48 49 50 -20 -51 -53 -3 55 -55 57 -57 -58 60 61 -60
right_child=-2 2 3 -5 -6 6 10 -9 9 -11 -12 -13 13 -15 18 16 -18 28 47 21 25 24 -24 -25 -26 40 -28 -29 -30 30 -32 39 -34 -35 35 -37 -38 -39 -40 -41 -42 -43 44 -45 -46 46 -48 -49 -50 51 -52 52 -54 54 -56 56 58 -59 59 -61 -62 -63
leaf_value=-0.0063875049809510491 -0.0024331268911423607 0.0070268867090930894 0.031906741281961006 0.0018672307849351079 -0.0066778878161801794 0.044364038977903968 0.013679344799400434 0.010940252899093356 -0.01413931021824661 -0.014532859488798545 -0.011865099999216366 -0.0093822144168066793 0.029877297257432385 0 -0.0025344670171755174 0.055378804544175 -0.0014232204665242888 -0.0080998967625657472 -0.0028976600940526964 0.034095127569675997 -0.00496527340213288 0.0093683465971083103 -0.0099337835406319158 0.033215864643436614 0.02390048547562118 0.021690170494517904 -0.0019497640510597711 -0.0092018867552910739 0.00080941140833405343 -0.0033273398153203337 0.013164185490204865 -0.0016070663224351451 -0.026714955986415191 -0.0049089370128070509 0.024451719091252405 -0.0094760510266261363 0 0.04787384576569928 0.00041007551362758505 0.022250232999851096 -0.0022564194315347346 -0.0021823910583881616 -0.0050894787984037751 0.015332277384279312 0.002117454260316916 0.039517102315434052 -0.0019219180558588955 -0.0087313473415595016 0.008879076916089931 0.014412405674687177 0.018922370078157977 -0.011567584702488516 0.018949509495460017 -0.0032905711815070134 -0.0070757699416480434 0.0080734948266613423 -0.008387577618547656 0.048451766503538302 -0.0032146834154476267 -0.0072392060610920799 -0.0079251012532257324 0.038239865513365445
leaf_weight=177.99369347997708 1581.9145771248477 89.57902447395827 93.977774188562762 316.11840280140314 14.320461035822516 44.062086378959066 31.04177268040803 136.12241911317324 7.8514451134105903 39.661439916555537 50.807649243106425 4.2883377187026772 23.92684315200313 43.808709304023068 2454.9620687202223 6.8301648224442033 6.5277354901772906 8.7847398477606458 383.18169245696481 37.472974713862641 192.71882243697473 7.7889376984094332 19.013543180320994 27.565392731994507 8.6224013056198583 29.010799910684 4.5772048879007334 3.2431799436162683 868.88544557212663 196.38107571204819 111.68355146321483 26.151491284239455 13.380340233736204 739.73241503131794 63.900375997025549 5.7853120491054133 53.490119940426666 7.0068851037212871 11.968188081606057 28.40443008771399 24.283622576229391 2.9159697217401108 9.4572110804729146 35.121490870616981 99.550176612217911 18.311066551978005 6.3661050360387881 58.243660933570936 205.66921304973584 77.927097189509368 20.822325461078435 30.797805967937165 6.227490841960388 150.36438482485391 292.38342633880529 24.420826014324124 39.720653858552396 6.8879378938800064 4.1775849389523563 16.06376612686654 3.6899208331924447 17.355858501985495
leaf_count=17757 181701 8714 2129 12350 131 859 3304 6970 317 2139 5533 239 901 2683 238182 126 1374 173 29767 408 7795 76 1085 1273 102 1706 90 85 98482 12875 6427 1321 155 60864 2436 207 2377 313 151 1508 1577 50 495 1512 5689 954 329 4450 15285 5795 918 2410 488 21734 24749 1703 2962 581 213 1163 293 1348
internal_value=0.000141426 0.000686043 0.00233455 0.00815372 0.0249112 0.00126108 0.0126801 0.000520303 -0.00016738 0.00446943 -0.0016596 0.0325178 -0.00169812 0.0115589 -0.000284869 0.00209599 0.0334316 0.00168691 -0.00139807 0.00624193 0.00377379 0.0173263 0.0119229 0.0155267 0 -0.00123541 0.0369664 0.0299078 0.00282316 0.00668036 0.00417326 0 -0.01323 -0.00234207 0.0170225 0.0208545 0.00926973 0.0183387 0.0271868 0.0112196 0.0110924 0.0410619 8.13638e-05 0.00851404 0.00737026 0.019823 0.0294617 0.00212724 0.00308814 0.000682578 -0.00149436 0.00828529 -0.00419601 -0.0014368 -0.00289789 0.00170432 0.0084596 0.0230942 0.00149906 0.0114293 0.0233764 0.030165
internal_weight=9123.3 7541.39 2802.23 427.66 111.541 2374.57 137.693 2236.87 2100.75 514.956 81.8494 55.8436 1585.8 67.7356 4739.16 1501.33 13.3579 1487.97 3237.83 475.295 396.062 79.2328 150.049 131.035 29.7917 246.013 51.5553 97.221 1309.98 441.091 362.621 250.937 21.1693 1518.06 78.4704 69.6857 103.47 49.9798 49.4412 54.5559 53.2944 46.9781 778.328 42.9729 133.685 34.1344 24.6772 782.869 724.626 518.956 404.004 114.952 37.0253 644.643 555.064 262.681 112.317 31.3088 81.0078 41.2871 25.2234 21.5334
internal_count=809783 628082 188101 14695 2345 173406 10075 163331 156361 20986 8837 1238 135375 3584 439981 142686 1500 141186 297295 18847 17955 892 6877 5792 333 11078 999 2214 123429 24947 22131 15704 231 131791 2816 2643 4519 2142 559 2829 3283 909 70927 1829 7467 1778 1283 59113 54663 39378 30685 8693 2898 63460 54746 29997 8263 2284 5979 3017 1854 1561
is_linear=0
shrinkage=0.05


Tree=79
num_leaves=63
num_cat=0
split_feature=170 29 148 77 86 172 189 94 189 85 71 21 142 142 110 97 152 134 71 59 71 77 132 134 152 65 8 4 65 77 134 43 106 97 23 67 95 8 31 134 11 67 86 64 94 190 168 45 134 139 11 186 134 115 97 8 66 6 31 66 132 45
split_gain=4.82784 6.69132 6.79993 9.15397 7.89955 8.27424 6.63265 6.16426 5.94378 5.80878 7.18325 5.71913 5.15999 4.8325 4.80552 8.74253 6.56788 5.40417 4.68172 4.31825 4.22488 5.37867 3.85752 3.80285 4.59318 6.25971 6.62144 5.44884 6.18848 4.48736 3.89518 3.73557 3.72686 4.30666 3.67594 3.6567 3.62919 3.48301 3.4746 3.46378 3.46812 3.45124 3.4056 6.79765 5.09164 3.524 3.39187 3.30743 3.29284 3.25372 4.72062 3.15552 5.42825 4.50757 4.54962 3.68843 3.8161 3.6277 4.10563 4.23022 3.69914 3.79081
threshold=1.0000000180025095e-35 0.42010232806205755 1.0000000180025095e-35 9.2667322158813494 2.5000000000000004 1.0000000180025095e-35 -1.0000000180025095e-35 6796.5000000000009 0.31000000238418585 2.5000000000000004 1.0000000180025095e-35 0.1770347058773041 0.17810153216123584 31.629706382751468 3.5000000000000004 529.50000000000011 1.0000000180025095e-35 1352.5000000000002 -0.60785761475563038 2.5000000000000004 1.0000000180025095e-35 9.3710474967956561 154.50000000000003 503.50000000000006 0.96119695901870739 0.14302937686443332 1.393077611923218 4.5066370964050302 -0.77652010321617115 11.952653884887697 647.50000000000011 0.81019440293312084 0.97875669598579418 150.50000000000003 0.94691693782806408 0.98854619264602672 0.69716906547546398 0.89957189559936535 0.65406364202499401 242.50000000000003 0.165494479238987 -0.73062825202941883 3.5000000000000004 -0.11526256799697875 213.50000000000003 1.5000000000000002 1.0000000180025095e-35 0.50952637195587169 181.50000000000003 0.1848227605223656 0.54766127467155468 5.5000000000000009 1111.5000000000002 0.14567299187183383 262.50000000000006 0.74850422143936168 -0.91806456446647633 13.093070983886721 0.28940743207931524 0.55436673760414135 696.50000000000011 0.95477318763732921
decision_type=2 2 2 2 2 2 2 2 2 2 2 2 2 2 2 2 2 2 2 2 2 2 2 2 2 2 2 2 2 2 2 2 2 2 2 2 2 2 2 2 2 2 2 2 2 2 2 2 2 2 2 2 2 2 2 2 2 2 2 2 2 2
left_child=1 2 4 -4 5 6 -1 -7 36 10 18 -5 20 -14 15 17 41 34 -2 23 -6 -22 -12 -18 30 26 -26 29 47 31 -25 35 33 -21 51 -28 46 39 -17 40 -11 -16 44 -44 49 48 -3 -29 -46 50 -39 57 -53 -54 55 -55 -57 58 60 -60 61 -8
right_child=9 8 3 11 12 7 14 -9 -10 37 22 -13 13 -15 16 38 19 -19 -20 32 21 -23 -24 24 25 -27 27 28 -30 -31 -32 -33 -34 -35 -36 -37 -38 42 -40 -41 -42 -43 43 -45 45 -47 -48 -49 -50 -51 -52 52 53 54 -56 56 -58 -59 59 -61 -62 -63
leaf_value=-0.0038354714952969779 0.020359354384673425 -0.0022864129537742499 0.0013290387888520109 0.0072096467093904805 -0.0019851929009492399 0.00069553682132762014 0.03937957603375801 0.021968768681511586 0.0066993091501287337 0.032687689043047467 0.00096446367325212282 0.024459451252972223 -0.0069132517723312949 0.010761870313338143 -0.0038354714952969779 -0.0038354714952969779 -0.0038354714952969779 -0.0038354714952969779 -0.0063429551336611047 -0.0038354714952969779 -0.0019960397878080191 0.036371612771652163 0.032157684031747097 0.0094089924059062042 -0.0024533519201124648 -0.0030519936539771492 0.052741110939466623 0.0036551066831558734 -0.0038354714952969779 -0.00024935597948390776 -0.0035756769584328629 0.0066716486244403593 -0.001388012442043153 0.031062785520291222 -0.0038354714952969779 -0.0014381625909122677 0.0037615897021163872 -0.025684202409946212 0.022456400649891115 -0.0081457872961558375 -0.0043889645371838343 0.032749007135184208 0.0072026321053569251 -0.0055009903762545768 -0.0046837029407567708 -0.0087115757172424868 0.0066993091501287337 0.045428884713066046 0.01661063830736614 0.013860341049245767 0.013860341049245767 0.0030965800843644059 -0.00073903441303022142 -0.0038354714952969779 -0.0038354714952969779 -0.0011762296454746193 0.058713035553969978 -0.0013628512835518773 0.020284772981546004 -0.0004074771747547235 -0.00068058937232828853 -0.0038354714952969779
leaf_weight=503.5307094953132 18.392314172873739 4245.1435388244136 344.39284107795902 130.53296150660753 41.465070652775466 60.704419403729844 46.74259049083048 81.804978216154268 210.57007349551714 6.4929881527787101 14.894223638606489 84.429678372027411 567.55032308959198 36.022370073522325 4.0304092222650096 161.23123906094406 307.54061186313629 46.091710423381301 48.980934245802928 8.6020275604241743 12.940279502472551 16.645513869443676 44.507872885355027 62.863177254461334 39.057080646234681 82.925708048758679 24.798316061293011 11.88360845699208 27.176289425013238 7.1461083247850175 365.99611764699512 10.591273989542968 25.155577190467739 25.918917234710534 18.780440958085819 2.1976217664196147 269.94953925567097 21.530755234984102 7.5763594492309485 121.34349661548913 9.6097359168343228 18.425053411032422 206.08785584512225 204.16672539405408 16.452268921493669 13.861948133999247 25.584151054848917 6.9829649209132176 146.56747862165503 7.6953301138128145 5.0297442981973282 132.32790512438805 9.5117402924806829 1.4139761114493072 3.3770500335813258 1.9405236582533749 13.607308693986843 17.562310995883308 66.248513992090011 33.953974366813782 6.0406052728067143 2.3329826069530091
leaf_count=109165 279 445221 42487 5607 2760 2092 2184 3008 7946 218 207 3429 40531 342 195 11071 18474 2508 795 586 944 1004 608 3906 2631 4803 1432 623 1508 386 22294 704 2028 1747 846 113 16777 480 572 4963 504 761 8973 8523 485 249 1515 463 4100 196 163 7782 536 100 230 107 775 750 3540 1779 301 174
internal_value=0.000204697 -0.000170667 0.00149037 0.00651877 0.000509324 0.00194246 0.00112394 0.0134073 -0.00139284 0.00370294 0.0134327 0.0145004 -0.0042045 -0.00573753 0.00270734 0.00638064 0.00063644 0.0103842 0.00150406 0 0.00801083 0.0210049 0.0254067 -0.000867512 0.00141032 0.00734748 0.014042 0.0211578 0.00713478 0.0329203 -0.00152823 0.0391025 0.0124826 0.0221195 0.0124912 0.0480137 -0.00178056 0.00196742 -0.00298648 -0.00503776 0.0135792 0.0247657 0.00358466 0.000830247 0.00867798 0.0121114 -0.00214072 0.0264422 0.0142374 -0.00769825 -0.0159428 0.0137454 0.00806271 0.0257575 0.0368363 0.0455461 0.0515542 0.0185593 0.0209401 0.0133494 0.0320662 0.0362495
internal_weight=9116.91 8231.3 3480.05 559.355 2920.69 2246.07 2103.56 142.509 4751.25 885.614 126.775 214.963 674.624 603.573 1600.03 568.739 1031.29 399.932 67.3732 1008.84 71.0509 29.5858 59.4021 949.159 641.618 212.759 129.833 90.7762 46.0429 44.7333 428.859 37.5872 59.6765 34.5209 353.84 26.9959 4540.68 758.838 168.808 137.446 16.1027 22.4555 621.392 410.255 211.138 176.882 4270.73 18.8666 163.02 34.2558 26.5605 335.059 162.179 29.8506 20.3389 16.9618 15.5478 172.881 155.319 100.202 55.1162 49.0756
internal_count=809480 778737 307278 51523 255755 210174 205074 5100 471459 30743 1889 9036 45581 40873 95909 33255 62654 21612 1074 61698 4708 1948 815 57337 38863 12663 7860 5229 2594 2635 26200 2249 4361 2333 19104 1545 463513 28854 11643 5685 722 956 23169 17496 5673 4834 446736 1086 4585 839 643 18258 9530 1748 1212 982 882 8728 7978 5319 2659 2358
is_linear=0
shrinkage=0.05


Tree=80
num_leaves=63
num_cat=0
split_feature=170 144 144 134 66 136 176 94 142 142 184 113 141 25 67 134 31 43 9 144 144 130 8 8 69 130 43 144 11 66 142 142 143 187 189 94 0 147 139 144 65 94 9 8 134 152 21 87 147 144 94 15 11 15 65 15 20 82 152 142 144 47
split_gain=5.23869 4.48289 6.93233 4.28914 4.13716 3.80205 20.2727 7.45296 4.68619 6.19894 10.0116 4.29046 3.96792 3.87829 5.00229 5.13681 3.81888 4.29535 4.01524 3.81065 3.80187 3.72076 3.70524 4.52895 3.94577 3.74607 3.6345 3.60786 3.77176 3.97335 3.66008 3.55817 3.56422 4.51141 7.23349 4.15157 3.57944 3.42458 3.4897 3.40673 3.37452 3.3701 3.81615 3.26364 3.26022 3.22885 3.15011 3.08801 3.06563 3.0282 3.0226 3.70872 2.992 3.44771 3.27587 2.98704 3.91355 2.94017 3.01251 3.43394 2.93961 3.61885
threshold=1.0000000180025095e-35 0.69189634919166576 0.23968885838985446 1346.5000000000002 0.37588588893413549 1.5000000000000002 1.0000000180025095e-35 6187.0000000000009 1.0000000180025095e-35 0.045236393809318549 1.0000000180025095e-35 1.0000000180025095e-35 0.1187916360795498 0.29318368434906011 0.9448000192642213 587.50000000000011 0.34514273703098303 0.92089432477951061 0.4423577636480332 0.9803157150745393 0.50755655765533458 1202.5000000000002 1.4040980935096743 3.5091991424560551 8.7057447433471697 459.50000000000006 0.303002879023552 0.2091881260275841 0.17867864668369296 -0.86618727445602406 0.05433915741741658 0.41861760616302496 -0.84095597267150868 1.0000000180025095e-35 0.19000000506639483 2798.5000000000005 146.4827575683594 0.80104166269302379 0.1848227605223656 0.30839626491069799 -0.20181148499250409 24033.500000000004 0.79146429896354686 1.1843130588531496 969.50000000000011 0.86566039919853222 0.3866648674011231 2.5000000000000004 0.95558455586433422 0.67750346660614025 883.50000000000011 0.050709847360849387 0.25240680575370794 0.23590274155139926 -0.082825280725955949 0.36042262613773351 1.9977064132690432 1.0000000180025095e-35 0.70243334770202648 0.25790213048458105 0.50755655765533458 0.81709191203117382
decision_type=2 2 2 2 2 2 2 2 2 2 2 2 2 2 2 2 2 2 2 2 2 2 2 2 2 2 2 2 2 2 2 2 2 2 2 2 2 2 2 2 2 2 2 2 2 2 2 2 2 2 2 2 2 2 2 2 2 2 2 2 2 2
left_child=5 2 3 27 37 6 7 11 -7 10 43 13 -11 14 15 19 -8 -18 -19 -1 -4 -9 25 24 -24 -6 -17 30 -29 -30 -2 32 -15 34 -34 39 40 38 -3 -36 -35 42 45 -10 -39 60 -42 50 -47 -22 -32 -52 -33 54 -54 -45 -57 58 -48 -60 61 -14
right_child=1 4 20 -5 22 8 16 21 9 12 -12 -13 41 31 -16 26 17 18 -20 -21 49 -23 23 -25 -26 -27 -28 28 29 -31 47 52 33 36 35 -37 -38 44 -40 -41 46 -43 -44 55 -46 48 57 -49 -50 -51 51 -53 53 -55 -56 56 -58 -59 59 -61 -62 -63
leaf_value=-0.00040078768795664976 0.022995011452045248 0.0040631740261208053 -0.0092607499510032696 -0.010253483138333011 0.020354652412494133 -0.0062799094053268808 0.036648856242209149 0.013309118561600148 -0.0077050727739587975 -0.0062313312423756817 0.049793816931452073 0.018492061584024156 -0.0049790446305957728 -0.0088910712289774433 -0.010074658583325406 0.00024872912448672827 0 -0.0059128605413049503 0.031969173725122098 0.020589240273762948 0.0048858913585041177 -0.0080747708988262081 0.034332530353188742 0.003853616152662151 -1.745333694223842e-05 -0.0016275344797382206 0.02047583237715396 0 -0.0056898758036432375 0.04708593288734169 -0.012403624211784764 -0.015340438805322555 -0.0035554516698861113 -0.004465027570562735 0.050677834515576586 -0.00056553160505001744 0.029178718646991581 -0.0066358193610180725 0.02697242499380614 0 -0.011300751061134559 -0.0062313312423756817 0.0030492168841079526 -0.0010918273749621775 0.007928957989071183 0.0022125548234364699 -0.0023623776706473919 0.028158258847965158 -0.0036432456019300447 -0.017956793900748624 0.026890069483022007 0 0.030663553763778873 -0.0031368469210289428 -0.0024371082463805031 0.04200118740256964 -0.0015568276944665262 0 0.0067210690815692007 0.030922700542493627 -0.00045552090225297069 0.0027174101639536744
leaf_weight=223.11705908277872 23.46875979010656 68.377557438769145 167.59477747151686 22.916462160574156 22.27182330461801 398.11387592243045 32.646500039125385 142.02366952195007 27.725652201512275 321.21274758463915 10.400003368704345 24.198132401157636 973.19841397075652 59.574381636764883 52.245463994935562 34.547115648980252 33.495092551129346 5.7810735885104796 28.164349395567115 18.706677236477844 113.15945312782424 18.673769956352771 44.923690987270675 31.947534888255177 8.301237951818619 58.991283560491866 74.277292853588733 8.4961745881591941 2.2011451317812325 13.455891953912211 30.130742445224314 45.415559358221799 19.94688747368491 162.42342658354391 15.453478399780584 5.6195542789646415 6.3918332426837869 101.30639736830199 19.924102372577181 3.8541920692077829 19.040233379353595 187.24673265581077 729.60570945133077 14.408244073936659 54.494351492845453 1146.9005670392726 18.6866931437944 5.5767762046452836 270.1594931082509 11.336562679294728 10.79838285842561 64.684707661304856 9.9685137544001936 1144.9427425468275 11.091854589052671 8.6742855362535902 6.0383404191888976 66.184788791328174 39.431430693584844 27.765931584945065 1607.3870132472039 173.20783952696729
leaf_count=21609 429 983 8559 804 697 55889 1616 5067 4218 36872 443 819 92322 4425 3858 1333 3626 164 843 417 5218 728 1116 537 151 1813 2931 186 78 506 966 2127 1927 13356 214 61 329 3221 294 135 1140 16542 63493 860 1831 121805 1110 208 39414 513 171 2498 471 111436 474 638 428 6932 2470 1778 132687 21253
internal_value=4.03578e-06 0.00365212 0.000269863 0.00786493 0.00744535 -0.000387487 0.00130857 0.000291273 -0.00106895 -0.000680177 0.0138502 -0.000508 -0.000878069 -0.000787706 0.00356233 0.00577757 0.0227758 0.013649 0.0249449 0.00150584 -0.00442422 0.0105047 0.0134576 0.0205845 0.0290043 0.00493792 0.0145672 0.0108652 0.0273383 0.0388749 0.00685849 -0.00186877 0.00190753 0.0037361 0.0178375 0.0335256 0.00157048 0.00305781 0.0106687 0.0425517 0.000544399 -0.000529395 -0.000266961 0.00337622 -0.00129789 -0.000856001 0.00543326 0.00239445 0.00106969 0.00199977 0 0.0051705 -0.00327669 -0.00272196 0.0151483 0.0142423 0.0269955 0.0079807 0.0138185 0.0185164 -0.00185614 -0.00378774
internal_weight=9102.3 884.358 473.82 181.729 410.538 8217.95 2343.67 2243.58 5874.28 5476.17 67.2465 2082.88 5408.92 2058.69 402.894 350.648 100.087 67.4405 33.9454 241.824 292.091 160.697 166.436 85.1725 53.2249 81.2631 108.824 158.813 24.1532 15.657 134.659 1655.79 444.373 384.798 44.8741 24.9272 339.924 244.102 88.3017 19.3077 333.533 5087.71 4900.46 56.8465 155.801 4170.85 171.109 111.191 1417.06 124.496 105.614 75.4831 1211.42 1166 21.0604 29.1209 14.7126 152.069 85.8841 67.1974 2753.79 1146.41
internal_count=809039 30779 20136 5846 10643 778260 191396 185147 586864 530975 6587 179352 524388 178533 30148 26290 6249 4633 1007 22026 14290 5795 4314 1804 1267 2510 4264 5042 770 584 4272 148385 33877 29452 2337 410 27115 6329 1277 349 26786 487516 470974 6144 5052 407481 13430 3843 161219 5731 3635 2669 114508 112381 945 1926 1066 12290 5358 4248 246262 113575
is_linear=0
shrinkage=0.05


Tree=81
num_leaves=63
num_cat=0
split_feature=113 71 66 4 39 23 152 115 23 139 152 77 130 1 143 143 113 163 67 151 144 8 8 140 15 11 38 66 3 115 4 115 66 7 169 66 152 26 143 68 134 39 67 144 5 68 134 144 143 5 115 143 16 15 172 144 135 144 5 67 73 3
split_gain=3.44555 3.19721 3.88905 4.03951 4.74909 3.67544 4.44703 4.42376 3.43822 3.38537 5.81816 6.11054 6.54951 4.04838 3.50938 3.36782 3.13526 3.11269 2.85273 2.84019 3.1975 4.05146 3.16338 4.21413 4.06992 3.35712 3.63386 5.28647 3.5731 3.04869 2.93083 2.91839 3.87417 3.28936 2.83673 2.80771 2.8208 2.67187 3.24522 3.35055 4.89148 2.76496 2.6429 2.55373 3.92975 3.95118 2.52687 2.84965 3.04184 2.51101 2.49701 2.47063 2.43396 2.43063 3.85515 3.76719 3.08573 2.90438 4.30591 2.95402 2.92649 2.71171
threshold=1.0000000180025095e-35 -1.0000000180025095e-35 0.3235801905393601 6.4785373210906991 0.92371824383735668 0.76519274711608898 0.99171051383018505 0.078751351684331908 0.78777548670768749 0.17912449687719348 1.0943229198455813 11.059352874755861 225.50000000000003 0.91667214035987865 -0.47969946265220637 -1.2071101069450376 33.55315017700196 1.5000000000000002 0.38843747973442083 1.0000000180025095e-35 0.6673286259174348 3.5091991424560551 1.209571421146393 0.15036074817180636 0.34782361984252935 0.12795876711606982 0.26979328691959387 0.44682487845420843 0.43322123587131506 2.6342213153839116 2.4349662065505986 0.14181862026453021 0.97460368275642406 0.92300865054130565 1.0000000180025095e-35 0.26889586448669439 0.8771573305130006 1.4119561910629275 -0.29339092969894404 -0.02516631223261356 994.50000000000011 0.81973153352737438 0.97906324267387401 0.90152683854103099 0.12000801786780359 0.64746510982513439 1043.5000000000002 0.41389873623847967 -0.8210650086402892 0.3381373137235642 0.11518101766705514 -0.59439989924430836 43.731225967407234 0.10881743580102922 1.0000000180025095e-35 0.52938154339790355 119.50000000000001 0.96691203117370617 0.11905121430754663 0.87852981686592113 1.0000000180025095e-35 0.46960954368114477
decision_type=2 2 2 2 2 2 2 2 2 2 2 2 2 2 2 2 2 2 2 2 2 2 2 2 2 2 2 2 2 2 2 2 2 2 2 2 2 2 2 2 2 2 2 2 2 2 2 2 2 2 2 2 2 2 2 2 2 2 2 2 2 2
left_child=1 2 3 15 8 6 7 -6 50 -3 11 13 14 -11 42 -1 -2 -12 -18 22 -21 -22 -4 24 25 28 27 30 -24 46 -27 32 33 -26 -15 53 -37 -33 41 40 -40 -39 49 -14 -45 -46 47 48 -28 -13 -5 52 -43 56 57 -56 -17 -55 -59 60 61 -60
right_child=16 9 19 4 5 -7 -8 -9 -10 10 17 12 43 34 -16 35 18 -19 -20 20 21 -23 23 -25 31 26 29 -29 -30 -31 -32 37 -34 -35 -36 36 -38 38 39 -41 -42 51 -44 44 45 -47 -48 -49 -50 -51 -52 -53 -54 54 55 -57 -58 58 59 -61 -62 -63
leaf_value=0.015470685576339108 0.035787102561527701 0.00010572689294186013 -0.0017177844679185979 0.0020595541767504007 -0.0039512840170824312 0.00095194173726209164 0 0.068065933481078394 0.019016834459596031 0.00023244424656803013 0.028292820111201045 0.040506171606183888 0.0010227315390388121 0.022568581560847196 0.0099284835270855038 0.001674395583200631 -0.0066478676973623536 0.00010572689294186013 0.020016535140816295 0.00057924957700519134 0.021137150804991452 -0.0054603323923132392 -0.0093852527225889455 0.033308159978869996 0.014065078717396307 -0.0035339500476021311 -0.006928619646617399 -0.01091214601579899 0.02552165400294041 0.030372192248980936 0.029105995786654321 -0.0066748407495904501 -0.0037560013745535324 -0.0024062655834661971 0.00010572689294186013 -0.017907252837473252 0.0015326240793733913 -0.015374185999950288 0.033308159978869996 -1.7972816114581913e-05 -0.0021396528178278728 0.033308159978869996 0.00010572689294186013 0.0018359888046520789 0.043951030282247734 0.00010572689294186013 -0.01452259552897648 -0.0071743523597787469 0.03161473205364751 0.00010572689294186013 -0.014683998833262484 -0.0027377134915095342 -0.0054084098546226022 -0.0020824878895481067 -0.0041542325767282484 0.011524203265200391 -0.011760824859198934 0.015390768387066447 -0.023803071196566827 0.0065223992531488889 0.0015294909129485482 -0.00044042134722300586
leaf_weight=19.716231012615026 7.5944593939930192 3397.2506118882375 883.06063251207161 71.522750684831408 1.2423717653291548 12.127530225254302 4.4692010173166636 5.344545823019871 17.204116623899608 1242.1863544871303 28.386814666700957 26.838293919288851 188.68064280829276 30.367320583216497 52.220846762502333 54.769517214066582 19.287357853871075 4.8214670607194412 11.599802858458132 90.340133803845674 53.05690659765969 14.867302427664979 6.9993519544150358 6.2766161779873064 176.54101043011542 9.2575536564800149 3.9124560237505621 163.61061853081264 14.975892812828532 6.0515119675001179 9.1413437368282739 75.450791257058881 46.810007499178028 31.797372787248605 14.833868594374506 54.645015399823023 22.805858078936581 21.337947593368881 18.072404477577951 22.556942212442664 10.173880984089918 4.347610873628585 2.2166171653807387 33.884476938197622 10.310928131249968 5.8588485335640135 12.826885890139236 10.945730962674132 11.045672925763942 2.5937754876649697 25.71411683770566 18.832256448440603 2.150866283045616 1589.131441323967 56.448723625144339 93.287320312716474 139.39658400963526 10.080148164692217 66.849834267537517 12.678097387026353 16.921301311351272 17.918176073169889
leaf_count=2321 162 351236 95938 3578 93 699 287 346 1082 69699 1198 978 9695 1541 2025 2363 1181 163 723 9180 4085 595 308 329 12345 541 249 9269 667 383 527 6185 3254 2232 1019 4690 2355 1703 1323 1661 728 269 115 769 285 156 820 698 734 123 1673 1332 125 170127 4404 4779 8105 188 2438 781 995 1987
internal_value=0.000245497 0.000175196 -0.000873207 -0.00222378 0.00588505 0.0243228 0.0401218 0.0564814 0.00107876 0.00101566 0.0028757 0.00239276 0.00849853 0.000816423 0.0201861 -0.00276572 0.0142941 0.022258 0.00406305 0.000908879 0.00719019 0.0149974 0.00023737 0.00279524 0.00223344 -0.0027529 -0.00472751 -0.00790704 0.0137979 0.00718919 0.0143687 0.00518723 0.00853454 0.0114365 0.0147453 -0.00298158 -0.012134 6.71029e-06 0.00549604 0.0137694 0.0238784 -0.0034873 0.0327656 0.00396014 0.0134802 0.0305033 0 0.00909687 0.0210705 0.0365348 -0.00262531 0.00658541 0.0252195 -0.00259634 -0.00201078 0.00550881 -0.00789866 -0.00269651 -0.00996089 -0.0129559 -0.0158105 -0.0194428
internal_weight=9095.65 9057.16 4016.71 2292.27 137.625 23.1836 11.0561 6.58692 114.441 5040.45 1643.2 1609.99 322.604 1287.39 83.8695 2154.65 38.4816 33.2083 30.8872 1724.44 158.264 67.9242 1566.18 683.115 676.838 248.767 226.792 182.01 21.9752 44.7823 18.3989 428.071 255.148 208.338 45.2012 2134.93 77.4509 172.923 97.4719 50.8032 28.2463 46.6687 31.6487 238.735 50.0543 16.1698 38.7307 25.9039 14.9581 29.4321 97.2369 25.3307 6.49848 2057.48 1863.32 149.736 194.166 1713.58 124.448 114.367 101.689 84.768
internal_count=809839 807773 368771 213291 7758 1425 726 439 6333 439002 87766 86405 14146 72259 3241 205533 2066 1361 1904 155480 13860 4680 141620 45682 45353 14196 13221 10337 975 2884 1068 31157 17831 14577 2560 203212 7045 13326 7141 3712 2051 3429 1216 10905 1210 441 2501 1681 983 1101 5251 1726 394 196167 185699 9183 10468 176516 6389 6201 5420 4425
is_linear=0
shrinkage=0.05


Tree=82
num_leaves=63
num_cat=0
split_feature=141 144 144 13 68 143 177 73 77 10 94 144 177 32 15 5 68 152 169 77 144 64 143 144 69 39 64 181 68 130 159 144 65 189 143 68 130 104 69 9 101 43 92 13 135 21 143 6 64 110 55 69 92 135 135 41 29 141 11 135 9 68
split_gain=5.97407 6.8905 6.67802 9.02224 6.37313 6.18715 4.96463 5.40206 5.22581 4.32997 4.29416 4.23107 7.65857 7.89612 5.28971 4.92461 4.73469 5.7039 4.38962 6.89851 4.77749 4.62027 5.54006 5.89724 4.90818 4.18845 4.06838 4.04082 4.24307 4.87399 3.99221 3.97609 3.94782 3.93895 5.18431 4.02424 3.87568 3.55885 4.24038 3.89066 3.62859 3.52401 4.42398 3.42775 3.40005 3.3184 4.43229 3.87382 3.09803 3.08819 3.06703 2.99101 3.53424 3.79494 2.97735 2.89086 4.35528 3.24049 2.82432 2.81347 5.37736 2.78745
threshold=0.11507079750299455 0.69189634919166576 0.80597889423370372 0.10937105119228364 0.15725212544202807 -0.34811471402645106 1.0000000180025095e-35 1.0000000180025095e-35 11.543421268463137 2.8771098852157597 4042.5000000000005 0.23968885838985446 1.0000000180025095e-35 -1.0000000180025095e-35 0.26255148649215704 0.17983883619308474 0.90448296070098888 0.94824159145355236 1.0000000180025095e-35 9.9768414497375506 0.058734185993671424 0.46202930808067327 -0.66101068258285511 0.17632728815078738 8.1041522026062029 0.91727638244628917 0.48529867827892309 1.0000000180025095e-35 -0.7888703942298888 1123.5000000000002 4.3824262619018564 0.18388988822698596 0.9015919864177705 1.0000000180025095e-35 -0.24598970264196393 0.88701641559600841 1154.5000000000002 5435.8747558593759 8.1041522026062029 0.50052896142005932 53501.660156250007 0.95151418447494518 0.56711712479591381 0.043343873694539077 693.50000000000011 0.1770347058773041 0.13413671404123309 4.6876673698425302 -0.4052149355411529 1.0000000180025095e-35 24.500000000000004 0.098288092762231841 0.70900535583496105 22.500000000000004 137.50000000000003 0.88318616151809703 0.54449820518493663 0.12960691004991534 0.38491943478584295 263.50000000000006 0.11288573220372201 -0.94786915183067311
decision_type=2 2 2 2 2 2 2 2 2 2 2 2 2 2 2 2 2 2 2 2 2 2 2 2 2 2 2 2 2 2 2 2 2 2 2 2 2 2 2 2 2 2 2 2 2 2 2 2 2 2 2 2 2 2 2 2 2 2 2 2 2 2
left_child=-1 11 3 4 27 6 7 8 10 -8 37 12 15 -14 16 18 49 -18 19 -2 54 -22 23 30 58 -17 31 28 32 45 36 -27 43 -5 -35 50 -23 38 39 40 44 61 -43 -3 48 46 -30 -47 -4 -13 -36 -44 -53 -54 -21 -28 57 -57 -24 -6 -61 -7
right_child=1 2 5 33 59 41 9 -9 -10 -11 -12 14 13 -15 -16 25 17 -19 -20 20 21 22 24 -25 -26 26 55 -29 29 -31 -32 -33 -34 34 35 -37 -38 -39 -40 -41 -42 42 51 -45 -46 47 -48 -49 -50 -51 -52 52 53 -55 -56 56 -58 -59 -60 60 -62 -63
leaf_value=-0.0056376245946974154 -0.0014504322035016994 -0.0053205641658027637 0.017813263898864118 0.00032533701311881228 -0.0056376245946974154 -0.0056376245946974154 -0.0056376245946974154 -0.0011448869480271703 -0.0017945744866305483 0.02545092237252777 -0.0014394659353893328 0.016876061561552812 0.060524963978595095 -0.0013691050732809696 -0.00066561715147548653 -0.0013643125475440226 -0.00061790753384812782 0.026787482796623758 -0.0056376245946974154 0.012779129563179992 0.0084676426799259307 0.067422358857286577 0.033694460314899165 0.0077090692484478307 -0.0056376245946974154 -0.0056376245946974154 0 -0.0056376245946974154 0.0037044994574953307 -0.004488701279224877 -0.0027461121925148541 0.018518062171237974 -0.0056376245946974154 0.00032533701311881228 0.018955128363247763 0.00032533701311881228 0 -0.00021117298860888283 -0.0013489476615785934 -0.0054848727252265143 0.012501769510727899 -0.0028984335284334664 -0.0015401139144255367 0.028489420528413328 -0.0042611049172470708 0.049274178221699341 0.039955340297937222 0 0.062179626860395576 -0.0056376245946974154 0.00032533701311881228 0.0052109256657371043 0.040290757809822747 0.0012538032554591048 -0.0056376245946974154 0 0 0.060697706501834196 -0.002089786656158658 0.034273473550992431 -0.00014498303603619801 -8.6185525732247276e-05
leaf_weight=456.63736238467391 122.79896329342955 6.9699146368802785 12.941571028077297 523.12533548459032 39.30569325711258 223.44949263738454 35.893263850590301 41.272058438949898 20.398099739039026 6.088095631406758 11.191450686288588 10.42985829950703 5.9350692421285203 7.9110959457175323 2602.3897204653476 1265.2873972077759 93.424105819336546 18.270714438964205 37.651819969760254 24.518945796487969 83.660470796130539 16.246460456706711 15.572015672703857 12.607344263560661 17.389882388924889 35.892482321098214 8.8714858029852639 9.7502799197682162 27.332105004170444 7.1055950883892356 1.4128012306173321 18.175069601966243 20.100606949912617 56.666070270206546 124.16223535079916 24.459037000313401 1.6098317472351471 7.5330103650921947 6.4440217487390319 2.9047058596152047 16.405482025082165 57.555113667698606 19.084575417742599 21.304476294288179 1.3135562036222825 34.033559000607056 9.5461784110448189 5.4787936396605792 23.323602967877385 901.09836280399395 9.3357362738752254 31.84284825452778 21.475730663878497 10.350288714547785 32.117832765798084 1.8352336688694757 4.7731418747462149 7.1843755730697012 5.0595568235912642 11.425031672093608 32.047727138131449 1791.7819394874823
leaf_count=47822 8446 223 435 62898 1509 13848 5166 1970 1825 265 350 611 99 1634 279223 139719 5618 1145 2397 1683 3785 511 904 592 1122 4525 776 543 1690 241 81 1437 1192 2888 6516 1339 46 817 228 171 1029 6162 2877 1096 116 1562 434 194 897 61236 649 2261 786 1008 3777 163 515 638 309 493 1752 114980
internal_value=-9.36632e-05 0.000199018 0.00199541 0.00549353 0.0141877 0.00053854 0.00917385 0.0135358 0.0194604 -0.00507892 0.0248308 -0.0009059 0.00112009 0.0328538 -0.00187777 0.000754094 -0.00491814 0.00460643 0.00582155 0.00776808 0.0131784 0.0176355 0.0269768 0.0414193 0.0108809 -0.000643317 0.010296 0.0204848 0.0227881 0.0295805 0.0563127 0.00165526 0.00892313 0.00273767 0.00836241 0.0132286 0.0616578 0.0291305 0.0327464 0.0368094 0.039781 -0.000213366 0.00729175 0.0198565 0.0482364 0.0331377 0.0173353 0.0437211 0.0510297 -0.00563762 0.016709 0.0144253 0.0193386 0.0301682 0.000238108 0.0259807 0.0371243 0.0512258 0.0252478 0.00257636 0.010987 -0.000765031
internal_weight=9112.16 8655.52 3303.4 962.148 224.4 2341.25 185.709 143.728 102.456 41.9814 82.0574 5352.12 1726.51 13.8462 3625.61 1712.67 1023.22 111.695 370.646 332.994 210.195 153.558 69.8979 31.8764 38.0215 1342.02 76.7318 141.622 131.871 83.4962 19.2691 54.0676 48.375 737.748 214.623 157.957 17.8563 70.866 63.3329 56.8889 53.9842 2155.54 140.309 28.2744 37.5787 76.3906 36.8783 39.5124 36.2652 911.528 133.498 82.7534 63.6689 31.826 56.6368 22.6642 13.7928 9.01961 20.6316 82.7785 43.4728 2015.23
internal_count=809224 761402 240410 85219 10929 155191 13269 7838 5868 5431 4043 520992 173159 1733 347833 171426 68610 6763 23653 21256 12810 7350 3565 1230 2335 147773 8054 7175 6632 4121 638 5962 2511 74290 11392 8504 557 3693 2876 2648 2477 141922 13094 1319 1448 3880 2124 1756 1332 61847 7165 6932 4055 1794 5460 2092 1316 801 1213 3754 2245 128828
is_linear=0
shrinkage=0.05


Tree=83
num_leaves=63
num_cat=0
split_feature=159 170 151 10 144 68 133 8 132 144 73 10 29 144 144 139 132 143 144 144 147 152 25 139 144 134 92 144 134 152 2 77 29 132 38 68 68 37 2 71 19 132 69 144 97 67 4 147 20 21 132 68 68 71 0 132 69 72 9 77 132 68
split_gain=6.08587 5.61979 4.44012 6.06827 6.73213 6.27927 5.51706 5.22187 5.3364 4.60197 4.6965 4.42989 3.8631 5.81652 9.37204 7.16264 5.8052 5.04618 4.80337 5.34036 7.15427 5.85095 5.65482 6.14228 6.33668 5.22944 5.25573 4.6592 4.07545 3.88595 3.79261 3.73214 3.71259 5.32302 4.24237 9.49991 4.81332 3.92817 3.7219 3.46671 3.45468 3.94028 3.39621 3.37235 3.64776 3.36091 3.32346 4.01605 3.46084 3.27067 3.23575 3.21348 3.79912 3.31696 3.11174 7.68372 4.34037 3.2625 3.21938 3.06625 3.71814 3.29738
threshold=38.564739227294929 1.0000000180025095e-35 1.0000000180025095e-35 3.1591613292694096 0.98694339394569408 0.59800779819488536 523.50000000000011 0.93192416429519664 64.500000000000014 0.53489148616790783 1.0000000180025095e-35 0.10197831690311433 0.42010232806205755 0.17632728815078738 0.18388988822698596 0.15667280554771426 85.500000000000014 -0.8210650086402892 0.93514493107795726 0.9146985411643983 0.64785373210906994 0.87482970952987682 0.49350087344646459 0.17912449687719348 0.87233012914657604 181.50000000000003 0.63060426712036144 0.28847827017307287 355.50000000000006 1.2298930287361147 44.066831588745124 11.505046844482424 0.39081972837448126 249.44999694824222 3.8142437934875493 -0.14762392640113828 0.074154790490865721 0.99327301979064953 116.41193771362306 1.0000000180025095e-35 0.95413577556610119 264.50000000000006 2.5866686105728154 0.96691203117370617 5.0250000953674325 0.80780458450317394 0.80408453941345226 0.93186652660369884 5.6360294818878183 0.64552298188209545 46.500000000000007 0.57854375243186962 0.99507001042366039 1.0000000180025095e-35 6.2745394706726083 13.500000000000002 0.33055236935615545 0.81174489855766307 0.91428551077842724 9.1614294052124041 394.50000000000006 -0.072877708822488771
decision_type=2 2 2 2 2 2 2 2 2 2 2 2 2 2 2 2 2 2 2 2 2 2 2 2 2 2 2 2 2 2 2 2 2 2 2 2 2 2 2 2 2 2 2 2 2 2 2 2 2 2 2 2 2 2 2 2 2 2 2 2 2 2
left_child=1 12 7 5 51 6 9 8 -3 10 -4 -2 13 15 -15 16 -1 31 19 21 -21 40 23 -23 27 43 -27 -25 -22 32 -18 -17 34 -34 36 37 -24 38 -36 -7 -16 -42 49 44 -20 -37 -35 48 -48 -38 -9 -5 53 -53 58 56 -56 -57 -14 -52 61 -61
right_child=11 2 3 4 -6 39 -8 50 -10 -11 -12 -13 54 14 18 17 30 -19 25 20 28 22 29 24 -26 26 -28 -29 -30 -31 -32 -33 33 46 35 45 42 -39 -40 -41 41 -43 -44 -45 -46 -47 47 -49 -50 -51 59 52 -54 -55 55 57 -58 -59 -60 60 -62 -63
leaf_value=-0.0046676639847509412 -0.010322105117941172 0.027996497186339633 0.022473818342761069 -0.010091040855160162 0.029319055066867508 -0.011189829149964359 0 -0.012676699963842906 -0.0089970920593766945 0.041824213566413457 -0.017482414682940216 0.020298656572634174 -0.0021714091633422195 -0.018539668020344749 -0.0020189652140704772 0.040301286129062266 0.00948712912454505 0.00948712912454505 0.020988003307607681 0.0092508130273740337 -0.027497007462268842 -0.00057304219814432815 -0.010502167257240866 0.025851683588003427 0.041502192704590962 -0.0044383059913392069 0.015686223221502732 0.0027536108181433782 -0.0027662267975060175 -0.0066290299826572436 -0.0098967854391936259 0.00948712912454505 0.0032859163921909944 0 0.059330848660731517 -0.015591057375591914 0 -0.0056428216846594508 -0.00412134341870152 0.01626110335099935 -0.0061921651546874897 0.02944967807391722 -0.0011922667291216049 0.0053715289138248617 -0.0042637973910110497 0.021963869252111152 0.070445025673773906 -0.0039810049064170757 0 0.04403440797530736 0.0001597072673883056 0.029593326589712504 -0.022225772518681092 0 0.034707292175135178 -0.00044901063841096267 -0.0078526605747385649 0.0090535435871071154 0.0025433019126151067 0.020574306191959157 0.0016679674529174672 0.0057020000350851072
leaf_weight=142.26713034190834 10.160346155287696 5.3854800503322613 16.371930303866979 63.504400694713695 13.316073599853551 22.005580549535807 17.532440230541397 21.477231550918077 134.28361635970941 38.90845424021245 6.1533692306838921 56.603269435523544 3464.7531852978318 59.027657538568747 1392.3067938369277 26.143374325489283 115.7166494597659 87.523135440933402 80.908747534631402 27.098034989860025 45.435396834829589 632.37664014596885 34.193994249962998 21.963047311313858 10.01548393237317 176.96976300074675 34.345775784961006 143.88206065161648 30.327097186804167 18.485360458467767 20.169795249814342 4.2162901073752428 13.784150234732808 2.4571052884457449 12.59330813844281 12.819465536675127 6.5800302561110602 1.436288060627702 1.1279923733891326 14.988224236731183 9.1326088587156864 13.644754834906051 14.255864625967659 207.69128887194529 13.465365727253809 3.7827703242583075 9.457506390015622 1.2251133159043082 2.0703577300955649 7.5994295113923727 198.55433907751285 13.107326835248388 3.6396111253707195 17.719427020492731 21.052190325834093 725.49178157038477 4.5618462078564326 97.595837286280585 395.34593392543684 77.488430724028149 131.30324238991307 89.079089005928836
leaf_count=27814 99 206 351 1261 98 397 300 660 5991 553 138 668 370344 4566 130643 690 12292 5074 3127 1760 3469 71734 2234 1346 502 9110 1530 9618 2130 1283 1366 81 1837 186 771 845 441 89 67 231 694 899 964 5537 2234 229 668 95 139 504 8990 240 66 288 268 57835 63 7488 35433 2788 4980 3238
internal_value=0.000386135 0.000267908 0.0040417 0.0100151 0.0012841 0.0177881 0.0253531 0.00187965 -0.00647955 0.0319379 0.00945752 0.0148958 -0.000141197 0.00112895 0.000373078 0.00679262 0.00220451 0.016885 0.000786304 -0.000122562 -0.0110106 0.000362633 0.00339654 0.00170914 0.00984282 0.0051629 -0.000764859 0.0066259 -0.0186912 0.0124541 0.00948713 0.0334269 0.0156547 0.0305556 0.00951905 0.0230505 0.00109064 0.0462482 0.0530717 0 -0.00166155 0.0157168 0.0152647 0.00933612 0.0171002 -0.00277382 0.0471047 0.0547172 0.061785 0.0291113 0.0042222 -0.00352222 0.0076925 0.0145315 -0.00107367 0.00164574 0.0262662 0.000695406 -0.0016794 0.00512228 0.00829044 0.0131644
internal_weight=9096.88 9030.11 884.818 227.247 111.287 115.96 78.9662 657.571 139.669 61.4338 22.5253 66.7636 8145.3 3436.5 3040.46 396.036 278.154 117.883 2981.43 2468.05 102.861 2365.19 950.106 808.237 175.861 513.381 211.316 165.845 75.7625 141.869 135.886 30.3597 123.383 28.9942 94.3891 31.7598 62.6293 15.1576 13.7213 36.9938 1415.08 22.7774 28.4353 302.065 94.3741 16.6022 15.2101 12.753 11.5279 14.1795 517.902 97.9708 34.4664 30.8268 4708.8 848.702 25.614 823.088 3860.1 496.425 297.871 166.568
internal_count=809542 808775 30776 3923 1953 1970 1342 26853 6197 1042 489 767 777999 306568 259251 47317 41472 5845 254685 233147 7359 225788 93552 83200 11466 21538 10640 10964 5599 10352 13658 771 9069 2925 6144 2001 4143 927 838 628 132236 1593 1909 10898 5361 1074 1088 902 807 945 20656 1855 594 528 471431 65654 331 65323 405777 19996 11006 6026
is_linear=0
shrinkage=0.05


Tree=84
num_leaves=63
num_cat=0
split_feature=164 189 76 132 132 94 141 85 69 94 6 23 25 1 25 47 132 22 187 135 134 134 11 33 133 7 134 112 6 6 67 10 132 147 69 135 6 75 132 4 43 55 106 0 47 11 33 147 134 63 4 130 140 76 60 45 63 45 22 135 33 173
split_gain=4.75011 4.02924 5.96734 4.7954 4.15052 3.95096 3.31658 3.23848 3.04762 2.87954 2.83907 2.9774 2.50892 2.35735 2.28549 4.32442 1.89867 1.80972 1.80039 1.57499 1.53242 1.79109 1.67414 1.36198 1.36039 1.29592 1.24814 1.17318 1.15093 1.3849 1.07585 1.22012 1.42774 1.23727 1.04694 0.896762 0.849612 1.08473 1.11011 0.791201 0.773229 0.760315 0.745061 0.692613 0.67907 0.65173 0.635721 0.573668 0.539995 0.497043 0.492671 1.34968 0.474893 0.471174 0.486974 0.44722 0.44516 0.413744 0.403288 0.374528 0.329764 0.32718
threshold=1.0000000180025095e-35 0.35000000894069677 2825.9030761718755 46.500000000000007 430.50000000000006 22306.000000000004 0.10734267532825471 2.5000000000000004 9.0720162391662615 23695.500000000004 0.14046381413936618 0.92661303281784069 0.3109413087368012 0.97274652123451244 0.74870833754539501 0.20109285414218905 853.50000000000011 24.750762939453129 1.5000000000000002 27.050000190734867 355.50000000000006 1439.5000000000002 0.97683057188987743 0.93080550432205211 431.50000000000006 0.6807055175304414 118.50000000000001 0.90230610966682445 6.1264579296112069 2.447739958763123 0.99156203866004955 3.2123451232910161 121.50000000000001 0.98382312059402477 9.0720162391662615 576.50000000000011 0.44966796040534979 0.36666667461395269 91.500000000000014 2.5546226501464848 0.3026223778724671 30.500000000000004 0.77346038818359386 137.80219268798831 0.20083485543727878 0.11486797034740449 0.97891882061958324 0.85760369896888744 438.50000000000006 0.93951362371444713 0.85561770200729381 854.50000000000011 0.12921543419361117 91.887310028076186 136.76724243164065 0.57028579711914074 -0.30134384334087366 0.95737043023109447 3.5956152677536015 302.50000000000006 0.97886157035827648 1.0000000180025095e-35
decision_type=2 2 2 2 2 2 2 2 2 2 2 2 2 2 2 2 2 2 2 2 2 2 2 2 2 2 2 2 2 2 2 2 2 2 2 2 2 2 2 2 2 2 2 2 2 2 2 2 2 2 2 2 2 2 2 2 2 2 2 2 2 2
left_child=1 6 3 7 12 14 25 -3 27 17 -6 13 18 16 26 -16 24 23 -5 -11 -17 22 30 52 40 -1 58 -2 29 36 31 32 -22 41 39 -21 -27 38 -38 56 -12 -34 60 50 -30 -20 49 48 -25 61 -42 -52 -8 -40 -55 -50 -7 -49 -4 -9 -19 -46
right_child=8 2 5 4 10 34 9 59 -10 19 11 -13 -14 -15 15 20 -18 42 45 35 21 -23 -24 47 -26 28 -28 -29 44 -31 -32 -33 33 -35 -36 -37 37 -39 53 -41 43 -43 -44 -45 46 -47 -48 57 55 -51 51 -53 -54 54 -56 -57 -58 -59 -60 -61 -62 -63
leaf_value=-0.0056318826701286864 0.040563054061245163 -0.00041709434274697144 0.018477902857087749 -0.00041709434274697144 -0.00041709434274697144 0 -0.0056318826701286864 0.04712632897774955 -0.0076561369373870916 -0.00041709434274697144 0 -0.00041709434274697144 -0.00041709434274697144 -1.9985005438053422e-05 -0.00041709434274697144 0 0 -0.0056318826701286864 0 -0.0056318826701286864 0 -0.00041709434274697144 -0.00041709434274697144 -0.00041709434274697144 0 -0.0056318826701286864 -0.00041709434274697144 0 -0.0056318826701286864 -0.0056318826701286864 0 0 0.06017828446734224 0 -0.00039867600347995129 -0.00041709434274697144 -0.0056318826701286864 -0.0056318826701286864 -0.0056318826701286864 0 0 0 -0.00041709434274697144 0 -0.028851693456364215 0.038437797559186811 -0.0056318826701286864 -0.0056318826701286864 -0.00041709434274697144 -0.0056318826701286864 0.055411734055417453 0 -0.00041709434274697144 -0.024638125626380632 -0.0056318826701286864 -0.0056318826701286864 0.039696928457907565 -0.00041709434274697144 0 0.0059840511003233154 -0.00041709434274697144 -0.0056318826701286864
leaf_weight=203.57519188764127 8.2632188460265734 2.7866660375148085 10.967431224096769 2.988016483053797 6.4521229900419703 1.3857651114230964 133.87825245552813 12.140527069626836 2.47507151053287 28.517033299751347 1.8057518944551976 5.2205726755782953 44.637503660662333 3.3027979098260394 15.935446073359342 4.3453781438292962 2.0428761040675445 141.65877106156768 1.452869269705843 256.08144171478125 1.1172197252453653 1.5034983216028184 0.93408062745584253 40.290477097598341 1.0787851125642181 7.1141101196772061 199.301820225548 2.2147419223038005 0.72961558290266637 20.917792557695066 1.0497420420870192 2.1965819709585039 6.8167530097125528 0.84405561836320053 1.2073342509393112 27.912960257512168 3.188112587456998 10.649209108250941 0.77294913323566916 1.3205962325446305 1.1738204921420994 1.1886353564041199 21.192647051178938 1.0366968791931874 17.229406033409813 3.2152061292144936 0.81450402809423295 186.18954915392897 8.6314905306790042 1.4470887677307462 12.425881751434643 1.1509870790760022 7523.8144932877585 32.304793276580313 1.3003897098205914 21.774627714166854 4.8812121060327618 24.776884610586421 1.8599072818760767 3.7944235744653279 7.1590006663063823 0.6555644251202456
leaf_count=24515 188 42 279 104 194 59 7564 192 50 1358 86 203 1760 141 713 196 86 14626 35 21035 53 64 43 8053 40 705 6108 55 57 1780 48 79 315 51 50 2612 266 1036 72 38 57 71 2571 26 1168 96 60 30491 522 102 494 36 669470 3038 134 1529 184 3697 58 34 561 28
internal_value=-0.000144919 -0.000198308 0.00491745 0.0145763 0.00826563 0.00060769 -0.000417094 0.0351866 0.0255382 -0.000417094 0.0202667 0.0263481 -0.000417094 0.0327872 -0.000417094 0.0114028 0.0379771 -0.000417094 0.021811 -0.00528777 0.0253154 0.0310039 0.0356356 -0.000417094 0.0420386 -0.00563188 -0.000417094 0.0349347 -0.0116348 -0.00737921 0.039551 0.0426224 0.0478236 0.0522429 0.0267403 -0.00563188 -0.013343 -0.0158795 -0.0197639 0.0314878 0.0447455 0.056074 -0.00563188 0.0476348 -0.0217823 0.0329684 -0.0238259 -0.0048475 -0.000426944 -0.025691 0.0497578 0.0519479 -0.000417094 -0.0224615 -0.0234495 -0.00563188 0.0358225 -0.00563188 0.0157879 0.0422927 -0.00563188 -0.0276585
internal_weight=9099.09 9086.14 363.561 106.706 87.9839 256.855 8722.58 18.7216 12.953 8421.88 35.6903 29.2382 52.2936 24.0176 248.061 35.9314 20.7148 8109.37 7.65609 312.511 19.9959 15.6506 14.1471 7939.36 18.6719 300.699 212.129 10.478 97.1235 76.2474 13.213 12.1632 9.96666 8.84944 8.79491 283.994 55.3296 48.2155 37.5662 7.58757 17.5931 8.00539 170.01 15.7874 20.8762 4.66808 20.1466 281.663 70.6966 19.3321 14.7507 13.5769 7657.69 34.3781 33.6052 30.4061 6.26698 210.966 12.8273 15.935 148.818 17.885
internal_count=809378 809085 12035 3626 3358 8409 797050 268 293 764089 1363 1169 1995 966 8078 1633 825 739084 235 25005 920 724 660 721326 739 32961 6445 243 8446 7031 617 569 490 437 331 23647 5251 4546 3510 281 699 386 17758 613 1415 131 1358 44292 10104 1298 587 530 677034 3244 3172 2051 243 34188 337 226 15187 1196
is_linear=0
shrinkage=0.05


Tree=85
num_leaves=63
num_cat=0
split_feature=147 142 74 15 47 133 64 189 76 141 189 29 76 15 71 63 132 13 95 39 71 144 15 87 23 22 64 106 95 1 13 11 42 21 29 8 63 132 99 13 1 85 6 71 11 68 36 133 130 147 78 147 29 11 39 133 130 144 116 63 136 130
split_gain=4.71129 3.70012 3.71898 3.71598 2.92288 2.75817 4.99732 4.4426 4.77162 3.76883 4.08324 5.36074 5.41199 5.30712 4.87387 6.15397 4.87284 4.52934 4.24368 4.59085 4.50122 4.15481 6.1105 4.1271 4.12005 3.95279 3.89495 5.10943 3.84705 3.75876 3.44575 3.34209 3.46751 3.43807 3.54728 3.98138 3.33523 3.32968 3.65211 3.31178 6.89004 4.45161 3.95235 3.56937 4.00927 3.28057 3.13716 3.65579 3.09382 3.02547 4.54884 3.21894 3.29084 2.9616 2.89298 2.87692 2.82138 2.77329 2.68928 2.62813 2.54647 2.52787
threshold=0.96054482460021984 65.195487976074233 1.0000000180025095e-35 0.82542091608047496 0.45600681006908422 435.50000000000006 -0.99113699793815602 0.19000000506639483 130452.70312500001 0.13124834746122363 -1.0000000180025095e-35 0.41271741688251501 227807.45312500003 0.070254214107990279 0.6078576147556306 0.012224332895129921 64.500000000000014 0.75925275683403026 0.51651990413665783 0.99130234122276317 -1.0000000180025095e-35 0.23968885838985446 0.32633297145366674 2.5000000000000004 0.82341608405113231 26.332551956176761 0.6830454170703889 0.59166666865348827 0.041416248306632049 0.90986669063568126 0.93772494792938244 0.82316884398460399 0.55102810263633739 0.96371451020240795 0.5687900483608247 1.1183282732963564 0.97517055273056041 82.500000000000014 1.0000000180025095e-35 0.88524797558784496 0.84981474280357372 22.500000000000004 2.8590492010116582 -0.87837970256805409 0.95669901371002208 -0.99415704607963551 1.0000000180025095e-35 350.50000000000006 586.50000000000011 0.92599111795425426 0.043929856270551688 0.47213622927665716 0.49574708938598638 0.78217110037803661 0.40532965958118444 386.50000000000006 1404.5000000000002 0.2091881260275841 686.50000000000011 0.89940810203552257 2.5000000000000004 1045.5000000000002
decision_type=2 2 2 2 2 2 2 2 2 2 2 2 2 2 2 2 2 2 2 2 2 2 2 2 2 2 2 2 2 2 2 2 2 2 2 2 2 2 2 2 2 2 2 2 2 2 2 2 2 2 2 2 2 2 2 2 2 2 2 2 2 2
left_child=5 2 -2 -4 -3 9 -7 60 53 48 -11 14 17 28 18 16 -16 23 19 21 59 22 -12 -13 58 45 27 29 -14 49 31 -19 39 34 -34 -36 -17 -37 -39 -33 41 42 43 -41 46 -18 47 -45 -1 50 51 -25 -53 -9 57 56 -54 -20 -24 -21 -8 -50
right_child=1 4 3 -5 -6 6 7 8 -10 10 11 12 13 -15 15 36 25 30 54 20 -22 -23 24 26 -26 -27 -28 -29 -30 -31 -32 32 33 -35 35 37 -38 38 -40 40 -42 -43 -44 44 -46 -47 -48 -49 61 -51 -52 52 55 -55 -56 -57 -58 -59 -60 -61 -62 -63
leaf_value=-0.0015815065810481301 -0.0050761230255832353 0.031347272939476339 -0.0026338766441376523 0.0058530762209104302 -0.00046622656428851563 -0.012059398199916067 -0.015982779505232678 0.018373738720967741 0.0021332493205005218 -0.0015815065810481301 -0.00075868689928764441 -0.0015815065810481301 -0.0015815065810481301 0.0010773374386484783 0.00017183493667778844 -0.0010852913644826085 -0.0015815065810481301 0.0019274601371582563 -0.0015815065810481301 0.043564584265884373 -0.0015815065810481301 -0.0009539469980152052 0.032029187622323659 -0.0015815065810481301 -0.0015815065810481301 -0.0015815065810481301 -0.0015815065810481301 -0.0015815065810481301 0.038307618176922763 -0.0015815065810481301 -0.0015815065810481301 -0.00025667671547059982 -0.0015815065810481301 -0.0015815065810481301 0.0012002462917465098 -0.0015815065810481301 0.021024362650514977 0.048016646909403993 0 0 -0.0015815065810481301 -0.00016702344929000519 -0.0015815065810481301 0.088440818072028277 0 0.023283789775036434 0 0 -0.013591267018599425 -0.00059402577710733831 -0.0015815065810481301 0 0.061065481443387193 0.0021332493205005218 0 -9.0812457420964191e-06 0 0.027075271242225907 0 -0.0015815065810481301 0.0021332493205005218 -0.0019559589965301113
leaf_weight=1407.7709707504546 833.93777847210731 9.2097163522994396 389.11562945815604 186.5331107878701 11.378174955530993 49.256310122123978 14.142123028024796 117.38077206154412 17.512241635617102 1300.4268807562439 67.097061561231385 1817.6538053718687 2.5289192400814526 35.342784023829154 46.855284446952282 137.99399412769708 6.2731057790224432 181.62667242926545 3.1729171089682486 10.914436845429007 9.0531020057242113 672.12193736566405 35.938186952262186 1.8933268754481165 7.3201146820938439 13.738416756837976 15.81414742596098 8.2073645585769537 19.731193520696252 4.3150871422258197 44.238987087708665 70.746507569798268 4.0895808956120154 6.6636742083937852 11.748156679619568 3.1820025520282789 14.201311296958009 26.87496303957596 5.6154113778902675 2.0900108798377941 8.7196341246162756 6.1985206505487431 1.6449878407292988 5.8733748181693972 2.6588764522603006 134.93197766780213 1.2102803297311764 1.4463660752953726 95.471401637158124 4.6676926730724508 3.2102008056826881 2.4122591105988276 18.616218822178787 18.772191811032826 21.131865996765555 1.4820312332885794 1.4341413299698604 32.900691768430988 7.8869414596993002 1.1680173106287846 991.03859043717239 101.77191268358729
leaf_count=147909 100588 182 47757 16568 902 2599 631 2997 365 211117 3622 108705 68 1567 2007 7446 347 13328 68 515 421 38609 2111 54 405 725 795 644 564 201 3235 4719 274 484 935 247 787 2056 411 142 619 471 104 410 162 7849 101 83 4802 303 141 127 867 651 915 81 64 1445 558 48 57218 5306
internal_value=2.18717e-05 -0.00260438 -0.00295178 9.98985e-05 0.0161326 0.00051697 0.0027051 0.00340326 0.0112243 0.000101481 0.000800901 0.00168298 0.000258044 0.0147638 0.00435653 0.00928552 0.0149176 -0.000131671 0.00227773 0.001271 0.0219156 0.000553202 0.00901424 -0.0011566 0.0212063 0.0190757 0.0109866 0.0183819 0.0313937 0.0262308 0.00476362 0.00682228 0.0120396 0.0214629 0.0257568 0.0296693 0.00142183 0.0371303 0.0414334 0.0055947 0.0182302 0.032863 0.0444357 0.0518388 0.0598782 0.0215493 0.0709281 0.078496 -0.00199027 0.0316573 0.0369002 0.0432151 0.0476037 0.0154305 0.0149069 0.0527468 0.0568677 0.0226413 0.0268785 0.0372621 0.00213325 -0.00790817
internal_weight=9088.35 1430.17 1409.59 575.649 20.5879 7658.18 1208.1 1158.85 153.665 6450.08 4845.06 3544.64 2321.94 57.6029 1222.7 353.994 201.799 2264.33 868.705 811.5 21.1356 790.364 118.242 1879.71 51.1452 154.944 62.0525 46.2383 22.2601 38.031 384.628 340.389 158.762 58.1738 51.5101 47.4205 152.195 35.6724 32.4904 100.589 29.8421 21.1224 14.9239 13.2789 11.1889 141.205 8.53002 7.31974 1605.01 33.7159 29.0482 25.838 23.9447 136.153 57.2055 21.5324 20.0504 36.0736 43.8251 12.0825 1005.18 197.243
internal_count=809432 165997 164913 64325 1084 643435 64461 61862 4013 578974 420957 209840 141962 2199 67878 19161 10928 139763 48717 46289 984 45305 6696 111982 3074 8921 3277 2482 632 1838 27781 24546 11218 4407 3923 3649 8233 2714 2467 6811 2092 1473 1002 898 756 8196 594 493 158017 1637 1334 1193 1139 3648 2428 1012 931 1513 2669 563 57849 10108
is_linear=0
shrinkage=0.05


Tree=86
num_leaves=63
num_cat=0
split_feature=164 141 9 148 172 94 86 144 63 135 94 144 144 95 94 66 47 135 144 170 95 133 65 7 9 4 180 21 65 13 27 13 65 71 0 113 94 94 13 49 176 47 79 21 47 25 134 144 147 147 39 144 69 1 144 134 76 133 140 94 76 85
split_gain=6.78725 4.2913 3.72546 3.13563 8.4746 6.31111 5.2115 5.12316 4.80948 5.12184 4.28068 4.0497 5.40507 3.80422 3.90732 2.85959 2.71097 2.77983 2.65077 8.66537 5.43893 5.24437 2.71627 2.56854 2.54903 2.4432 2.3673 2.308 2.12794 2.33801 2.47963 1.98535 1.93714 1.94372 1.8722 1.86928 1.80505 2.24243 1.79873 1.78235 1.63307 1.97947 1.63159 1.62792 1.56775 1.52712 1.52353 1.47037 2.06311 1.37455 1.35418 1.32604 1.46268 1.3617 2.91271 1.9937 1.29825 1.23883 1.19904 1.15913 1.11707 1.3692
threshold=1.0000000180025095e-35 0.12337612733244897 0.33520334959030157 1.0000000180025095e-35 1.0000000180025095e-35 10225.500000000002 1.5000000000000002 0.98694339394569408 -0.892268806695938 395.50000000000006 20428.500000000004 0.93514493107795726 0.14102128148078921 0.63624796271324169 16217.500000000002 0.71768251061439525 0.20091480761766436 49.049999237060554 0.98359847068786632 1.0000000180025095e-35 0.5932385027408601 606.50000000000011 0.21990916132926944 0.19499338418245318 0.58506125211715709 9.9253730773925799 1.0000000180025095e-35 0.17827357351779941 -0.93252697587013234 0.60720908641815197 0.76022452116012584 0.49609600007534033 0.99719592928886425 -0.87837970256805409 10.023255825042726 1.0000000180025095e-35 637.50000000000011 3678.5000000000005 0.11948709934949876 2.5000000000000004 1.0000000180025095e-35 0.60637623071670543 1.5841898918151858 0.47425469756126409 0.48073194921016699 0.38010765612125402 261.50000000000006 0.98359847068786632 0.87536981701850902 0.87536981701850902 0.97355666756629955 0.67342856526374828 9.0720162391662615 0.43295335769653326 0.90540131926536571 1341.5000000000002 8752.8671875000018 46.500000000000007 0.14652590453624728 977.50000000000011 12994.644531250002 11.500000000000002
decision_type=2 2 2 2 2 2 2 2 2 2 2 2 2 2 2 2 2 2 2 2 2 2 2 2 2 2 2 2 2 2 2 2 2 2 2 2 2 2 2 2 2 2 2 2 2 2 2 2 2 2 2 2 2 2 2 2 2 2 2 2 2 2
left_child=1 2 -1 18 5 26 7 13 -7 10 24 12 23 14 -6 -14 47 -18 -3 21 22 -20 -21 49 27 28 40 -10 -4 51 39 -24 33 -29 -32 -2 -17 -38 -23 45 -5 -42 -15 -27 -36 -31 -47 48 -13 -8 58 -30 53 54 55 -53 -39 -22 -48 -19 61 -56
right_child=35 3 25 4 6 8 11 -9 9 -11 -12 16 15 42 -16 36 17 59 19 20 57 38 31 -25 -26 43 -28 32 29 30 34 -33 -34 -35 44 -37 37 56 -40 -41 41 -43 -44 -45 -46 46 50 -49 -50 -51 -52 52 -54 -55 60 -57 -58 -59 -60 -61 -62 -63
leaf_value=0.00063365371761324842 0 0.00063365371761324842 0 0.00063365371761324842 0.057193185666150538 0.00063365371761324842 0.052985238890330882 0.00063365371761324842 0.00063365371761324842 0.00063365371761324842 0.00063365371761324842 0.028143909083372734 0.00063365371761324842 0.025897851087184239 0.00063365371761324842 0.033543068864394392 0.00063365371761324842 0.0045423902817183651 0.00063365371761324842 0.00063365371761324842 0.00077473654828510714 0.040299561962454405 0.030589237175524749 0.00063365371761324842 0 0 0.019062469195021248 0.0063573215485845276 -0.00032890552601343989 0 0 0.00063365371761324842 0.00063365371761324842 0.053627784883982288 0 0.038766471842849148 0.00063365371761324842 0.00063365371761324842 0.0013664363806659982 0 0.00063365371761324842 0.027763993264723709 0.00063365371761324842 -0.021138552101125835 -0.021479181440285523 -0.0012960120337013404 -0.016450071043342434 0.00063365371761324842 0.00063365371761324842 0.00063365371761324842 0 -0.021552522337192057 0 -0.0020423376959743593 -0.020784285819923341 0 0.026096111943202854 0.040704864535940737 0 0.039647308002516736 0 0
leaf_weight=383.99542571850179 3.5487330060568629 6359.4347420703598 141.24740508206742 652.14715449603682 14.28381858370267 11.212859574734464 4.0163185020355723 3.5824869534699237 0.94700377955451642 9.337102956560555 7.3738559444464036 6.7356252994213737 119.80377593481535 3.7914466053043698 3.2057126443251027 5.1984587691404363 4.5762043487193322 6.0853928145371041 234.66423377331739 36.309224641794572 3.7085550932679885 6.189654523128409 11.936427184904462 2.0424619930709014 3.1464305603876701 2.3933010489200077 16.034120498967241 5.3650059409701703 327.66004270933627 6.7321710785399764 89.47426774163614 5.8847255332511841 0.91353813899331626 20.870882140123282 4.3772101600989144 9.5542131894617324 12.863782046515555 2.5485158994269996 6.4533489229506813 6.4074818749722899 5.0091232204322287 10.80330692332427 11.368685631619881 27.393799597331963 14.102484331848244 29.539195210934849 160.3948359216447 7.2502546240575603 5.661546153598465 2.1762563105730806 3.000949447246966 49.22622384801798 17.560445360952144 80.480449048936862 9.3885543838878203 7.3779575166372515 9.5190434792821161 21.637619523797184 6.5838961115805423 18.79020280118857 22.791648880229332 5.5357064200470623
leaf_count=22938 84 590632 16602 52306 374 582 123 32 33 483 421 78 7326 91 98 294 49 75 9859 347 34 71 97 87 181 156 546 230 46874 630 8682 77 34 957 328 214 790 163 167 526 855 407 282 1732 1251 2571 13984 59 91 128 269 3642 1625 15208 464 593 519 185 504 216 1061 314
internal_value=0.000230786 0.000166866 -0.00237462 0.000633654 0.00345127 0.000737285 0.0114522 0.0281276 0.0163037 0.0235257 0.0311151 0.0078256 0.00347024 0.0347986 0.0486857 0.000633654 0.0197764 0.0283827 0.000633654 0.00547846 0.019316 0.000637778 0.00829893 0.0341407 0.0382184 -0.00402058 0.000633654 0.0423326 -0.00350697 -0.00454358 -0.00790811 0.0218343 0.0450023 0.0473267 -0.00137374 0.0308235 0.0148699 0.00518821 0.0278631 -0.0110026 0.000633654 0.0185934 0.00943619 -0.0172947 -0.0144368 -0.0120757 -0.0130111 0.00272053 0.0153224 0.0442073 -0.0148089 -0.00236605 -0.00561312 -0.00741092 -0.0114066 -0.01811 0.0196889 0.0367765 -0.0155825 0.0340938 0 -0.0118391
internal_weight=9081.65 9068.54 1395.66 7672.88 986.66 743.16 243.5 36.2322 59.1667 47.9538 38.6167 207.268 158.169 32.6497 17.4895 149.934 49.0992 29.4518 6686.22 326.784 79.4766 247.307 54.1304 8.23504 31.2429 1011.67 683.994 28.0964 981.881 840.634 320.612 17.8212 27.1494 26.2359 107.954 13.1029 30.1298 24.9313 12.643 212.659 667.96 15.8124 15.1601 29.7871 18.4797 206.251 199.519 19.6474 12.3972 6.19257 169.98 520.021 192.361 174.801 94.3201 56.6042 12.0676 25.3462 166.979 24.8756 37.7159 14.9243
internal_count=809631 809333 139954 669379 67910 57035 10875 877 2921 2339 1856 9998 9430 845 472 9092 568 340 601469 10837 740 10097 521 338 1435 117016 54114 1254 115128 98526 28745 174 1221 1187 10261 298 1766 1472 238 18484 53568 1262 373 1888 1579 17958 17328 228 169 251 14757 69781 22907 21282 6074 4235 682 219 14488 291 1839 778
is_linear=0
shrinkage=0.05


Tree=87
num_leaves=63
num_cat=0
split_feature=164 170 87 159 167 41 159 94 42 139 147 3 3 130 94 141 95 141 69 5 3 15 67 95 31 148 152 23 4 86 94 78 149 189 152 159 67 67 4 132 6 79 85 11 79 132 6 20 67 11 67 69 134 143 147 94 27 63 152 132 31 67
split_gain=6.23385 3.33827 3.32615 3.12803 5.96236 2.92164 3.1993 3.07525 3.14428 2.82488 3.71542 3.35609 4.2129 3.62053 3.20986 3.09009 3.60275 3.06847 2.90399 2.62764 3.5738 3.35594 4.26748 2.92825 2.56488 6.30228 6.68114 3.89889 5.11735 3.34506 3.81609 3.44145 3.2485 3.05076 7.07507 6.09527 4.19472 3.30926 2.99628 3.8326 3.99479 4.05544 3.78023 3.72888 3.11634 5.3184 3.30553 3.1026 2.93283 5.33516 3.67453 5.35925 4.4766 3.43937 2.99755 2.88133 2.8369 4.14191 4.11347 3.60588 4.51038 4.10223
threshold=1.0000000180025095e-35 1.0000000180025095e-35 3.5000000000000004 20.415182113647464 1.0000000180025095e-35 0.99801141023635875 4.3371365070343026 1.5000000000000002 2.041241049766541 0.18354425579309466 0.88141870498657238 0.43642629683017736 0.43417668342590338 1092.5000000000002 13571.500000000002 0.12475115433335306 0.92197915911674511 0.12257871776819231 5.4372246265411386 0.5152721405029298 0.43067739903926855 0.01611929573118687 -0.81679311394691456 0.53248763084411632 0.38513581454753881 1.0000000180025095e-35 0.94034472107887279 0.88638603687286388 10.084745883941652 4.5000000000000009 12487.500000000002 0.094529900699853911 -1.0000000180025095e-35 -1.0000000180025095e-35 1.0000000180025095e-35 5.8683838844299325 -0.50950175523757923 0.93761050701141369 0.4627279937267304 397.50000000000006 0.17778962850570681 -2.0322648286819454 12.500000000000002 0.83687743544578563 -0.91465985774993885 13.500000000000002 2.3322160243988042 0.77229550480842601 -0.18985724449157712 0.20497551560401919 -0.84944400191307057 1.7497554421424868 1111.5000000000002 -0.99997699260711659 0.93108612298965465 22306.000000000004 0.80131325125694286 -0.20298472046852109 0.99769714474678051 465.50000000000006 0.58451226353645336 0.8624180555343629
decision_type=2 2 2 2 2 2 2 2 2 2 2 2 2 2 2 2 2 2 2 2 2 2 2 2 2 2 2 2 2 2 2 2 2 2 2 2 2 2 2 2 2 2 2 2 2 2 2 2 2 2 2 2 2 2 2 2 2 2 2 2 2 2
left_child=1 3 9 5 -5 24 -7 -8 -9 -3 11 12 17 14 15 -13 18 -11 -17 20 -19 -22 -23 -24 25 27 -27 29 -29 30 33 -31 -32 -1 35 36 -35 -38 48 40 41 42 47 -43 45 46 -42 -40 49 50 -26 -52 -53 -50 55 -54 -41 58 -58 -59 61 -61
right_child=-2 2 -4 4 -6 6 7 8 -10 10 -12 13 -14 -15 -16 16 -18 19 -20 -21 21 22 23 -25 38 26 -28 28 -30 31 32 -33 -34 34 -36 -37 37 -39 39 56 44 43 -44 -45 -46 -47 -48 -49 53 -51 51 52 54 -55 -56 -57 57 59 -60 60 -62 -63
leaf_value=-0.0039593827348656917 0.028391655323898382 -0.0002276792599642539 0.018865774212535054 0.00076616323201296325 0.028540683771726895 0 -0.0052902050044987938 -0.0026459634643237096 0.052451167985241624 -0.0002276792599642539 -0.0002276792599642539 0 -0.0002276792599642539 0 0 0.055807116041871219 0 -0.0002276792599642539 0.002242054648586846 0 -6.4874495318145958e-05 0 0.016919971353832594 0.057355559520881519 -0.0013295367959319055 0.0026179108690735009 0.017541271640820404 0.025296943727720234 -0.0049202167218789002 -0.0060926453020420457 0 0.0070277946191351533 0.012388032388355017 -0.0016000861162241851 -0.00012091750465072727 -0.0013570550634126662 0.057769988500386282 0 0.045321890797841623 0 0.036479096338462594 -0.0021341362689851766 0 0.01373752641008898 -0.0044079782696678288 -0.00085756392329776614 0 0 -0.01877434309181944 -0.0028709672453648138 -0.0034708156857366119 0.011188406799571634 0.059419591803634431 -0.0044233750312172955 -0.0023470384273996166 -0.0022002075396887039 -0.0046310998599223691 -0.0035745393709544411 0.01449305870951963 0.04795977228419717 0.0095560794833972427 -0.003398038204504808
leaf_weight=544.13662157235012 13.937403600837568 537.06415474123787 25.720322411958477 81.569173118288745 21.308085332508199 16.003866388109603 2.1834890880854783 1.7205345334805313 5.8501221474725753 13.255947269659371 142.44173250906169 4.0935087678226436 51.865106445489801 14.133122998144243 6.0862015661696196 15.751915458342415 2.1805819516739566 7.6342006252962156 4.5128108751378013 17.759288712710259 7.5999347520992151 7.7771714181581002 17.5809713023773 12.576366646389941 47.827849981007603 474.73186812232234 86.30340522892584 27.285844447727868 20.257068146842357 449.74337090343761 101.75227330315465 50.239015039187507 101.70089898462174 3.661511804981278 1192.9049563791195 13.740919299190862 10.561259541005709 2.5055606340902168 9.8796667188325973 1162.4398828906742 10.959775325303783 173.405023581774 13.055026586454913 41.382976449840498 1193.5612456433009 476.72100894652976 8.7122779918281577 5.7828971159724452 41.032923930411926 543.54712923010811 20.942357658812398 33.248973370984459 9.8452518846534041 843.52997694495934 1.3668168747462903 0.90473314636619839 132.33011553901088 34.349975918768905 30.223397384663258 10.823141386819769 138.50874431619741 3.1803868930401213
leaf_count=95396 321 18620 864 3041 230 1973 139 134 366 336 6840 116 1207 363 189 380 56 159 105 507 114 182 390 297 2737 46636 4303 1630 1108 33362 6578 3818 5047 176 73069 655 426 100 402 91274 148 13642 1066 3287 92406 37763 114 429 2685 91781 1108 1919 570 128933 114 59 11336 2939 2607 697 12243 213
internal_value=-0.000251738 -0.000314032 0.00258376 -0.00063245 0.00780681 -0.000747572 0.0145941 0.0314025 0.0418689 0.00196333 0.0056056 0.0102296 0.00560614 0.021358 0.0294632 0.0359171 0.0419991 0.0128892 0.0476725 0.0171871 0.0223275 0.0273879 0.0328372 0.0402525 -0.000808664 0.000319006 0.00509239 -0.000742421 0.0127032 -0.00103635 -9.29033e-05 -0.00466825 0.00629235 -0.000857672 0.000512066 0.0225225 0.0390867 0.0491591 -0.00150956 -0.000678475 -0.00215533 0.00373246 0.0199032 0.00105305 -0.00302696 0.000254627 0.0229318 0.0332236 -0.00334183 -0.00075908 0.00878686 0.016016 0.0249596 -0.00521897 0.046981 0.0535942 0.00119463 0.00511068 -0.000599777 0.0100947 0.0133479 0.037155
internal_weight=9097.69 9083.75 888.033 8195.72 102.877 8092.84 25.758 9.75415 7.57066 862.313 325.249 182.807 136.049 46.7581 32.625 26.5388 22.4453 84.1839 20.2647 70.9279 53.1686 45.5344 37.9345 30.1573 8067.09 3079.52 561.035 2518.49 47.5429 2470.95 1970.96 499.982 203.453 1767.51 1223.37 30.4693 16.7283 13.0668 4987.56 3445.32 1933.46 243.506 28.7176 214.788 1689.95 496.393 19.6721 15.6626 1542.25 657.683 114.136 66.3081 45.3658 884.563 12.1168 10.75 1511.86 349.416 162.554 186.862 152.512 14.0035
internal_count=809705 809384 30725 778659 3271 775388 2612 639 500 29861 11241 4401 3192 1209 846 657 541 1985 485 1649 1142 983 869 687 772776 272304 50939 221365 2738 218627 181447 37180 11625 169822 74426 1357 702 526 500472 270566 149257 18826 1897 16929 130431 38025 262 831 229906 98288 6507 3770 2662 131618 743 629 121309 30035 13943 16092 13153 910
is_linear=0
shrinkage=0.05


Tree=88
num_leaves=63
num_cat=0
split_feature=141 147 180 5 144 4 68 144 39 2 95 24 68 147 42 11 130 143 144 69 63 132 95 68 134 147 69 11 3 7 96 147 68 11 95 7 132 79 63 1 159 86 9 95 33 134 63 5 7 142 41 130 186 116 68 142 95 143 41 4 23 69
split_gain=3.66282 4.68123 5.01315 5.30082 5.30843 4.70425 4.88162 4.40365 5.30652 6.32223 4.25223 4.04624 3.6651 3.51748 6.15858 3.81952 5.14157 4.83915 3.91994 3.4777 3.44913 3.20877 3.30439 3.1258 3.06507 3.05465 2.94298 2.87837 3.20505 2.95523 2.93916 2.84938 2.97632 3.55827 4.89452 3.9035 3.3187 2.96993 3.29817 4.72366 3.17435 3.72102 2.84005 3.49707 2.88764 2.81336 2.80487 2.86664 5.07855 3.42455 2.94853 4.05554 2.81161 4.02481 2.80626 2.5959 3.26515 3.62594 2.90693 5.25147 2.64702 2.71176
threshold=0.13124834746122363 0.79431909322738659 1.0000000180025095e-35 0.83529695868492138 0.60635706782341015 6.9436814785003671 0.67590507864952099 0.17632728815078738 0.80976125597953807 12.477525711059572 0.66690891981124889 1.7128475904464724 -0.70075467228889454 0.74833333492279064 2.478583931922913 0.11486797034740449 876.50000000000011 -0.23903575539588925 0.63269728422164928 4.5635464191436776 -0.96824809908866871 324.50000000000006 0.72776681184768688 0.97619539499282848 1234.5000000000002 0.75147059559822094 3.1342087984085087 0.85700863599777233 0.96481734514236461 0.58571079373359691 0.10840187966823579 0.6900656819343568 0.75571411848068248 0.11582658067345621 0.87652891874313366 0.68905609846115123 106.50000000000001 0.63062283396720897 0.38829542696475988 0.42930182814598089 10.620102882385256 3.5000000000000004 0.14892057329416278 0.36405682563781744 0.44366416335105902 1274.5000000000002 0.82750585675239574 0.5800444781780244 0.56888532638549816 0.12683001905679706 0.88356223702430736 609.50000000000011 4.5000000000000009 436.50000000000006 -0.95505511760711659 65.195487976074233 0.084564689546823515 7.0864548683166513 0.98504120111465465 1.6229127049446108 0.90655577182769786 3.6577585935592656
decision_type=2 2 2 2 2 2 2 2 2 2 2 2 2 2 2 2 2 2 2 2 2 2 2 2 2 2 2 2 2 2 2 2 2 2 2 2 2 2 2 2 2 2 2 2 2 2 2 2 2 2 2 2 2 2 2 2 2 2 2 2 2 2
left_child=-1 2 3 4 7 -5 10 8 23 11 24 -10 -6 31 15 19 17 18 -17 -15 -20 55 46 42 27 26 -4 28 29 -7 -31 32 33 34 37 -35 -37 38 39 40 41 -14 43 44 -2 -22 47 49 50 -23 51 52 -49 54 -54 58 -57 -58 -3 -60 61 -61
right_child=1 21 25 5 12 6 -8 -9 9 -11 -12 -13 13 14 -16 16 -18 -19 20 -21 45 22 -24 -25 -26 -27 -28 -29 -30 30 -32 -33 -34 35 -36 36 -38 -39 -40 -41 -42 -43 -44 -45 -46 -47 -48 48 -50 -51 -52 -53 53 -55 -56 56 57 -59 59 60 -62 -63
leaf_value=-0.0016358444816123984 -0.0016358444816123984 -0.001477585565722738 0.035064520616484067 -0.0016358444816123984 -0.00064560829879584418 -0.0016358444816123984 -0.0016068297166072127 -0.0016358444816123984 -0.00090064174542134291 -0.0016358444816123984 -0.0016358444816123984 0.062307951885985535 0.073587667827822015 -0.0016358444816123984 -0.0016358444816123984 -9.5558269366218914e-05 0 0.019603148490098352 -0.0016358444816123984 0.018938145021055466 0.075353738841725942 0.0092721934464524616 0.010944324847169645 0.02283601457888973 5.7114759328304528e-05 -0.0016358444816123984 -0.0016358444816123984 -5.0227128604456564e-05 0 0.068933322140405928 0.0011855900906011531 -0.0016358444816123984 -0.00061195883837762027 0 -0.0016358444816123984 -0.0016358444816123984 0.033744306917177933 0.012843892039728234 0.0077076194056507263 -0.0016358444816123984 0 -0.00035426057002751278 -0.0016358444816123984 0.00095641380145585235 0.031202759181437313 0 -0.0016358444816123984 0.007347255152265024 0.0022217292878886387 -0.0011365782555021776 -0.0016358444816123984 0.0017478409653488942 0 -0.0016358444816123984 0.038723289845044251 -0.0016358444816123984 0.040436283498070935 0.0041686264966632825 -0.0016358444816123984 0.038762828537894534 -0.0016358444816123984 0
leaf_weight=2177.2839035249854 2.4328678602978497 3009.3985808760881 20.60927894079942 12.781617313099558 202.13917916966602 0.82226585870377533 10.411211428690875 591.886548866456 2.0992240299492533 6.0483215975982594 2.9276336370385243 6.3766135622863658 8.7097968158850581 16.657498056527402 26.105777232125547 1.8589555990074575 16.620700194558594 52.94755908730076 0.81322249900767829 18.139125054694887 9.1336254373964003 82.495116956586571 83.896169269675738 13.161262518184229 5.1705651784432112 4.7704917424416626 4.2352290339767924 1.8960619304416457 2.2032390776039383 13.820840927000974 2.7779160583158946 87.300618319386558 92.702985101361264 116.96199478306153 19.00418228613853 2.9370406784146317 12.296432335504504 61.962423663622758 11.671727756882317 2.4750512607570263 1.4975078736169951 1.1308765092107922 112.54142915113334 53.457583008923393 17.246313680734602 0.63951414867187928 288.0450684155403 29.445800782770675 748.09891040482034 805.64979164835313 18.072812114540284 39.496245394431753 4.1508171458226562 4.5271785524964789 36.107918544737913 29.330080701645784 8.2544733261456731 21.084960695472546 31.62932965062646 16.028102825734102 5.4655646623032217 5.0385598775319513
leaf_count=214649 139 300319 377 692 12595 41 549 54264 283 370 121 770 343 630 2891 120 611 2684 45 575 528 8179 5095 1254 272 135 93 104 109 686 183 4285 6998 12870 524 107 527 1692 415 54 59 40 14637 1919 711 52 22005 2427 58596 55701 1498 2634 308 417 2803 1983 82 206 5262 1130 400 390
internal_value=0.000146934 0.000712444 0.00303089 0.00260295 0.00203014 0.0175406 0.0254825 -0.000775651 0.00563387 0.0306957 0.0345836 0.0502722 0.00500689 0.0070734 0.0138278 0.0187982 0.0244779 0.0303849 0.0560567 0.0033897 0.0643885 -1.20197e-05 0.00147297 0.00297256 0.0404532 0.0219825 0.028465 0.0473756 0.0520529 0.0577332 0.0616519 0.00457265 0.00673145 0.00964065 0.0163191 0.0036818 0.023963 0.0212123 0.035295 0.0490329 0.0590672 0.0661493 0.0008716 0.00872895 0.0243583 0.0704009 0.00104876 0.0018836 0.00389853 -9.5276e-05 0.0128042 0.0157752 0.0223418 0.0299703 0.0347413 -0.00103725 0.00891346 0.0195024 -0.00124989 0.00931984 0.0240507 0.0308551
internal_weight=9094.88 6917.6 1651.38 1621.77 1568.96 52.8114 40.0297 805.25 213.364 14.5242 29.6185 8.47584 763.706 561.567 142.916 116.81 82.0136 65.3929 12.4453 34.7966 10.5864 5266.22 2139.99 198.839 26.6909 29.615 24.8445 21.5203 19.6243 17.421 16.5988 418.651 331.35 238.647 106.452 132.195 15.2335 87.4474 25.485 13.8132 11.3382 9.84067 185.678 73.1368 19.6792 9.77314 2056.09 1768.04 879.9 888.145 131.801 113.728 74.2317 44.7859 40.2587 3126.23 58.6695 29.3394 3067.56 58.1616 26.5322 21.0667
internal_count=810438 595789 126354 125749 122992 2757 2065 74347 20083 1423 1516 1053 48645 36050 8136 5245 4040 3429 745 1205 625 469435 159663 18660 1395 605 470 1123 1019 910 869 27914 23629 16631 3127 13504 634 2603 911 496 442 383 17406 2769 850 580 154568 132563 68683 63880 10087 8589 5955 3528 3111 309772 2271 288 307501 7182 1920 1520
is_linear=0
shrinkage=0.05


Tree=89
num_leaves=63
num_cat=0
split_feature=113 170 76 64 132 130 7 142 66 65 65 9 8 147 69 189 186 79 132 25 9 112 147 65 94 8 134 65 132 94 133 130 13 133 87 133 142 5 67 142 79 134 94 15 149 65 67 132 132 79 67 13 147 130 66 15 79 20 142 67 94 132
split_gain=3.5553 3.1003 3.7151 4.17603 3.63136 4.47824 4.53457 5.1844 3.39399 3.37005 3.47769 3.32356 3.13573 3.0432 3.01431 2.96763 5.88956 5.45447 7.32988 3.41506 3.1321 2.91856 2.89415 2.85883 2.74925 2.74421 4.81825 4.10309 3.48313 3.43022 3.0392 3.93927 3.15981 3.02262 2.92978 2.65442 2.59934 2.70863 2.55436 2.53506 2.61994 2.51513 4.2812 3.35991 3.0218 2.47355 2.47076 2.43026 2.42657 2.37191 3.10867 2.36551 2.36258 2.2852 2.28233 2.29914 2.2623 2.20264 2.16998 2.15009 2.97699 2.90257
threshold=1.0000000180025095e-35 1.0000000180025095e-35 79757.941406250015 -0.82591104507446278 76.500000000000014 459.50000000000006 0.13017602264881137 1.0690885186195376 0.98406720161437999 -0.58097609877586354 -0.28978438675403589 0.68802490830421459 0.59575569629669201 0.9506787657737733 2.3987655639648442 0.31000000238418585 2.5000000000000004 -2.0322648286819454 46.500000000000007 0.86538377404212963 0.074976034462451949 0.82576996088027965 0.93829163908958446 0.3847822397947312 13189.000000000002 1.5901317596435549 361.50000000000006 0.57151198387146007 97.500000000000014 4395.5000000000009 469.50000000000006 807.50000000000011 0.45649404823780065 358.50000000000006 2.5000000000000004 232.50000000000003 0.091254808008670821 0.11303365230560304 0.82092547416687023 1.9361207485198977 -1.2970995306968687 804.50000000000011 10777.500000000002 0.091099962592124953 -1.0000000180025095e-35 0.61475205421447765 0.60206750035285961 504.50000000000006 430.50000000000006 0.33555434644222265 0.98688566684722911 0.034206718206405647 0.64785373210906994 1452.5000000000002 0.5828155279159547 0.38564705848693853 -0.80085164308547963 0.82622987031936657 18.382317543029789 -0.98338139057159413 398.50000000000006 109.50000000000001
decision_type=2 2 2 2 2 2 2 2 2 2 2 2 2 2 2 2 2 2 2 2 2 2 2 2 2 2 2 2 2 2 2 2 2 2 2 2 2 2 2 2 2 2 2 2 2 2 2 2 2 2 2 2 2 2 2 2 2 2 2 2 2 2
left_child=1 15 3 4 -3 8 -7 13 49 12 -11 47 -4 -8 -12 20 -17 18 -18 -19 36 -2 23 -21 -13 28 27 34 -5 30 33 -32 53 39 52 -14 37 -1 51 46 -41 43 -43 -31 -44 -45 -28 -9 -20 56 -51 -37 -27 -33 55 -50 -6 -57 -35 -53 -61 -62
right_child=21 2 9 25 5 6 7 11 -10 10 14 24 35 -15 -16 16 17 19 48 22 -22 -23 -24 -25 -26 26 29 -29 -30 41 31 32 -34 58 -36 38 -38 -39 -40 40 -42 42 44 45 -46 -47 -48 -49 54 50 -52 59 -54 -55 -56 57 -58 -59 -60 60 61 -63
leaf_value=-0.00040068314702620175 0.032544819078531802 -0.011301928478429235 -0.00089761295470878121 0.0097143646295838968 0.02222132050802789 0.030331943342342543 -0.01754430963830042 0.011492964780839904 -0.0062367334764401108 -0.012029858596457534 -0.0027781043366667639 0.038407597868670797 0.0013109138018583192 0.009890436170400415 0.014616363747438335 0.041699787097657218 0.041295497295921163 -0.00040068314702620175 -0.00040068314702620175 -0.00040068314702620175 -0.00040068314702620175 0.003404256237633266 0.0020636711164632336 0.049539404263126197 0 0.0019240081541497603 -0.0068385112898072522 0.011165220629908599 -0.0059954589517917517 0.032956078344784277 0.00086551111025503244 0.0485045293870075 -0.0032504889516727039 -0.015789302434452382 0.015775029774195867 0.00054058715253530842 -0.0027629135234054887 -0.020956594190061132 0.00081061256224400867 -0.0080018665133070807 0.029456417372692709 -0.022768632769556804 0.018981733202369181 -0.010079853751012039 -0.010323600013420815 0.018963474827607484 0.019338965963706895 -0.011285858916845082 -0.00040068314702620175 0.04375071629561942 -0.0019498393391753879 -0.00025434388122097301 -0.024212009665420031 0 -0.00032263440079615964 -0.00040068314702620175 -0.0083065085883294761 0.043110862647917844 0.015017549018118108 0 0 0.058248734877707056
leaf_weight=10.767417716502676 10.080732939590233 16.251518229852081 14.392948887500095 34.782816470964462 6.4257939736417029 9.7855535995186056 36.047834196593612 21.071370327641489 5.0360700411110875 22.488789631097461 35.463883853211883 9.755469434661789 13.271989982458761 8.5423010850354313 57.943188391203876 5.4088878103648304 14.789428203774149 227.30897969320358 32.210535379665089 1.9203994609415591 7622.212286782782 28.812378912552958 17.568090678250883 4.1282956135401037 5.8813375584577434 7.9171907694399115 22.287096860425667 14.539775170516803 272.59853700175881 5.5625327575835426 13.429048969861467 14.725797145074472 2.398716851923381 17.2719815667806 2.2220910373725919 5.5780306653177858 153.7633185343002 42.892316813988145 8.2425864320393867 2.3438917419844101 18.922778296619072 20.45146623547771 13.210389622588991 17.718529463978488 11.480062355592963 5.7771302268665741 8.2544323227193654 15.938182831479933 3.785954786231744 19.684446246144947 2.6913670155481659 1.6305822404538037 35.837867964524776 1.7833988290221885 10.337264619854976 1.2658192699891504 7.4008071978460048 8.0171045397582912 2.5541047201259053 4.1541219000500922 2.2817230532673447 15.477929954708086
leaf_count=537 271 522 301 1368 250 305 1434 609 224 535 914 436 340 590 1310 56 210 7703 1353 67 754456 1790 906 175 283 150 698 404 12098 128 345 370 99 514 60 73 8358 1949 210 41 357 548 467 595 380 186 258 533 120 676 90 41 1132 45 389 54 297 334 17 88 59 419
internal_value=0.000173744 0.000102038 0.00289484 0.00119874 0.00807058 0.0106566 0.00450788 0.000308178 0.0238602 0.00921038 0.00353115 0.0107157 0.0180001 -0.0113171 0.00795255 -0.000201744 0.00442423 0.00309087 0.0148919 -0.000348884 -0.000400683 0.0143737 0.0168532 0.0371728 0.0268642 -0.000880581 0.00304735 -0.00849886 -0.00401069 0.00723052 0.0128925 0.0248411 0.0370815 0.00590367 -0.015693 0.0234188 -0.00648013 -0.0155623 0.0295999 0.0121574 0.0236389 -0.000700654 -0.00805641 0.00949763 0.00507002 0 0.00125836 0.000912458 0.00463112 0.0289025 0.0379885 0.0357028 -0.0192578 0.0434973 0.0159799 0.0267795 0.00668675 0.0361844 -0.00858834 0.0416036 0.0451157 0.0522871
internal_weight=9086.78 9047.88 891.507 710.582 164.512 148.261 107.022 97.2365 41.2385 180.926 115.896 52.6464 65.0299 44.5901 93.4071 8156.38 326.741 321.332 70.4061 250.926 7829.64 38.8931 23.6168 6.0487 15.6368 546.07 238.688 60.5169 307.381 178.171 103.971 32.337 18.9079 71.6343 45.9771 50.637 207.423 53.6597 37.365 51.8082 21.2667 74.2001 45.1419 29.0582 24.6905 23.4957 30.5415 37.0096 55.6167 36.2024 22.3758 29.1224 43.7551 16.5092 23.4061 13.0689 13.8266 9.28292 19.8261 23.5444 21.9138 17.7597
internal_count=809527 807466 30799 26509 6249 5727 4190 3885 1537 4290 2759 1861 1531 2024 2224 776667 11367 11311 2460 8851 765300 2061 1148 242 719 20260 6794 1746 13466 5048 2744 859 514 1885 1342 1230 10844 2486 890 1354 398 2304 1395 909 847 781 956 1142 2250 1313 766 680 1282 415 897 508 547 388 531 607 566 478
is_linear=0
shrinkage=0.05


Tree=90
num_leaves=63
num_cat=0
split_feature=22 152 189 186 70 20 173 143 87 79 132 152 182 159 173 20 75 69 143 94 69 29 152 41 143 8 97 22 68 5 147 23 0 54 29 143 29 5 45 22 20 47 41 47 24 143 65 110 39 24 99 16 152 171 143 86 68 133 69 20 43 77
split_gain=3.59512 4.31661 4.27964 17.7904 12.0137 4.60086 4.4923 3.99556 3.73792 3.76836 12.237 3.94191 3.28134 3.27483 3.14154 3.12248 2.86563 2.8243 3.87166 4.30058 2.78233 2.79885 2.60046 3.45842 5.02612 5.84522 4.95892 4.36914 3.16587 3.05423 3.05758 5.68544 6.42175 3.60131 4.52332 3.26286 3.08533 3.05239 4.70136 3.61951 3.00446 3.23601 2.92891 3.32215 2.92006 2.94481 2.88627 2.83525 2.8397 2.85274 2.79855 2.69925 2.63597 2.4401 5.33431 3.54468 2.46971 2.69899 2.42813 2.41561 2.40847 2.34753
threshold=0.39796876907348638 1.3024647235870364 0.17000000178813937 1.5000000000000002 1.0000000180025095e-35 2.7786651849746709 1.0000000180025095e-35 -0.37220768630504603 3.5000000000000004 -2.1055829524993892 52.500000000000007 0.64375558495521557 1.0000000180025095e-35 38.564739227294929 1.0000000180025095e-35 1.5803349018096926 0.63333335518836986 0.41165834665298467 -0.24249668419361112 2553.5000000000005 8.7968993186950701 0.23013228923082354 0.80902338027954113 0.87655308842659008 -0.13283251225948331 1.4543135762214663 763.50000000000011 6.5172011852264413 -0.91843920946121205 0.76758572459220897 0.89066767692565929 0.6828245520591737 21.524711608886722 4.5000000000000009 0.45122221112251287 1.1732241511344912 0.84024900197982799 0.48854920268058782 0.79893025755882274 26.332551956176761 7.9057016372680673 0.8035673499107362 0.97795003652572643 0.59341549873352062 1.3854441642761233 7.0864548683166513 0.29572646319866186 4.5000000000000009 0.95663589239120495 1.6694658398628237 -1.0000000180025095e-35 96.648647308349624 1.2496549487113955 1.0000000180025095e-35 1.884397089481354 13.500000000000002 -0.34668728709220881 368.50000000000006 7.9298601150512704 4.4018349647521982 0.97293579578399669 12.112418651580812
decision_type=2 2 2 2 2 2 2 2 2 2 2 2 2 2 2 2 2 2 2 2 2 2 2 2 2 2 2 2 2 2 2 2 2 2 2 2 2 2 2 2 2 2 2 2 2 2 2 2 2 2 2 2 2 2 2 2 2 2 2 2 2 2
left_child=1 2 6 4 -4 8 53 -7 9 10 11 -5 17 22 16 -15 -14 -11 19 20 21 -19 37 29 40 -26 27 28 -27 -24 31 -31 33 -33 35 47 46 38 39 51 -25 -42 43 -30 -45 52 -32 48 49 -35 -43 -2 -46 55 56 -1 -55 -58 -10 -29 -44 -20
right_child=13 -3 3 5 -6 7 -8 -9 58 12 -12 -13 14 15 -16 -17 -18 18 61 -21 -22 -23 23 24 25 26 -28 59 42 30 36 32 -34 34 -36 -37 -38 -39 -40 -41 41 50 60 44 45 -47 -48 -49 -50 -51 -52 -53 -54 54 -56 -57 57 -59 -60 -61 -62 -63
leaf_value=0 0.006855393752593069 0.011077754473836051 0.076171377090226478 0.040589056775701439 0 0 -0.0071004242466952338 0.03599036113769756 0.024261794736688248 0 0 0 0 -0.0069049889440760438 -0.0071004242466952338 0.026094226597486111 0.011462624800435061 0 0 0.0022254830271359201 0 0.042448890898366155 -0.0036773470270077199 -0.002700330253281499 0 0 -0.0060547470803978187 -0.01664829439246137 0 -0.004588400708699333 -2.5400524293840636e-05 0.00054546201120302964 -0.001288512406861432 0 0.0087718034560660355 0 0.0047860823788986352 -0.0048639361206518263 -0.011337955673171585 -0.011352698514007532 0 -0.0020712694240547064 -0.0081262952031003442 0 0.066278485131984893 -0.00012585387511108447 -0.012373271541306135 0 0 0.082680368685183664 0.034308480200332205 0.033105064410794388 0 0 -0.020300840703932725 -0.0067171627846386974 -0.0098239427697836869 -0.00061858313539959521 0 0.013586432950760202 0.025821575102504535 0.022824298891729568
leaf_weight=4164.3687468842581 115.51965334325359 92.848520885414473 8.9136290433525573 26.126578151364811 9.049249378615059 8.9524009886954463 218.91275561826478 13.604081720579414 24.288116616342471 14.121978564726303 67.636161998860189 8.3810502442793204 657.11249170456722 6.8314560363069203 18.97377350795432 15.437108789454212 50.261542236577952 2.217445982329088 75.704762448571273 23.712820041197119 5.6053620066377325 22.064524817542406 781.94587746460093 239.05726618163681 64.591269991389709 4.9211569306171432 11.397119766086687 4.4288109695698976 3.0847556761073092 39.05919932177494 135.87555292871184 9.0223254291740869 21.766336542965291 0.83522288893072794 11.712588945221794 1.8725495741309703 144.1529486914369 876.5208265218389 43.23856388405693 18.557490919200063 28.837618653058598 5.0183998303909929 6.0161432793720433 1.6176959583499435 17.330279752342911 1.1906134370001371 71.186181760898762 0.89360476792717314 1.3137891172809766 7.6165411365655018 12.672992136758692 7.2873335839321944 1.5369438299348974 223.01205787116487 37.951065051063779 235.96353984760208 148.26801244498347 180.31168049214466 3.5000284404959521 15.66535879261937 4.7074013783858391 7.6954756771738166
leaf_count=369658 8410 12503 98 354 272 388 15938 485 872 380 3606 153 25523 82 290 187 2317 48 2869 253 128 556 98061 24885 9247 358 773 256 207 2512 11365 533 1234 61 823 90 13449 119800 3927 1081 3014 397 458 132 1262 68 5308 136 70 447 1033 431 113 16161 1378 19765 10498 13444 141 837 243 206
internal_value=-4.85102e-06 0.000644983 0.000477448 0.00338554 0.0469855 0.00237767 -0.000105503 0.0226275 0.00179005 0.00120055 0.0100551 0.0323812 9.0355e-05 -0.00152231 0 0.0156442 0 0.00725194 0.0103704 0.020324 0.0315899 0.037769 -0.0017011 -0.000438374 0.00342051 0.0111324 0.0204466 0.0259019 0.0346384 -0.0017943 0.00146089 0.00923625 0.0190296 0.0314083 0.0399819 0.056905 -0.000652394 -0.00362908 0.00207599 0.00659683 -0.000307253 0.0105717 0.0392577 0.0479889 0.0536711 0.0579473 -0.00458004 0.064392 0.0698377 0.0766904 0.0247046 0.00984283 0.0619181 0 -0.00325687 0 -0.00186745 -0.00493234 0.018457 0.00393697 0.00865835 0.00290278
internal_weight=9082.28 6349.56 6256.71 1047.92 17.9629 1029.96 5208.79 22.5565 1007.4 979.614 102.144 34.5076 877.47 2732.72 726.348 22.2686 707.374 151.122 137 53.6002 29.8873 24.282 2710.45 1649.33 422.074 136.488 71.8963 60.4992 40.405 1227.25 445.307 94.0922 55.033 33.2666 24.2443 12.5317 351.215 1061.12 184.603 141.364 285.586 46.529 35.4838 24.7603 21.6755 20.0578 207.062 10.6592 9.76555 8.45176 17.6914 122.807 18.8672 4989.88 589.543 4400.33 551.592 328.58 27.7881 20.0942 10.7235 83.4002
internal_count=809574 498284 485781 38939 370 38569 446842 873 37696 36683 4113 507 32570 311290 28130 269 27840 4440 4060 985 732 604 311021 177372 43283 13954 4707 3934 2841 134089 36028 5906 3394 2160 1627 804 30122 133649 13849 9922 29329 4444 2483 1782 1575 1443 16673 714 578 508 1430 8841 1375 430904 41481 389423 40103 23942 1013 1093 701 3075
is_linear=0
shrinkage=0.05


Tree=91
num_leaves=63
num_cat=0
split_feature=159 167 5 69 141 168 20 135 86 143 144 144 144 142 86 144 130 5 66 104 71 144 69 144 186 130 9 13 142 26 69 143 9 13 71 130 143 64 7 179 134 151 134 9 7 144 7 85 135 141 69 64 69 1 142 142 75 79 142 79 152 13
split_gain=4.02914 5.54733 4.4336 4.50432 3.41608 3.53809 3.53599 4.70343 6.38318 4.90327 3.30717 7.48818 5.55876 6.09985 5.11589 4.19668 5.61051 5.11009 4.82517 4.2114 3.80003 3.87148 4.32869 3.77296 3.77899 3.91708 3.52622 4.6832 4.32861 4.0505 3.44405 3.65054 3.363 3.22119 3.92377 3.87512 3.69224 6.85266 3.51919 3.21959 3.20826 4.81639 4.59925 6.67514 4.33816 6.33691 3.80248 5.03643 3.35804 4.08983 3.42952 4.42208 3.60024 3.1848 3.30166 3.12558 3.00533 4.62142 2.97321 3.75709 2.9337 2.89599
threshold=38.564739227294929 1.0000000180025095e-35 0.18148853629827502 1.6541161537170412 0.11863824352622034 1.0000000180025095e-35 0.34951587021350866 -1.0000000180025095e-35 1.0000000180025095e-35 -0.10787487775087355 0.70466029644012462 0.80597889423370372 0.87233012914657604 2.2690614461898808 11.500000000000002 0.28847827017307287 728.50000000000011 0.35510365664958959 -0.86618727445602406 1530.2781982421877 0.6078576147556306 0.20528909564018252 0.19494881480932238 0.17037792503833774 1.5000000000000002 271.50000000000006 0.15526958554983142 0.48872700333595281 0.30621677637100225 2.0751878023147587 0.19494881480932238 -0.1485595107078552 0.34922453761100775 0.10937105119228364 0.87837970256805431 935.50000000000011 0.42044401168823248 0.015566034242510797 0.43133538961410528 1.0000000180025095e-35 653.50000000000011 1.0000000180025095e-35 1166.5000000000002 0.19770738482475284 0.7961278259754182 0.92783483862876903 0.95204195380210888 21.500000000000004 389.50000000000006 0.13258621841669085 0.90138617157936107 1.0000000180025095e-35 11.020820617675783 0.38972665369510656 0.99997791647911083 0.045236393809318549 0.45000000298023229 2.7310776710510258 22.149734497070316 4.00836205482483 0.91939306259155285 0.72662508487701427
decision_type=2 2 2 2 2 2 2 2 2 2 2 2 2 2 2 2 2 2 2 2 2 2 2 2 2 2 2 2 2 2 2 2 2 2 2 2 2 2 2 2 2 2 2 2 2 2 2 2 2 2 2 2 2 2 2 2 2 2 2 2 2 2
left_child=4 2 3 -2 -1 6 7 8 58 -10 15 14 -13 53 33 16 18 30 -9 20 21 23 -23 24 55 -26 28 29 39 -28 31 -17 -31 34 36 -35 -12 -38 -37 -22 44 -42 -43 -44 48 -46 47 -47 -15 -50 -51 -52 -53 54 -14 -20 -32 -58 59 -6 -24 -27
right_child=1 -3 -4 -5 5 -7 -8 10 9 -11 11 12 13 40 -16 17 -18 -19 19 -21 26 22 60 -25 25 61 27 -29 -30 32 56 -33 -34 35 -36 38 37 -39 -40 -41 41 42 43 -45 45 46 -48 -49 49 50 51 52 -54 -55 -56 -57 57 -59 -60 -61 -62 -63
leaf_value=-0.0036827416054470274 0.013285889254066867 0.031166736239893623 0.014040600677380159 -0.027797217042761831 0.055071317696672444 0.012894944741171782 -0.00095938008998003733 -0.0036827416054470274 -0.0036827416054470274 0.020252238851872717 0.012514387929543597 -0.0036827416054470274 -0.0011007726898361013 -0.00051891180025291975 -0.0036827416054470274 0.0013777304795120932 -0.0028597659595487154 0.0013090150237325541 0.036316556242521704 -0.0034574822228935521 0.029336546614242582 -0.0036827416054470274 0.010270916883254728 -0.0036827416054470274 -0.0036827416054470274 0.014378934840262321 -0.0036827416054470274 0.017849689689383313 0 0.04134901021435549 -0.0036827416054470274 0.029447786707470391 -0.0036827416054470274 0.002221133897019912 -0.0032607922423767278 0.0011520815774920931 -0.0018310055450459729 0.045395964982649965 0.025476013316238638 -0.0036827416054470274 -0.0036827416054470274 -0.0011164145118215882 0 0.046415902117006295 -0.0036827416054470274 0.048322592721980688 -0.00010735090453871707 -0.0036827416054470274 -0.0036827416054470274 -0.0036827416054470274 -0.0036827416054470274 0.021904318187478716 -0.0036827416054470274 0.0092058854725940668 0.051088682604115837 0.0077709912812033467 -0.00041971048140299262 0.02428111840228038 -0.0036827416054470274 0 0.031664720426417048 -0.0036827416054470274
leaf_weight=553.44070789213583 5.713981855427849 19.862985523534007 25.511383510602172 13.749912741361184 9.8089128810279345 50.952688355238934 3442.8982077985529 103.95408574671819 49.10270366333134 26.916187799186446 120.84467658166977 330.39339961414953 2.7530222519271765 368.39628502029518 55.361719936023292 80.31191484615556 380.21438985592977 772.53459344875591 10.043448224863821 97.525273381663283 62.101091074306169 12.955298169898013 95.775606781622628 67.262138325775595 116.20873009671777 63.302466739172814 44.295827139863832 40.508203781464545 19.803749705577502 4.2075951672195497 797.39396787922306 9.158271366140978 4.30610999999044 207.13552947949574 21.995801342505729 27.538517187713296 8.8077414047438669 22.174129784885736 36.282922947197221 3.8495965134352437 330.52137662135647 36.888598045443359 14.27248458088434 11.1650658460494 12.346086299276065 17.300014313623258 6.2067374115504199 2.8956368697981807 24.667381601182569 23.650091831208556 12.770419097891134 90.466188652291748 9.9827500636783935 120.26833909363268 5.0634397594476468 49.778958025086467 59.646782299321785 21.425260139189049 1.8623206974407356 3.3938151164329602 20.097317277755792 13.49641894592787
leaf_count=58861 61 225 330 137 230 2685 391417 10335 1301 471 5717 24745 127 15165 4252 4848 21833 79344 719 20535 3260 982 6686 4537 10812 3108 2947 3760 1159 322 58263 460 349 18682 1024 1501 302 775 2120 647 16023 995 342 351 810 576 245 160 1189 1136 938 2714 274 6573 156 3027 5322 1576 54 41 1380 960
internal_value=0.000196628 0.012163 0.000991441 -0.0144642 0.00010103 0.000353683 0.000267054 0.00112327 0.0121011 0.00475934 0.000900632 0.00251345 0.000632029 0.00241336 0.00774657 -0.000143106 0.00210469 -0.00172128 0.00441377 0.00589534 0.00740313 0.00476743 0.0119458 0.00166215 0.00489523 0.0012127 0.0135659 0.00596011 0.0207826 -0.00348252 -0.00368274 0.00592215 0.0235367 0.00957258 0.0149319 0.00583567 0.0177469 0.0328864 0.0161899 0.0265517 0.000991072 -0.00242887 0.0099704 0.0244117 0.00339774 0.0186192 0.0310367 0.0397223 0.00207439 0.00797672 0.0115955 0.0151528 0.0187889 0.0124642 0.0374981 0.0153807 -0.00368274 0.00684894 0.0374844 0.0441745 0.0153447 0.00976379
internal_weight=9073.52 64.8383 44.9753 19.4639 9008.68 8455.24 8404.29 4961.39 91.0839 76.0189 4870.31 1920.15 1420.01 1089.61 500.141 2950.16 1209.69 1740.47 829.472 725.518 627.993 448.92 128.828 320.092 252.83 193.008 179.072 93.3177 85.7544 52.8095 967.936 89.4702 8.51371 444.779 173.822 270.957 151.827 30.9819 63.8214 65.9507 961.529 392.848 62.3261 25.4376 568.682 38.7485 26.4024 20.1957 529.933 161.537 136.869 113.219 100.449 128.085 7.81646 59.8224 878.466 81.072 15.065 13.2027 115.873 76.7989
internal_count=809876 753 528 198 809123 750262 747577 356160 2097 1772 354063 106892 72519 47774 34373 247171 97358 149813 75525 65190 44655 32211 9048 23163 18626 14880 12444 7378 5066 3618 70469 5308 671 30121 7818 22303 6794 1077 3621 3907 40918 17711 1688 693 23207 1791 981 736 21416 6251 5062 3926 2988 6856 283 3746 65161 6898 325 271 8066 4068
is_linear=0
shrinkage=0.05


Tree=92
num_leaves=63
num_cat=0
split_feature=164 141 144 148 85 139 144 144 134 94 152 78 75 139 152 139 140 24 143 134 21 148 143 7 92 24 144 133 65 177 141 135 67 135 29 169 16 94 13 168 143 9 144 76 13 78 7 79 15 85 63 65 140 94 133 5 5 152 166 130 10 86
split_gain=4.66901 3.49637 2.93363 3.63445 4.25313 4.07359 4.18331 3.49733 3.46777 3.45154 5.07207 3.63352 3.3286 4.64286 3.96974 6.7362 4.57226 4.00303 4.09161 3.88625 3.7686 2.8479 2.83662 4.26145 4.16841 4.28001 3.33783 3.10005 3.02682 3.67612 3.89752 2.85436 2.84184 2.878 2.69525 2.68103 2.63101 2.62036 2.61012 2.56941 2.71827 2.54999 3.69123 2.52412 4.65038 2.83527 2.49204 3.03511 2.418 2.40735 2.34224 2.31882 2.26848 2.25309 2.31961 2.24079 3.10051 3.21151 5.12665 4.78595 3.00713 2.43464
threshold=1.0000000180025095e-35 0.10734267532825471 0.9803157150745393 1.0000000180025095e-35 8.5000000000000018 0.17912449687719348 0.98694339394569408 0.97040107846260082 261.50000000000006 3513.5000000000005 0.52867648005485546 0.049179352819919593 0.63333335518836986 0.17912449687719348 0.87019222974777233 0.18288024514913562 0.13051657378673556 1.5003867745399477 -0.5032360553741454 432.50000000000006 0.86494630575180065 1.0000000180025095e-35 -0.6162905991077422 0.61359137296676647 0.45889639854431158 1.1752308011054995 0.8688228726387025 121.09999847412111 -0.6823216676712035 1.0000000180025095e-35 0.12730940431356433 606.50000000000011 -0.40163406729698176 71.500000000000014 0.40389126539230352 1.0000000180025095e-35 182.90322875976565 1066.5000000000002 0.58178356289863598 1.0000000180025095e-35 -0.34527480602264399 0.46739414334297186 0.23159878700971606 9136.3657226562518 0.50565820932388317 0.0051178098656237134 0.62497863173484813 1.0317695736885073 0.10886927694082262 6.5000000000000009 0.92331779003143322 -0.98121327161788929 0.13155745714902881 13837.500000000002 636.50000000000011 0.17983883619308474 0.1180679313838482 1.0000000180025095e-35 1.0000000180025095e-35 218.50000000000003 1.0267385244369509 5.5000000000000009
decision_type=2 2 2 2 2 2 2 2 2 2 2 2 2 2 2 2 2 2 2 2 2 2 2 2 2 2 2 2 2 2 2 2 2 2 2 2 2 2 2 2 2 2 2 2 2 2 2 2 2 2 2 2 2 2 2 2 2 2 2 2 2 2
left_child=1 -1 7 4 5 6 34 12 -5 10 35 -12 14 41 16 17 -3 21 -19 46 51 -16 23 26 25 27 55 -25 -28 30 -30 -32 -27 36 -4 52 38 -23 -34 -24 -41 42 -14 -29 45 48 -20 -48 -45 -8 53 -21 -6 54 -50 56 -18 58 59 -58 -61 -57
right_child=-2 2 3 8 9 -7 49 -9 -10 -11 11 -13 13 -15 15 -17 22 18 19 20 -22 37 39 24 -26 32 28 43 29 -31 31 -33 33 -35 -36 -37 -38 -39 -40 40 -42 -43 -44 44 -46 -47 47 -49 50 -51 -52 -53 -54 -55 -56 61 57 -59 -60 60 -62 -63
leaf_value=-0.0048179644241811903 0.026102251827101908 -0.0048179644241811903 0.018725035805143165 0.0076415958562770312 -0.0021030941038800966 0.018725035805143165 -0.0048179644241811903 -0.0048179644241811903 -0.0048179644241811903 -0.0048179644241811903 -0.002946472569080844 0.024853446227359105 -0.0048179644241811903 0.010482823345576405 -0.001112143012419186 0.012053193903100803 -0.0023041161534076591 -0.000448175201471254 -0.0025397483558373939 -0.0028999768727392254 -0.0015225075125986131 -0.0048179644241811903 -0.0009114456962096393 -0.0048179644241811903 -0.0042380042366942667 0.0033918973141896466 -0.0048179644241811903 0.0015546252333715517 -0.0048179644241811903 -0.0040506518947631574 0.035804750588188841 -0.0048179644241811903 0.057936674991776842 0.0051997261833185669 -0.0039122782986861773 -0.0026239387276728817 -0.00093909081865249091 0.012053193903100803 0 0.033713391633976658 0 -0.0011847288985559531 0.010482823345576405 0.0041134239965378251 -0.0048179644241811903 -0.0048179644241811903 0.012053193903100803 -0.0048179644241811903 0.055835733224934569 0.011681611002862989 0 0.012053193903100803 0.031495698489738141 0 0 -0.0036408991949094037 0.047292492829041376 0 3.3813474884767363e-05 0.026806629209862372 -0.0024672241509290527 0.0080274142928983949
leaf_weight=310.0130739782835 12.666371911356689 414.73972312472688 28.452185472004203 50.534207052609418 3.6788855470076696 93.574918566533597 62.415523027539166 193.7411454753892 55.025821199800703 85.364004467061022 98.296390192259423 8.2541705793482816 22.300862644147855 185.85223287567351 1228.147427989079 147.7663343146487 128.4246157444577 344.22522875977302 145.59738242304593 21.496042969050905 56.225003954612475 12.928161358584473 3634.5442898957008 30.897507581434184 43.366910832555732 13.584077676085142 13.476552293715939 40.689800316729816 4.6592932332168848 11.218670280843069 26.506008717929948 1.7058188061419048 11.93946499135564 9.4583354565111204 9.9910529607695917 6.9934274505212661 1.5761786616494635 31.463904280797578 2.8869960186493691 6.0501592158143493 10.502770242088443 324.34530954548245 96.330504389738053 9.2728786928346398 10.208801030050379 2.788628026857622 41.922730447491631 17.644024206318136 14.001186068024259 19.404539653849497 2.2842568270280017 252.94200814936994 25.486123955986841 3.3625775504769981 1.6189087592501881 434.94049115478265 12.779518071700293 70.376854924346844 35.395205054162943 9.2964284617191897 17.428594422337483 43.919339693253278
leaf_count=33495 296 30394 1216 907 174 1024 2508 8375 761 1408 5874 468 2063 13112 141264 8602 5129 36783 25170 1510 4041 695 326106 1965 3558 930 933 2031 218 1537 1091 126 661 844 507 214 63 1425 228 319 532 42649 7496 337 681 147 2831 1256 665 930 120 17087 1014 196 77 54900 514 4714 1567 419 724 2647
internal_value=0.000402826 0.000349728 0.000538446 0.00406873 0.00607171 0.0110671 0.00439944 0.000297271 -0.00398572 0.00114388 0.00599497 4.64683e-07 0.000467398 0.00394621 0.000164886 0.00188818 -0.000612573 0.00115249 0.0037393 0.0064549 0.00977737 -0.000624529 -0.000150504 0.00218428 0.00867224 0.0124704 0.000524944 0.00673364 0.0116347 0.0176858 0.0253198 0.0317858 0.02601 0.0346062 0.0170145 0.020906 0.0452189 0.0111066 0.0503861 -0.000804078 0.0163532 0.00106155 0.00720477 0.0116291 0.0193995 0.027668 0.00087591 0.00916206 0.0318921 -0.00187831 0.0399639 0.0120532 0.0268383 0.0446474 0.050908 -0.000363063 0.003172 0.00809485 0.0149576 0.0262611 0.00954775 -0.00244716
internal_weight=9066.98 9054.31 8744.3 547.471 441.911 213.838 120.263 8196.83 105.56 228.073 142.709 106.551 8003.09 628.829 7374.26 2300.36 5073.9 2152.59 880.052 535.827 330.663 1272.54 4659.16 1008.06 197.937 154.57 810.127 115.125 57.5663 44.0898 32.8711 28.2118 39.4451 25.861 38.4432 36.1584 16.4026 44.3921 14.8265 3651.1 16.5529 442.977 118.631 84.227 43.5372 33.3284 205.164 59.5668 30.5398 81.8201 21.2669 274.438 29.165 18.9827 15.6201 752.561 273.701 145.277 74.8997 39.5045 26.725 478.86
internal_count=809528 809232 775737 17005 15337 6185 5161 758732 1668 9152 7744 6342 750357 65320 685037 240664 444373 232062 88678 51895 22638 143384 413979 87022 12503 8945 74519 6219 3905 2972 1435 1217 2726 1796 1723 1402 952 2120 889 326957 851 52208 9559 4254 2223 1542 29257 4087 1395 3438 1058 18597 1188 938 742 70614 13067 7938 3224 1657 1143 57547
is_linear=0
shrinkage=0.05


Tree=93
num_leaves=63
num_cat=0
split_feature=113 167 159 144 10 76 7 7 54 11 11 63 75 139 142 144 9 95 140 142 10 65 144 64 68 69 69 144 64 141 43 69 23 10 75 36 115 72 86 86 68 68 152 76 86 79 31 159 142 152 63 7 3 63 10 9 65 109 142 152 43 72
split_gain=3.06298 2.79756 8.3569 3.37096 4.38891 5.0743 3.98045 5.43434 4.76371 3.87737 3.74364 3.05125 3.16853 2.57469 3.20535 3.89177 4.61749 3.53556 3.17948 3.06793 4.55432 5.61208 2.80147 2.66278 2.52562 2.48404 3.14915 3.67338 2.52696 2.46543 2.46208 2.47445 2.62539 2.4112 2.331 2.33081 2.25016 2.22822 2.5026 2.4835 2.20778 1.96532 2.7488 1.964 1.90064 2.19652 1.84541 1.79435 1.79943 1.77145 1.99961 1.93242 1.76192 1.75731 1.75366 1.684 1.66525 1.71693 1.60356 1.59297 1.55294 1.53968
threshold=1.0000000180025095e-35 1.0000000180025095e-35 13.902823925018312 0.52093711495399486 1.5422188043594363 31188.250000000004 0.8724653720855714 0.52807226777076732 10.500000000000002 0.40545281767845159 0.84352290630340587 -0.9507477581501006 0.55000001192092907 0.1848227605223656 0.033749638125300414 0.056792298331856735 0.06704390794038774 0.47699853777885443 0.12374829873442651 1.4814299345016482 2.3806213140487675 -0.7076236605644225 0.80907693505287182 0.87423545122146618 0.90448296070098888 2.9134039878845219 6.2609183788299569 0.68732738494873058 -0.53818055987358082 0.11024442315101625 0.77210456132888805 10.821208000183107 0.69887697696685802 1.3903593420982363 1.0000000180025095e-35 28.846154212951664 0.16942330449819568 -1.0000000180025095e-35 11.500000000000002 1.5000000000000002 0.98657339811325084 0.89328232407569896 0.39918714761734014 113833.51562500001 10.500000000000002 2.7532457113265996 0.59497731924057018 8.1383199691772479 2.7145780324935918 1.0410571694374087 -0.46805819869041437 0.72456005215644848 0.39635264873504644 0.68279767036437999 1.9497854113578799 0.68090113997459423 -0.97191134095191944 0.50052890181541454 0.09801922366023065 0.93754005432128917 0.75482234358787548 -0.56174489110708226
decision_type=2 2 2 2 2 2 2 2 2 2 2 2 2 2 2 2 2 2 2 2 2 2 2 2 2 2 2 2 2 2 2 2 2 2 2 2 2 2 2 2 2 2 2 2 2 2 2 2 2 2 2 2 2 2 2 2 2 2 2 2 2 2
left_child=1 13 3 35 47 6 7 46 9 -9 -11 -4 56 18 15 61 53 -18 -1 59 22 -22 25 34 54 33 27 -27 -29 36 31 32 41 -21 37 40 58 38 39 -23 49 42 -2 -19 45 55 -6 52 -49 -3 -51 60 -5 -17 -7 -30 -13 -58 -20 -16 -52 -15
right_child=30 2 11 4 5 24 -8 8 -10 10 -12 12 -14 14 19 16 17 43 29 20 21 23 -24 -25 -26 26 -28 28 44 -31 -32 -33 -34 -35 -36 -37 -38 -39 -40 -41 -42 -43 -44 -45 -46 -47 -48 48 -50 50 51 -53 -54 -55 -56 -57 57 -59 -60 -61 -62 -63
leaf_value=-0.0095403801139000502 -0.0020630824455003536 -0.011943491974941189 -0.0049849912926434202 0.0036202352272371716 -0.0077724721106789399 0.0099441174314094868 0 0.00022281150542747315 0 0.082279622644437694 0.00091054642298313889 0 -0.0056411513490697935 0.014084000178739529 -0.00042646965861994185 -0.00042646965861994185 0 0.059862395968224014 -0.00042646965861994185 -0.00042646965861994185 -0.00042646965861994185 0.0016776944428770536 -0.00042646965861994185 0 0.021766042433012691 0.0010854942047200616 0.0031663239185871096 0 0.066451288008460715 -0.00042646965861994185 -0.0053868770968806051 -0.011627111041455959 0 0.019782169274307409 -0.00042646965861994185 0.018805946980179844 -0.00042646965861994185 0.011016055934942023 -0.00042646965861994185 0.050881779145820573 0.01539531810597421 0 0.043960648141218084 0 0 0 0.023491189773566203 0.019820577454294528 -0.005555353990273796 -0.010852575234207473 0.030629999716135101 -0.0070779690129177432 -0.013303474579002456 0.020868560022215491 -0.01854717590983802 0 0.048050188797301316 0 -0.0095403801139000502 0.011354296891234411 -0.00046623017865631331 -0.00042646965861994185
leaf_weight=92.246793440528563 2.1748726832593226 78.923791656881804 3.1314096985297537 21.432212400555727 8.5600971918611339 2.6852866936969866 8.9677151872601808 3.0844068529404494 3.6880425473354981 7.5063764461374358 2.4346401091024745 2.3428649636334802 2.0240453289152347 13.660568781575419 451.14878492264688 12.34629138919991 4.7714228801705749 7.8187757910200144 23.59177710041331 45.0358602532433 23.304167455906281 4.4809520162962171 208.46829736090149 11.137784274862495 2.5837683005520367 11.507384877710139 36.474722409016977 3.4044321614637747 6.6390705079029342 7419.0713929544545 9.0430995855567726 1.6405920806719212 7.6715188709058557 9.7981734162603953 2.688460377190494 4.788000655869836 141.73110655786513 18.298592459977957 1.5539328464365088 18.384456407278776 5.4929800772370063 3.0576187640690469 14.120844799967015 1.2665477002738041 1.6238002480458824 1.6797804949019335 2.013164112562662 11.900807499128861 6.8624613198189754 10.714657630174772 7.2711143451597291 4.3016941966343429 29.469838520177291 5.3358597505866774 13.8540891304292 1.1610422178491715 16.8237155074894 1.8184024958318321 136.51518277405921 27.244994155254972 3.496469242090825 27.36344074698718
leaf_count=5445 86 5587 71 1608 496 195 590 169 258 448 167 40 56 713 29475 357 242 274 3129 3025 859 139 8034 413 162 825 2177 187 350 697254 684 60 437 616 150 267 20933 664 86 704 367 126 661 36 133 71 142 905 534 777 493 313 2229 135 823 65 282 145 10617 1718 254 1545
internal_value=-1.74932e-05 -8.33368e-05 0.00491426 0.00160769 0.00722946 0.0171245 0.0270791 0.0352868 0.0497361 0.0603365 0.0709985 0.0293405 0.0349606 -0.000240582 0.00219591 0.011987 0.0238891 0.0413151 -0.000543304 0.00130123 0.00459291 0.0149603 0.00178868 0.0231262 -0.00241254 0.00798223 0.0144048 0.0263049 0.0396215 -0.00042647 0.0133375 0.0199099 0.0241215 0 0.028019 -0.0043438 -0.00491645 0.0308357 0.0404413 0.0441676 -0.00633919 0.0321659 0.037602 0.0539693 0.0478962 0.0536605 0.00220584 -0.000921368 0.0102715 -0.00835695 0.001966 0.0127591 -0.0060441 0.00303376 -0.0115262 0.0607152 0.0401707 0.0441553 -0.00889236 -0.00042647 0.022001 0.00069244
internal_weight=9073.63 9035.93 266.172 240.032 125.043 55.3776 36.2544 27.2867 16.7135 13.0254 9.94102 26.1404 23.009 8769.75 956.598 72.5629 31.5389 13.8567 7813.16 884.035 405.641 79.8483 325.793 56.5442 19.1231 117.324 62.4902 26.0155 14.5081 7720.91 37.7085 28.6654 27.0249 54.834 45.4064 114.989 301.838 42.7179 24.4193 22.8654 110.201 19.3533 16.2957 9.08532 11.1037 9.47989 10.5733 69.6653 18.7633 104.708 25.7839 15.0693 50.9021 17.6822 16.5394 7.80011 20.985 18.6421 160.107 478.394 10.7676 41.024
internal_count=809803 807749 17378 16784 8726 3450 2270 1680 1042 784 615 594 523 790371 52993 3302 1044 552 737378 49691 18498 3015 15483 2156 1180 7449 3808 1631 806 731933 2054 1370 1310 3641 1743 8058 34679 1593 929 843 7791 873 747 310 619 486 638 5276 1439 7424 1837 1060 3837 492 1018 415 467 427 13746 31193 747 2258
is_linear=0
shrinkage=0.05


Tree=94
num_leaves=63
num_cat=0
split_feature=168 65 144 144 172 176 135 110 49 144 177 109 186 71 94 169 6 3 55 144 69 144 130 1 179 11 67 67 4 11 1 135 115 149 71 11 0 189 130 143 11 65 150 130 186 142 130 95 142 189 79 31 37 190 23 67 11 38 144 86 134 66
split_gain=3.57288 4.67185 3.07972 10.1618 6.68996 6.65212 17.3138 9.93267 5.21967 5.04211 10.6506 8.46777 3.74306 4.32527 3.88198 3.59769 4.79305 4.08362 4.02375 5.10561 5.42911 4.94642 6.42559 6.21488 5.09097 4.78349 4.91151 4.48105 4.06426 3.88661 3.75175 3.46574 3.44729 4.16545 3.31647 6.27714 3.73695 3.29523 3.28782 3.23202 3.23031 3.18186 3.11361 3.07739 3.06673 5.46109 3.21865 3.13925 3.33776 3.05995 4.8373 4.86304 4.33411 3.84976 3.83328 2.94026 4.28911 3.21744 2.93789 2.85439 3.76196 4.64206
threshold=1.0000000180025095e-35 0.52681565284729015 0.74202215671539318 0.80597889423370372 1.0000000180025095e-35 1.0000000180025095e-35 4.0250000953674325 3.5000000000000004 2.5000000000000004 0.23968885838985446 1.0000000180025095e-35 0.48371113836765295 10.500000000000002 0.6078576147556306 23856.500000000004 1.0000000180025095e-35 10.459886074066164 0.46960954368114477 4.5000000000000009 0.19753149896860125 6.7121434211730966 0.17632728815078738 989.50000000000011 0.42363306879997259 1.0000000180025095e-35 0.19172307103872302 -0.11263880133628844 0.92541319131851207 4.0967366695404062 0.93071377277374279 0.42823641002178198 524.50000000000011 4.1935167312622079 -1.0000000180025095e-35 0.6078576147556306 0.081549063324928298 32.579853057861335 0.14999999850988391 911.50000000000011 -0.5455217957496642 0.85031482577323925 0.61475205421447765 2.5000000000000004 1342.5000000000002 2.5000000000000004 0.045236393809318549 257.50000000000006 0.64592549204826366 0.29997226595878607 0.31000000238418585 -2.4384746551513667 0.76655831933021557 0.92149925231933605 1.5000000000000002 0.70655882358551036 -0.42629224061965937 0.62476480007171642 9.7730817794799822 0.85799655318260204 2.5000000000000004 780.50000000000011 -0.17417879402637479
decision_type=2 2 2 2 2 2 2 2 2 2 2 2 2 2 2 2 2 2 2 2 2 2 2 2 2 2 2 2 2 2 2 2 2 2 2 2 2 2 2 2 2 2 2 2 2 2 2 2 2 2 2 2 2 2 2 2 2 2 2 2 2 2
left_child=2 -2 9 4 12 8 7 32 34 10 15 -12 -4 14 42 17 29 18 19 21 25 22 24 -23 44 26 -21 28 30 -17 31 43 33 -7 -5 -36 55 -25 -19 -28 -10 -15 -14 -27 45 46 -1 -47 -49 53 52 -52 -51 -11 -53 56 57 -37 -38 60 -46 -62
right_child=1 -3 3 5 -6 6 -8 -9 40 49 11 -13 13 41 -16 16 -18 38 -20 20 -22 23 -24 37 -26 27 39 -29 -30 -31 -32 -33 -34 -35 35 36 58 -39 -40 -41 -42 -43 -44 -45 59 47 -48 48 -50 50 51 54 -54 -55 -56 -57 -58 -59 -60 -61 61 -63
leaf_value=0.051563488501381295 0.020009630736181727 -0.0080288892917637685 0.0013288276933180478 -0.0021147883730408055 0.020713131384126334 0.043692922138092789 -0.0050028725028612442 -0.02097482347872618 0.037284414708382813 -0.0017375192940107022 0.064510503683133977 0 0.020053537881950322 -0.008941475228636149 -0.01229678260792135 -0.010821080706044857 0.019147594389461463 -0.000476232737143121 -0.00071010616791345393 -0.013073731033875824 -0.0010470399423364153 -0.016877470520934613 -0.0043407969803882151 0 -0.014269969618721002 0.063305993978057515 0.031117416776382592 -0.0046726054804516071 0.00234043276754196 0.018736049573625197 0.005498958204431875 0 -0.0054402315597563465 0 0.020908895656222257 0.014045021573757758 -0.006058515704713819 0.032249999881440249 -0.017974826011161044 0 0 0.015923555392177571 0 0 0.0051236718817860398 0.0040571478403084033 -0.0032024898887201962 0.032234925661407753 -0.0054055893137090159 0.029079614620208034 -0.0017375192940107022 0.044647171322538474 -0.0017375192940107022 -0.022004664279377136 0 -0.0022657826438847771 -0.0054726946922421943 -0.0063981715628715907 0.028859591064818297 0.0019963405826879214 0.039112885585254928 0.0060648287046033119
leaf_weight=10.859052205662008 43.63711277744369 16.638820748466969 290.25834475930969 1612.5809204882498 78.083578509598738 45.458828738435841 75.513761092654022 4.8346259619465846 9.5455066557042318 4059.5581135124849 7.0302510551700825 8.0581465517898305 113.5795458311477 39.066366289131111 7.8496841566375215 137.8206951602042 12.100135786298777 553.639490539088 327.68015286094305 14.049258798688241 34.794975089163927 53.14817945800678 117.22363734331157 22.112217849149605 17.810863012338814 19.492219519255752 15.554356381479009 4.9739127508655647 8.8017384067861695 6.9799838500766773 7.5816664018493602 1.9456959609960893 2.4605707040318512 6.2109654768137252 36.564812668177183 101.97744606577544 4.9756874771410393 6.1996954372152677 23.475347016530577 14.696565093123356 11.944772621925948 12.955069519462993 20.826247080171015 1.9898943841981225 85.633636901267892 62.466013754092273 1.5621387438877707 20.670373691144054 4.6019305326626627 27.072311400523176 95.514857560425298 5.2952310348045986 5.7048276763525783 18.679139188068802 9.6310056233196502 426.34873118027463 56.289831431098719 18.554821738602186 15.03979412204353 152.71317866804748 19.859838466982183 26.202231410028617
leaf_count=417 2189 791 35563 111580 3851 1015 8181 185 478 402120 113 1699 5819 2135 582 9698 662 86702 40116 636 1962 3499 5875 1241 3160 1119 812 306 427 543 426 119 43 113 811 5955 292 200 1419 1065 733 639 1131 119 4686 3523 92 1083 221 1042 3900 266 263 790 499 26952 3634 3496 561 8448 1456 1914
internal_value=0.000205068 0.0118646 0.000117796 0.00143024 0.00745335 1.20142e-05 0.0106244 0.029855 -0.000621032 -0.000530421 0.00167444 0.0379266 0.00507571 0.0103745 0.0147737 0.00124934 -0.0058282 0.00196176 0.00381501 0.0058855 0.0150112 0.0038551 0.00568196 -0.00716334 0.00868067 0.0212713 0.00753593 0.0322344 0.0374102 -0.00865161 0.044963 0.0536415 0.0362074 0.0389369 -0.00088693 0.00206996 0.00076718 0.010118 -0.00137925 0.0183135 0.0214113 -0.00145752 0.0169183 0.0584465 0.00997728 0.0175546 0.0442985 0.0113146 0.0247942 -0.00147824 0.00554567 3.33118e-05 0.0209948 -0.00173752 0.0234302 0 0.00531493 0.0105693 0.0197039 0.00696524 0.0122605 0.0232379
internal_weight=9074.38 60.2759 9014.1 2990.92 562.619 2428.3 134.479 58.965 2293.82 6023.18 1801.73 15.0884 484.535 194.277 142.255 1786.64 156.901 1629.74 1052.62 724.943 123.88 601.063 519.603 81.4601 402.379 89.0853 44.3002 44.7851 39.8112 144.801 31.0095 23.4278 54.1304 51.6698 2272.33 659.751 623.186 28.3119 577.115 30.2509 21.4903 52.0214 134.406 21.4821 384.568 100.16 12.4212 87.7383 25.2723 4221.46 143.218 110.441 32.7771 4078.24 14.9262 603.171 176.822 120.532 20.0155 284.409 131.696 46.0621
internal_count=809367 2980 806387 213749 49720 164029 9537 1356 154492 592638 183758 1812 45869 10306 7532 181946 10903 171043 82922 42806 6991 35815 30875 4940 25000 5029 2513 2516 2210 10241 1783 1357 1171 1128 153281 41701 40890 1441 88121 1877 1211 2774 6950 1238 21840 5336 509 4827 1304 408880 5970 4665 1305 402910 765 40037 13085 9451 853 16504 8056 3370
is_linear=0
shrinkage=0.05


Tree=95
num_leaves=63
num_cat=0
split_feature=86 132 8 65 142 147 134 71 9 139 71 63 22 19 65 72 149 6 94 133 132 189 11 135 135 143 68 135 7 54 26 36 97 13 8 27 47 95 132 68 67 18 94 143 134 143 47 60 95 65 86 1 159 63 142 67 133 143 143 67 47 95
split_gain=2.61607 3.12482 3.94469 3.34517 3.12678 3.35812 2.74748 3.92799 2.83277 2.86419 2.73932 2.73807 3.07138 3.75509 4.3358 4.13013 4.78523 4.89485 4.84588 6.7686 5.19456 7.35403 4.79461 4.372 3.84205 3.61687 3.53499 3.41897 3.15737 3.07125 3.16608 3.34889 3.40315 3.0615 3.42367 3.05117 2.8934 3.53383 2.88331 2.89966 2.87685 2.84563 3.39408 2.81256 2.81046 2.74695 3.22402 2.73662 2.68112 3.01538 2.66242 5.52529 2.59547 2.57512 2.55125 2.94908 2.76998 2.48758 4.22058 2.45779 2.45705 2.42852
threshold=8.5000000000000018 580.50000000000011 3.3894480466842656 -0.30204723775386805 0.18346320837736133 0.84455233812332164 1160.5000000000002 -1.0000000180025095e-35 0.82707965373992931 0.17912449687719348 1.0000000180025095e-35 -0.97432601451873768 0.39796876907348638 0.91736683249473583 -0.99632379412651051 0.81174489855766307 -1.0000000180025095e-35 26.934141159057621 21752.500000000004 -1.0000000180025095e-35 539.50000000000011 1.0000000180025095e-35 0.38156558573246008 -1.0000000180025095e-35 508.50000000000006 -1.2071101069450376 -0.95846113562583912 3.0650000572204594 0.76318851113319408 5.5000000000000009 0.43947848677635198 1.2081081271171572 17.500000000000004 0.49609600007534033 2.3396705389022832 0.11366965994238855 0.20109285414218905 0.6637549400329591 500.50000000000006 0.40368311107158666 -0.37786957621574396 0.5376204550266267 2644.5000000000005 9.0010795593261737 211.50000000000003 -0.03318414278328418 0.53829345107078563 100.62087249755861 0.034433316439390189 0.7601967751979829 1.0000000180025095e-35 0.392324909567833 25.102735519409183 -0.87448373436927784 0.033749638125300414 -0.38935630023479456 358.50000000000006 -0.093607220798730836 -0.44503352046012873 -0.9881157875061034 0.65526968240737926 0.57152602076530468
decision_type=2 2 2 2 2 2 2 2 2 2 2 2 2 2 2 2 2 2 2 2 2 2 2 2 2 2 2 2 2 2 2 2 2 2 2 2 2 2 2 2 2 2 2 2 2 2 2 2 2 2 2 2 2 2 2 2 2 2 2 2 2 2
left_child=11 4 10 -4 6 -6 7 -2 9 -9 -3 -1 13 14 41 23 22 18 19 38 21 33 24 50 61 36 43 -24 -19 30 -29 32 -32 34 35 -21 37 -25 -18 60 -22 42 44 -27 -13 46 -15 53 -26 -50 51 -16 -14 -48 55 -38 -56 58 -52 -55 -40 -17
right_child=1 2 3 -5 5 -7 -8 8 -10 -11 -12 12 52 45 15 16 17 28 -20 20 40 -23 27 25 48 26 -28 29 -30 -31 31 -33 -34 -35 -36 -37 54 -39 39 -41 -42 -43 -44 -45 -46 -47 47 -49 49 -51 57 -53 -54 59 56 -57 -58 -59 -60 -61 -62 -63
leaf_value=-0.0029505143121362019 -0.0028425409541254229 -0.004259325955428773 -0.0010286248334691148 0.041013144748594361 -0.012189734196255663 -0.0031786046739039268 -0.011532946452611529 0 -0.0021280587698728898 0.030048499435363103 0.0084475820446038557 0.00021499512243964449 -0.0010180745678822765 0 0.048895217533993215 -0.011578933073219236 -0.0050738275062551094 -0.020162055028617645 -0.0077109241761124814 -0.0035078913106071025 -0.01632594688751424 0.047281788984211162 0.017095478140925321 0.043282643886768307 -0.0079396862171969822 -0.0047539720144751836 0.00092340776742062727 0.00063719099548702955 0.015293986148362561 -0.0071452507758982464 0 0.0012711846490528797 0.046735825588069317 -0.006327797136585581 -0.0035143318606580196 0.02583096341143732 0.036673925434537138 -0.0033380654528897187 0.041432172940505815 -0.0057111848413696972 0.012210795945772793 0.012429504981005788 0.001193035321012232 0.014960841357833985 -0.019269848775555379 -0.0083379272016886486 -0.0014209899609834557 0 0.031663483736805546 -0.0025617928793317227 0.014944875815381387 -0.00054219843705394081 0.013451806988268564 -0.0037159709181882744 0.006500498859299055 0 -0.017069979125562875 0.019153261143375882 -0.018619592080934451 0.042862090001759653 0 0.00050625228716624055
leaf_weight=581.28599924100126 42.177346928139741 95.970739705866436 5.5641168545553228 7.0917337581486191 126.42587285639456 594.75321087915654 17.450622691743774 8.8439103954806324 11.704395836743059 27.460710706749524 67.319574456443661 21.135171638761676 2470.7428528763739 14.092762030752054 8.1488895523070841 102.82508188976499 49.066264958408283 16.43701939255698 22.38724485306011 7.1146963612263781 10.380903599390878 25.515349176814198 54.394206388093153 7.7810644179589854 7.8147420133136647 407.29939126864338 3564.159589277886 65.984450142059359 3.8970112921597311 48.121083113073837 5.1734127781528541 16.81454589319037 9.012714285283435 9.3224516673362796 11.173601418049655 71.471109816724493 6.695185848875556 3.6221620930737117 6.0067643667680404 6.3502056024008189 15.741019406719714 11.601847510341029 46.462921492398891 13.586528266812818 69.588004518529488 7.1591127166175275 2.903803220906414 7.3506393965217276 12.678251126832039 7.0561023227201067 11.878297959687186 8.0211241744909767 26.195999413306708 1.2677832129957156 34.014610591020755 10.253217752091585 13.173513159097636 14.411179524409816 15.548855894565351 19.367229207775381 5.064211703986075 60.777504585574206
leaf_count=53242 3111 7112 308 348 7091 46449 1223 598 841 2014 4874 2933 285349 1045 100 5846 4069 669 1474 338 545 1019 5402 375 601 33035 287297 7880 156 6155 751 2949 1023 670 523 3625 404 130 460 547 805 1892 2563 519 5176 588 268 645 817 414 249 1547 542 119 4346 621 477 213 368 1819 463 2264
internal_value=2.94907e-05 -0.00236651 0.003542 0.0260567 -0.00366451 -0.00486578 0.00402089 0.00774085 0.0169014 0.0231566 0.000926127 0.000332998 0.000593758 0.00131403 0.00115919 0.00142864 0.0051228 0.0103295 0.0123989 0.014711 0.0204235 0.0245235 0.00150851 0.000833537 -0.00401768 0.0006235 0.000404457 0.00689447 -0.0107027 0.00246192 0.00759044 0.0195519 0.0339387 0.0164328 0.0192697 0.0228248 0.0111261 0.0304463 0.000888984 0.0161844 0 -0.00708073 -0.0092856 -0.00389069 -0.0146953 0.0141017 0.0186501 0.0266268 0.0115863 0.0203713 0.0139232 0.0288549 -0.000829696 0.0336352 0.00537594 0.0195131 -0.000605637 0.00515433 -0.00324935 0.0388586 0.0281686 -0.0070592
internal_weight=9053.09 1004.76 175.946 12.6559 828.816 721.179 107.637 90.1864 48.009 36.3046 163.29 8048.33 7467.04 4970.1 4917.96 4769.17 650.58 259.928 239.594 217.207 150.719 124.597 390.652 4118.59 191.152 4060.59 3985.05 199.5 20.334 145.106 96.9851 31.0007 14.1861 99.0819 89.7594 78.5858 75.5398 11.4032 66.4874 17.4212 26.1219 148.788 137.186 420.886 90.7232 52.1413 44.9822 30.8895 27.5491 19.7344 58.0083 16.17 2496.94 23.5388 64.1365 16.9484 47.1881 41.8383 27.4272 20.635 11.071 163.603
internal_count=809296 73969 12642 656 61327 53540 7787 6564 3453 2612 11986 735327 682085 396194 391710 379146 49465 15363 14538 13064 7525 6175 34102 329681 9942 327204 320851 24160 825 18758 12603 4723 1774 5156 4486 3963 6353 505 5539 1470 1350 12564 10672 33554 8109 4484 3896 2851 1832 1231 2477 1647 285891 2206 5848 1025 4823 830 617 1938 923 8110
is_linear=0
shrinkage=0.05


Tree=96
num_leaves=63
num_cat=0
split_feature=189 131 164 43 143 37 42 143 140 147 142 94 66 134 7 187 63 11 135 1 79 159 71 131 85 79 95 35 134 69 130 76 76 96 54 131 37 35 11 25 45 23 4 59 147 65 175 69 43 20 8 66 68 147 132 142 25 143 11 63 7 141
split_gain=3.45022 3.99318 3.09231 2.97418 3.59729 6.61718 3.15118 4.75869 2.75724 3.16723 4.57555 4.48908 4.52566 4.28241 4.24043 3.55637 3.39855 3.1501 2.89675 2.8319 2.53731 2.53081 3.59589 2.85652 2.52982 2.48237 2.35299 2.3515 3.37807 2.31197 2.2709 4.21936 3.00458 2.2663 2.70318 3.9135 3.25435 2.80594 2.82914 2.31678 2.3347 2.24155 2.25636 2.63506 2.20966 2.18698 2.11941 2.00935 2.95394 2.16351 2.00189 2.19609 1.93205 1.92135 1.91952 2.95156 1.90217 1.90123 4.9327 2.28857 2.35793 1.87148
threshold=-1.0000000180025095e-35 118.50000000000001 1.0000000180025095e-35 0.94541773200035106 0.30596105754375463 0.92133888602256786 4.2300715446472177 3.981351494789124 0.13777061551809314 0.71547618508338939 0.05433915741741658 1298.5000000000002 -0.16245318204164502 810.50000000000011 0.57168611884117138 3.5000000000000004 0.20462950319051745 0.89713087677955639 471.50000000000006 0.43295335769653326 0.6608438789844514 6.3482046127319345 1.0000000180025095e-35 1184.5000000000002 2.5000000000000004 4.1051018238067636 0.90075755119323742 0.98113262653350841 944.50000000000011 9.0720162391662615 328.50000000000006 9136.3657226562518 357945.78125000006 0.13574938476085666 7.5000000000000009 706.50000000000011 0.96390822529792797 0.93206432461738598 0.8602881431579591 0.28523771464824682 0.9732159972190858 0.94174697995185863 6.7006802558898935 2.5000000000000004 0.93758118152618419 -0.92398816347122181 1.0000000180025095e-35 0.7612043321132661 0.77210456132888805 4.623868703842164 1.393077611923218 -0.12787009030580518 0.89328232407569896 0.96392598748207103 668.50000000000011 0.44089658558368688 0.3109413087368012 -0.64698803424835194 0.72782638669013988 0.64406967163085949 0.92827135324478161 0.11333805695176126
decision_type=2 2 2 2 2 2 2 2 2 2 2 2 2 2 2 2 2 2 2 2 2 2 2 2 2 2 2 2 2 2 2 2 2 2 2 2 2 2 2 2 2 2 2 2 2 2 2 2 2 2 2 2 2 2 2 2 2 2 2 2 2 2
left_child=1 53 3 8 27 45 -7 56 -2 11 13 15 20 14 25 17 18 54 19 26 24 22 23 -17 -13 61 30 44 41 -4 -14 -32 -33 -12 35 47 37 38 39 -37 -41 42 43 52 57 50 -3 48 -35 -50 -6 -52 -29 -1 -10 -56 -8 58 -5 60 -60 -11
right_child=2 46 29 4 5 6 7 -9 9 10 33 12 16 -15 -16 21 -18 -19 -20 -21 -22 -23 -24 -25 -26 -27 -28 28 -30 -31 31 32 -34 34 -36 36 -38 -39 -40 40 -42 -43 -44 -45 -46 -47 -48 -49 49 -51 51 -53 -54 -55 55 -57 -58 -59 59 -61 -62 -63
leaf_value=-0.00089259508580157325 -0.00058505894258484346 -0.0039760577694901147 0.029876185144225294 -0.00072353093570961125 -0.00089259508580157325 0.0011632716050022176 0 -2.0495552282474486e-05 -0.00058505894258484346 -0.00058505894258484346 -0.00014800171608889365 -0.00058505894258484346 0.0090547776703890255 0 0.0021847427770238944 0.050289248555952785 0.003285083542438449 0.033683803010218102 -0.00058505894258484346 -0.00058505894258484346 -0.00058505894258484346 -0.00058505894258484346 0 0 0.032691382916356676 -0.00058505894258484346 0 0.068050808546893091 -0.00089259508580157325 -0.00089259508580157325 0.0019520223979311005 0.058423009224745186 0 -0.00058505894258484346 -0.00058505894258484346 0 -0.00058505894258484346 -0.00058505894258484346 -0.00058505894258484346 0.048873185392076864 0 -0.00042944054405117597 -0.00066182876064015291 0 0.0082486921052770685 -0.00089259508580157325 -0.014054575871223439 -0.00058505894258484346 0.044104161793043897 -0.00058505894258484346 -0.00089259508580157325 0.042323624568869678 0 -0.0049703251745651239 0.027669020071399403 -0.00058505894258484346 0.047342872348157025 -0.00089259508580157325 0.053379649576948296 -0.000891793118240122 -0.00031578157032543012 0.036667822829903537
leaf_weight=1850.8383350096919 3782.8196955389067 176.3063489044398 10.534498271998016 28.725429808459012 3.3550749180139956 11.29557950284652 1.9890871408570223 6.5565712914103633 148.96199809412064 1.3710719265218489 1920.964852559162 7.2911684003047394 11.039007928658974 51.778448955650674 24.938548196834745 7.3637159071367986 25.60200389016245 1.8568861372914387 5.309671451439498 3.7294210903492049 45.47911012210534 10.04348528831906 7.6681244281207901 2.7177648605720606 6.7878552864713129 1.4047971638356092 3.8241914410318705 3.1720820751070269 5.584939483946072 2.348205788905033 6.4351671615877448 19.993763816513823 2.7743939750653217 5.8308324507670459 58.055007306102198 2.1239721421880082 3.993000618662335 2.4896672813483738 1.5327221928746428 18.421032645652307 1.7514526206359722 2.6280771359597566 1.4267859177489297 1.9145588780666001 69.302966607356211 40.080528554171906 81.209446576529444 24.345679289806867 4.0082508055347716 1.9883752532914512 1.5107020442810606 3.6468124652528786 0.5149544664309359 286.79889573562104 11.680158776420287 11.739433576498412 20.795333037138334 171.01411828988057 4.8601393941498809 2.0574030279676663 1.3698914931592296 28.270613549786503
leaf_count=274559 246075 37996 251 1809 244 905 65 221 5663 79 119329 224 358 2866 1536 405 822 67 205 145 1514 514 404 141 268 40 134 254 407 53 219 715 65 450 4967 164 294 200 116 1377 143 190 89 154 6214 2451 16703 1810 308 133 77 187 43 59131 421 482 667 12298 313 133 91 1548
internal_value=2.67987e-07 -0.00162283 0.00058754 0.00052752 0.00478662 0.0133386 0.0270159 0.0346221 0.00026085 0.00155273 0.00082431 0.0060108 0.0127996 0.0106356 0.0196139 0.00104703 0.0203335 -0.000585059 0.0271323 0.0307721 0.00165239 0.0164115 0.0257948 0.0399969 0.0181509 0.0306756 0.0340982 0.00191407 0.0184154 0.021389 0.0372959 0.0443561 0.0529312 0.000270556 0.00667611 0.0132176 0.0250991 0.0311095 0.0359621 0.0402921 0.0446153 0.0321888 0.0415725 0.0499268 0.000608575 0 -0.00745678 0.000815232 0.0168838 0.0331987 0.0193865 0.0314273 0.0616472 -0.000892595 -0.000585059 0.0138305 0.0437005 -0.000892595 0.00996419 0.0352232 0.0444629 0.0340111
internal_weight=9066.22 2395.15 6671.07 6658.19 381.801 89.2297 40.6366 29.341 6276.39 2493.57 2153.27 340.297 138.266 107.763 55.985 202.032 78.7076 174.238 53.1056 47.7959 59.5581 27.7931 17.7496 10.0815 14.079 31.0465 44.0665 292.571 15.2414 12.8827 40.2423 29.2033 22.7682 2045.5 124.54 66.485 30.3118 26.3188 23.8292 22.2965 20.1725 9.65646 7.02838 5.6016 277.33 48.5931 257.516 36.1731 11.8275 5.99663 8.51259 5.15751 3.68704 2137.64 172.382 23.4196 22.7844 208.027 37.0129 8.28743 6.23003 29.6417
internal_count=809706 388389 421317 421013 26812 4817 1858 953 394201 148126 135360 12766 4669 6069 3203 8097 2663 6633 1841 1636 2006 1464 950 546 492 1667 1491 21995 1137 304 1357 999 780 129291 9962 4995 2294 2000 1800 1684 1520 730 540 451 20858 2959 54699 2701 891 441 508 264 297 333690 6566 903 732 14644 2346 537 404 1627
is_linear=0
shrinkage=0.05


Tree=97
num_leaves=63
num_cat=0
split_feature=55 112 164 144 171 13 21 48 64 7 132 136 159 134 152 144 24 147 144 139 96 40 132 134 19 19 132 76 66 134 142 144 147 144 143 86 152 131 132 29 143 85 41 7 159 115 15 21 132 131 134 142 110 5 67 25 104 94 141 29 47 67
split_gain=3.04868 2.84165 3.30297 2.63433 3.95705 4.07453 7.8508 5.17037 3.54573 4.69373 5.28044 4.42107 3.53254 3.91805 4.32737 4.50235 4.03276 3.71309 3.68069 3.50584 3.37168 4.31287 3.35381 3.32578 3.95015 3.42425 3.26694 4.27831 3.86225 3.95308 3.14183 3.14002 3.12083 3.8077 3.10922 3.67205 2.97326 2.93176 3.12028 3.00711 2.90286 2.9105 2.81487 3.42185 3.77534 4.06647 3.47553 3.11896 4.97132 3.353 2.69347 2.67561 3.62431 4.60312 3.54529 2.91256 3.59927 2.73522 3.14195 2.71538 2.66486 2.86922
threshold=20.500000000000004 0.98056465387344371 1.0000000180025095e-35 0.69189634919166576 1.0000000180025095e-35 0.10937105119228364 0.17696364223957065 1.0000000180025095e-35 0.7156282663345338 0.1275887340307236 324.50000000000006 1.5000000000000002 1.7162225246429446 559.50000000000011 0.94289699196815502 0.24750450998544696 2.0854545831680302 0.94299381971359264 0.4325112253427506 0.1848227605223656 0.096006143838167204 2.359329462051392 13.500000000000002 1061.5000000000002 0.39575690031051641 0.39475306868553167 321.50000000000006 192715.49218750003 0.94511619210243236 1395.5000000000002 1.8768444657325747 0.8238605558872224 0.64785373210906994 0.9769560992717744 -0.25240029394626612 1.5000000000000002 1.4048354029655459 1505.5000000000002 130.50000000000003 0.74421802163124096 0.96549606323242199 3.5000000000000004 0.27817371487617498 0.74086895585060131 6.8586473464965829 0.17338424921035769 0.87499612569808971 0.64941346645355236 468.50000000000006 561.50000000000011 523.50000000000011 1.817639231681824 2.5000000000000004 0.4359926730394364 0.050560029223561294 0.62306380271911632 12707.491699218752 10777.500000000002 0.12768252938985827 0.82600221037864696 0.7514747977256776 0.18497610837221148
decision_type=2 2 2 2 2 2 2 2 2 2 2 2 2 2 2 2 2 2 2 2 2 2 2 2 2 2 2 2 2 2 2 2 2 2 2 2 2 2 2 2 2 2 2 2 2 2 2 2 2 2 2 2 2 2 2 2 2 2 2 2 2 2
left_child=1 2 3 12 5 6 32 36 9 -8 11 -11 -1 16 15 17 30 23 -17 -12 21 22 -9 -15 25 -25 50 28 29 -28 -14 34 33 -5 -6 -36 51 38 -27 -40 -34 -42 -20 46 45 -45 47 -44 -49 -50 -10 52 -7 -54 -55 56 57 58 -56 -53 -18 -62
right_child=-2 -3 -4 4 31 7 8 20 26 10 19 -13 13 14 -16 18 60 -19 42 -21 -22 -23 -24 24 -26 37 27 -29 -30 -31 -32 -33 40 -35 35 -37 -38 -39 39 -41 41 -43 43 44 -46 -47 -48 48 49 -51 -52 59 53 54 55 -57 -58 -59 -60 -61 61 -63
leaf_value=-0.00080050113279495007 -0.0028902721543577433 -0.0068204739373342767 0.023267724457060299 0.01769086045249248 -0.0068204739373342767 -0.0068204739373342767 0.027331933573699865 0.034363635692197886 0.012773360190299711 0.0217176309787699 -0.0068204739373342767 0.0038174594741195479 0.00015902561699806771 0.008912609724115915 -0.00022736618886678132 -0.0020493224301002667 -0.0068204739373342767 -0.0037790781634319407 -0.0052699943900344692 0.012642566037761808 -0.0059074274422557353 0.019761621154792661 0.0030544174917669889 0.010600904204937433 0 0 0.050581296413304146 -0.0068204739373342767 -0.00044612077542352177 -0.00064928303778107477 0.018055694291397889 -0.0068204739373342767 -0.0068204739373342767 -0.0068204739373342767 0.035113341935898136 0.0032294064655593335 0.020914799780296135 -0.002930719789080253 0.065163983691412894 -0.0017103990777380309 -0.0068204739373342767 0.0059425435598904862 0.011294324352101665 0.030063000258054858 -0.0068204739373342767 -0.0029382797019739883 -0.0068204739373342767 0.0036626110116908524 -0.0033888062083011813 0.053353161985140868 -0.0038348689345003213 -0.0016851379485334974 -0.0035147359526119535 0.002703929542263896 0.0032129732317200464 -0.0021416990720803243 -0.003521832635105897 0 0.032419291669607352 0.010983450091845502 -0.0053639228537785879 0.020682367052467017
leaf_weight=3972.6506266031793 699.72330939404128 123.85583929914719 11.171180179400833 36.439141544768063 27.462336264259648 49.504344776712969 17.841312425516662 4.3603799770062315 166.56426651490619 39.522930183564313 64.136196930565347 195.30851637310116 248.17711135298305 44.703312933066627 281.36879198643146 123.8857665193209 106.40880453150021 15.038340211583998 27.234742312968592 17.857998508930905 37.1730006431535 67.43769274969236 178.4001860724893 13.665396174867057 8.6433746167022019 2.1168823829211822 17.691275346704071 3.5048571405786779 4.8131371341369222 3.2266121700668 22.608433190136566 159.31226339134446 154.43524097545014 8.4189453380822652 6.9372718373342641 52.945365188774304 11.732267898903954 1.0064012870716386 14.290563933391237 0.78207825290155675 11.294263748997762 110.73371921241778 103.5420183952665 12.138426009056277 29.917311928540585 16.147389942765585 5.6429986057191845 13.201657536119457 1.433122526606893 13.433732994977616 23.583424546479364 1311.2529031475824 83.582138786583528 97.311530937404314 14.785723701475943 14.621479099823771 11.212082750298576 9.3153206754031981 51.35421345845316 38.332040708974091 17.54184371956217 14.350683225435203
leaf_count=412319 88353 11330 275 1215 1724 6180 432 63 6392 801 1724 8271 18291 2730 19287 8495 5925 1211 1709 467 2772 3594 11497 874 536 134 454 61 128 72 1667 8208 9344 94 396 3797 523 71 871 51 253 3451 7197 768 2091 1250 443 956 101 980 951 115218 5355 9818 1337 1431 2379 608 4541 5309 1141 929
internal_value=0.000262557 0.00053141 0.000649254 0.000601305 0.00174974 0.0022818 0.00511969 0.00100506 0.00870472 0.00521792 0.00348965 0.00732432 -9.20868e-05 0.00235327 0.00455056 0.00758381 -0.00150533 0.0167799 0.00465195 -0.00682047 0.00714567 0.00926074 0.00482975 0.0206939 0.0307389 0.0378728 0.0136776 0.0288348 0.0354051 0.0431136 0.00204416 -0.004234 -0.00102399 0.010411 0.00328223 0.00972967 -4.04967e-05 0.0505766 0.0547905 0.0608869 -0.00312019 0.00248625 0.00845287 0.0105735 0 0.0128612 0.0147539 0.0166845 0.0310979 0.0471487 0.0105399 -0.000263134 0.00370795 0.00596637 0.0100677 0.0164471 0.0198016 0.0235815 0.0269263 -0.00126764 -0.00682047 0.00689314
internal_weight=9047.08 8347.36 8223.51 8212.33 3102.4 2855.75 875.372 1980.38 554.051 334.667 316.826 234.831 5109.93 1137.28 728.192 446.824 409.087 100.246 346.577 81.9942 287.371 250.198 182.761 85.208 40.5047 31.8613 219.384 29.2359 25.731 20.9179 270.786 246.657 321.321 44.8581 87.345 59.8826 1693 18.1959 17.1895 15.0726 276.463 122.028 222.691 195.457 58.2031 28.2858 137.254 131.611 28.0685 14.8669 190.148 1681.27 331.687 282.182 198.6 101.289 86.6673 75.4553 66.1399 1349.58 138.301 31.8925
internal_count=808845 720492 709162 708887 218860 204735 34110 170625 19753 11695 11263 9072 490027 77708 49755 30468 27953 6478 23990 2191 17926 15154 11560 5267 2537 2001 8058 715 654 526 19958 14125 14357 1309 5917 4193 152699 1127 1056 922 13048 3704 15495 13786 4109 2018 9677 9234 2037 1081 7343 152176 31649 25469 20114 10296 8865 6486 5878 120527 7995 2070
is_linear=0
shrinkage=0.05


Tree=98
num_leaves=63
num_cat=0
split_feature=94 142 9 64 27 144 159 110 144 167 66 112 134 131 1 9 133 76 142 94 95 79 13 147 150 13 147 69 41 23 19 79 65 2 20 134 66 13 7 5 10 10 72 69 13 13 69 147 142 133 116 65 133 13 69 133 135 27 144 135 144 110
split_gain=3.31844 4.49842 3.45669 4.30961 6.68989 4.236 3.91942 5.42843 6.71812 6.52903 4.75709 4.20749 3.69678 3.59172 3.57356 3.29275 3.21395 4.47578 3.74849 3.81286 4.9435 4.23882 3.20216 3.11612 3.24945 3.10982 3.14353 2.94763 2.85781 2.93063 2.85351 3.826 3.22801 4.94552 7.8775 3.54172 3.23274 3.02509 2.87453 2.8262 4.8534 3.42073 3.45296 2.77757 3.28077 6.25693 3.08604 3.04781 2.85016 2.77706 2.74098 3.1651 2.738 2.92029 3.14229 2.71085 2.63984 5.50577 7.25753 4.65716 5.98918 4.75317
threshold=24033.500000000004 0.39834018051624304 0.68090113997459423 -0.93070784211158741 0.50000005960464489 0.78056341409683239 12.363194465637209 2.5000000000000004 0.37984684109687811 1.0000000180025095e-35 0.79412484169006359 0.93368053436279308 1383.5000000000002 1473.5000000000002 0.91401836276054393 0.23663648217916491 608.50000000000011 174628.14062500003 31.629706382751468 796.50000000000011 0.19590614736080172 2.5884262323379521 0.46110740303993231 0.64785373210906994 2.5000000000000004 0.39838705956935888 0.87935367226600658 5.4372246265411386 0.88159054517745983 0.72452881932258617 0.97954094409942638 0.20135733485221866 -0.93252697587013234 1.6027799248695376 2.7786651849746709 125.50000000000001 0.45686459541320806 0.92588055133819591 0.7384096384048463 0.75617033243179332 1.3993380069732668 4.0675024986267099 -0.56174489110708226 0.7612043321132661 0.26312375068664556 0.46833418309688574 4.2851574420928964 0.94899407029151928 22.149734497070316 318.50000000000006 243.50000000000003 -0.78358805179595936 598.50000000000011 0.23349796235561374 0.80859735608100902 -1.0000000180025095e-35 1.0000000180025095e-35 0.4032664299011231 0.11960539594292642 4.0250000953674325 0.85799655318260204 2.5000000000000004
decision_type=2 2 2 2 2 2 2 2 2 2 2 2 2 2 2 2 2 2 2 2 2 2 2 2 2 2 2 2 2 2 2 2 2 2 2 2 2 2 2 2 2 2 2 2 2 2 2 2 2 2 2 2 2 2 2 2 2 2 2 2 2 2
left_child=2 -2 6 4 5 39 16 8 -8 10 11 43 23 30 27 -11 52 18 19 20 -18 -21 -22 -10 25 28 -27 -7 29 -25 31 32 33 -5 -35 -34 37 -37 50 49 -41 42 -42 -9 -45 46 -46 -47 -48 -4 51 -38 56 54 -54 -3 57 58 -1 60 -58 -62
right_child=1 55 3 13 -6 14 7 9 12 15 -12 -13 -14 -15 -16 -17 17 -19 -20 21 22 -23 -24 24 -26 26 -28 -29 -30 -31 -32 -33 35 34 -36 36 38 -39 -40 40 41 -43 -44 44 45 47 48 -49 -50 -51 -52 -53 53 -55 -56 -57 59 -59 -60 -61 61 -63
leaf_value=0.031705384416906832 0.0050909988796692717 0.0068677505974519886 0.029679901709742315 0.00069098339144385459 0.0013524139439715331 0.044446738631041989 0.050101000455141265 0.023919025164158128 -0.0085517658399998156 -0.011915272266564332 -0.018081052803918127 -0.013907834455269264 -0.015175014382440392 -0.012143542181905059 -0.0030115808567390294 0.027924905819778342 -0.011737252282586144 -0.015719138890331011 0.026100970474352211 -0.0014850243645379737 0.023860295925207633 0.013237380747804301 -0.0056616847379277494 0.047141640665505434 -0.0015259402872294929 -0.015452695120108433 0.016825478755661188 0 -0.0025025223311404606 0 -0.01000711212045041 -0.00040233807584363511 0.016740796675099312 0.027542893592399267 -0.0082247388988043579 0.0012140340187983014 0.037258382329388509 -0.0094800332691105157 0.0017659309113228607 -0.009842612136160854 -0.0012300390236949154 -0.011220546293873113 0.036853747530422171 -0.013907834455269264 0.0023182516196427858 -0.013907834455269264 0.040013317969155755 0.012002065510210746 -0.0033892367977976113 0.0013945057754225368 -0.0060811846386304384 0.0099405322213557516 0.005645851906993851 0.0062283325470899485 -0.021020705672319381 -0.011210027884592459 0.0012742367256927782 -0.0058146755597775733 0 -0.00067017045414744978 -0.0087693136081902334 0.019494789161695652
leaf_weight=13.950193209140705 69.257310484001209 18.282583482294285 21.0271942865038 68.043826489782077 197.42559510255887 21.16294557875154 7.6565095600672057 14.187689850426976 9.7712301856663526 2.4630274591327206 36.856227669413784 27.962839192026877 8.6016259332973259 44.70553420449869 4.3917375585624532 22.583255781719345 11.019529063742082 22.480688118594117 15.59080673730932 254.79754057781247 51.752723211728153 54.844035289839667 7.4047947815561193 17.089073975468644 15.025106318702454 6.1406329602905343 17.302382562687853 5.3517572476448541 2.8781208692817009 5.130507464928086 47.142612229428778 891.92518378355817 37.671415924975008 59.273989727724256 16.417075175348145 323.44063500088305 12.748665314331445 77.238369677594164 129.43010404471715 32.966705847629783 6.5774190869124185 4.2709195385250487 13.126831589677749 17.55842731508892 16.894587571689044 17.475932863497295 14.752398784097752 7.6705437078053356 2.5141129967960287 16.727630132692866 10.24098834000324 54.372881297520507 10.146160252530533 15.652901597670278 44.54214381910424 175.65889111071738 312.98130868112275 649.8154812459652 407.80868992062824 4456.562454186238 13.435977661440118 86.4149350800908
leaf_count=1335 5756 1710 1683 5734 17540 1243 309 780 311 46 2069 2133 402 4230 248 670 557 872 175 16246 2571 2793 531 628 737 295 972 325 205 182 3848 70858 2863 4916 1148 24790 1003 7044 10074 2663 442 240 912 744 1026 966 877 546 97 1215 853 3984 434 931 1996 13849 38118 70531 20242 443028 1607 3918
internal_value=0.000115361 -0.00535889 0.000284969 0.00205607 0.00733512 0.0161357 -0.000266426 0.00556604 0.0152798 0.000339556 -0.00353202 0.00131917 0.00904419 0.00106208 0.0314289 0.0218442 -0.000519852 0.00368351 0.00503158 0.00377386 0.0139122 0.00121209 0.0196221 0.0129912 0.0170495 0.0228718 0.00626148 0.0374994 0.0339387 0.03917 0.00145222 0.00181718 0.00434485 0.0110574 0.0194463 0.00273734 0.00169855 -0.000877256 0.00671032 0.0095677 0.00163193 0.0172484 0.0254531 0.00673624 0.00199215 0.00789196 0.020828 -0.00939201 0.0332289 0.0193612 0.0140695 0.0176991 -0.000819032 -0.0103166 -0.015596 -0.00925042 -0.000693795 -0.00293608 0.00145664 -0.000192717 0.00484794 0.0152163
internal_weight=9058.59 263.199 8795.39 2095.68 323.029 125.603 6699.71 270.514 89.5952 180.919 155.873 119.017 81.9387 1772.65 30.9064 25.0463 6429.2 417.89 395.409 379.819 70.177 309.642 59.1575 73.3371 63.5658 48.5407 23.443 26.5147 25.0977 22.2196 1727.95 1680.8 788.878 143.735 75.6911 645.143 607.472 400.679 206.793 94.6967 56.9419 23.9752 19.7043 91.0537 76.866 59.3076 34.1611 25.1465 17.2665 37.7548 77.3625 67.1215 6011.31 70.3412 54.6883 193.941 5940.97 1071.57 421.759 4869.39 412.832 99.8509
internal_count=809051 21315 787736 167856 26511 8971 619880 13995 4041 9954 9238 7169 3732 141345 1816 716 605885 23745 22873 22698 3659 19039 3102 3330 3019 2282 1267 1568 1015 810 137115 133267 62409 11798 6064 50611 47748 31834 15914 7155 4257 1594 1354 5036 4256 3512 2000 1512 974 2898 5840 4987 582140 3361 2430 15559 578779 92108 21577 486671 43643 5525
is_linear=0
shrinkage=0.05


Tree=99
num_leaves=63
num_cat=0
split_feature=113 141 148 41 94 135 63 15 144 144 144 66 143 67 10 76 11 65 94 9 71 43 110 47 37 143 23 65 64 15 147 85 45 6 22 66 63 147 100 112 7 27 94 94 85 7 76 144 134 65 63 67 163 79 6 94 186 113 142 147 159 64
split_gain=3.41055 2.79838 3.28912 8.07577 4.38383 5.28335 4.66144 4.20858 4.07904 8.01896 4.36928 3.68575 2.77458 2.80676 2.64901 3.58194 2.79179 3.11047 3.34004 3.23222 4.34945 2.53999 2.97421 4.42183 4.31785 3.34995 4.0565 4.37248 3.1126 2.91985 5.01503 2.94653 3.643 3.7143 2.8401 2.79344 2.96858 2.57407 2.57009 2.54631 2.51612 2.50279 2.49379 6.59798 3.39297 2.54918 2.73119 2.5029 6.49054 6.39908 3.29 2.50036 2.48405 3.0816 2.48349 2.46025 2.43937 2.41303 2.38625 2.2887 2.45644 2.45876
threshold=1.0000000180025095e-35 0.12214532867074014 1.0000000180025095e-35 0.27935019135475164 10777.500000000002 395.50000000000006 -0.92393863201141346 0.33849099278450018 0.59881126880645763 0.13182073086500171 0.98694339394569408 -0.86618727445602406 -0.46332120895385737 -0.46264424920082087 0.20456280559301379 517641.50000000006 0.11582658067345621 0.37206129729747778 356.50000000000006 0.037006463855504997 -0.60785761475563038 0.94541773200035106 1.5000000000000002 0.95442122220993053 0.37310366332530981 -0.10787487775087355 0.93670830130577099 0.25708526372909551 0.78424230217933666 0.33533145487308508 0.85019686818122875 8.5000000000000018 0.61683574318885814 0.16498474031686786 1.7616458535194399 -0.88013422489166249 -0.96498572826385487 0.93245413899421703 1.8095790147781374 0.97897914052009594 0.71636253595352184 0.30912131071090704 12265.500000000002 15772.500000000002 5.5000000000000009 0.13017602264881137 13255.809082031252 0.28847827017307287 355.50000000000006 0.78453785181045543 0.74302703142166149 0.9448000192642213 1.5000000000000002 2.7532457113265996 1.8760264515876772 20293.500000000004 4.5000000000000009 5123.9194335937509 7.6704845428466806 0.90577813982963573 2.523110151290894 0.66518250107765209
decision_type=2 2 2 2 2 2 2 2 2 2 2 2 2 2 2 2 2 2 2 2 2 2 2 2 2 2 2 2 2 2 2 2 2 2 2 2 2 2 2 2 2 2 2 2 2 2 2 2 2 2 2 2 2 2 2 2 2 2 2 2 2 2
left_child=1 -1 14 8 40 6 -6 -8 9 11 56 -4 13 -13 42 16 17 18 -16 -20 -21 35 -23 24 -24 29 27 39 -25 -26 31 32 -31 -34 -30 -18 37 41 -35 -27 -5 -37 -3 47 45 -45 -47 49 58 -44 -51 -48 53 -15 -42 -22 -10 -2 -49 -32 -61 -62
right_child=57 2 3 4 5 -7 7 -9 10 -11 -12 12 -14 52 15 -17 21 -19 19 20 55 22 23 28 25 26 -28 -29 34 30 59 -33 33 38 -36 36 -38 -39 -40 -41 54 -43 43 44 -46 46 51 48 -50 50 -52 -53 -54 -55 -56 -57 -58 -59 -60 60 61 -63
leaf_value=-0.0026928797791398533 0.022800663733278954 -0.0026798720470004745 -0.0026928797791398533 -0.0022280202379101562 -0.0026928797791398533 -0.0026928797791398533 0.035901395017321001 0 0.020016349913135046 -0.0026928797791398533 -0.0026928797791398533 0 -0.0026928797791398533 0.057649499463198056 -0.0026928797791398533 0.030147432840673095 -0.0026928797791398533 -0.0026928797791398533 -0.0026928797791398533 0 0.028909855216343563 -0.0026928797791398533 -0.0026928797791398533 -0.0026928797791398533 -0.0026928797791398533 0.039974391052619018 -0.0018603484496094924 0.00092947097616267061 0.028277540925566683 -0.0026928797791398533 -0.0026928797791398533 -0.0026928797791398533 -9.3402317189031996e-05 0.058134844051706026 -0.0026928797791398533 -0.0026928797791398533 0.00027960085916880589 -0.0026691832158046692 -0.0017731179198198063 -0.0026928797791398533 0.017786267470387047 0.029995441961401345 0 -0.0026928797791398533 -0.0026928797791398533 -0.0026928797791398533 0.025667177469949995 -0.0026928797791398533 0.034007173867665691 0.059011434026378234 0 -0.00089826982023747607 0 0 0.00064938005963556381 0.00083300626575911682 -0.0026928797791398533 -0.00046185598768518662 0.01474537903839848 0 0.030921584477590282 -0.002421532679686388
leaf_weight=859.76070056295794 23.102973989269231 1482.1183314994269 4.066639245706031 601.94864596219122 6.3665576185594537 12.677435772005991 29.064711448358139 12.251619440794455 130.41705302325863 104.38618846254394 16.98234852418318 4.6497032633960869 3.1895249101144101 12.085428995746044 17.747560509917093 5.2082539420334788 629.93468593350553 53.10003061160387 9.2449807570810645 22.135985326080117 51.666016258954187 61.818471539620077 21.621348933178524 84.003587058479752 24.67048090110984 33.713321664894465 10.630482490087159 12.579760727639949 10.692523543722926 2.2057333997981976 22.081963752127194 3.106249260781623 2.8144490962149566 11.786161995954895 4.8465077152650329 1.9889350329394861 3899.0869465149008 10.375257590731051 0.7938435333635433 1.3356272222736141 26.963895415407023 17.353432470725238 11.946885180208485 6.8805825843010089 385.23287456309117 12.249040591028459 31.285492262068146 45.300515547678515 12.371786641386278 7.4083879389509075 2.4810083433912951 8.9398421497244254 2.1406831376734763 2.9323829425411523 73.578291312995134 11.559351107469409 9.4101246016289206 14.779893655155318 15.602414100649183 22.397377325858542 13.778445604781156 5.0179813545255447
leaf_count=89345 1137 246363 179 50555 317 618 1230 644 5066 6742 184 203 183 453 644 282 46526 2188 295 1054 1996 4489 1960 6951 1758 1817 496 813 925 140 1815 225 205 830 338 132 280479 923 47 101 1919 1049 693 219 27394 632 1320 3107 587 436 150 361 73 64 3770 567 515 929 319 2418 1124 394
internal_value=7.85441e-05 8.84048e-06 0.000298243 0.0028996 0.000147738 0.012564 0.020604 0.0268478 0.0099223 0.00308081 0.015315 0.0243075 0.0310816 0.0365697 -8.57951e-05 0.000519855 0.000454873 0.00675091 0.011352 0.0151383 0.0183261 0.000230913 0.0043066 0.00654187 0.0109689 0.0138571 0.0233903 0.0291425 -0.0017273 0.00772138 0.0122229 0.031067 0.0376789 0.0448582 0.0167704 -8.08034e-05 0.000416106 0.0149865 0.0535033 0.0372642 -0.000965028 0.024087 -0.0016172 0.00125303 -0.00129346 0.00930543 0.0138918 0.0128762 0.00702926 0.0265995 0.0484735 0.0197638 0.0439845 0.0495152 0.00610699 0.0245803 0.0182574 0.0141462 -0.000235986 0.00386673 0.0111332 0.0223311
internal_weight=9051.87 9013.98 8154.22 1053.11 762.851 60.3603 47.6829 41.3163 290.26 133.451 156.81 29.0644 24.9977 21.8082 7101.11 5079.3 5074.09 165.454 112.354 94.6063 85.3614 4908.63 349.894 288.076 188.533 166.912 58.2592 47.6287 99.5426 108.653 83.9822 20.7064 17.6002 15.3945 15.539 4558.74 3928.8 29.7176 12.58 35.0489 702.491 19.3424 2021.82 539.699 444.588 59.355 52.4744 95.111 73.2747 21.8363 9.8894 40.2253 17.1585 15.0178 100.542 63.2254 139.827 37.8829 60.9029 63.2758 41.1938 18.7964
internal_count=808688 806622 717277 72715 59053 2809 2191 1874 13662 7897 5765 1155 976 793 644562 362981 362699 6744 4556 3912 3617 355955 26846 22357 14143 12183 3227 2731 8214 8956 7198 1447 1222 1082 1263 329109 282583 2104 877 1918 56244 1181 281581 35218 29926 2532 2313 5292 4013 1279 586 1681 590 517 5689 2563 5581 2066 3426 5751 3936 1518
is_linear=0
shrinkage=0.05


Tree=100
num_leaves=63
num_cat=0
split_feature=113 113 63 173 69 144 144 144 41 144 95 144 39 3 163 144 172 95 167 147 68 133 135 43 167 176 135 163 76 3 141 71 71 144 5 163 65 6 147 95 135 181 71 171 13 3 144 69 141 9 135 115 71 189 69 85 19 67 63 13 9 147
split_gain=2.91364 2.87901 2.73879 3.025 11.2844 5.33654 4.37129 3.80359 5.66816 5.37862 3.72027 3.65097 3.67164 3.36619 3.15424 3.11851 8.65956 4.04087 5.34622 4.00679 5.01858 5.02313 4.9241 4.00227 3.97545 3.77858 4.89571 3.49898 3.33714 3.22247 3.11601 3.07066 3.04851 3.56578 3.45131 3.01397 2.98091 4.3458 3.1839 2.80278 2.79472 2.79381 3.29236 2.76276 5.15508 3.18913 3.1421 2.89373 2.71342 3.33682 2.68831 2.63595 2.55978 3.01395 2.63093 2.50818 2.47144 2.46896 2.46183 2.7535 3.10603 2.44427
threshold=1.0000000180025095e-35 38.439607620239265 -0.97432601451873768 1.0000000180025095e-35 0.17681917548179629 0.07261239737272264 0.37242248654365545 0.28847827017307287 0.27935019135475164 0.29575732350349432 0.83406272530555736 0.22797682136297229 0.4053241908550263 0.43383644521236425 1.5000000000000002 0.51247820258140575 1.0000000180025095e-35 0.052487695589661605 1.0000000180025095e-35 0.64785373210906994 0.97023063898086559 41.500000000000007 178.50000000000003 0.95541036128997814 633.32498168945324 1.0000000180025095e-35 4.0250000953674325 1.5000000000000002 2152.808715820313 0.43356074392795568 0.099310766905546202 0.87837970256805431 0.87837970256805431 0.17632728815078738 0.43376728892326361 1.5000000000000002 -0.94008603692054737 9.5115189552307147 0.76975053548812877 0.75069060921669017 55.500000000000007 1.0000000180025095e-35 0.6078576147556306 1.0000000180025095e-35 0.44867675006389623 0.39560198783874517 0.8238605558872224 11.313425540924074 0.136045977473259 0.26117578148841863 25.500000000000004 0.18580269068479541 -1.0000000180025095e-35 0.19000000506639483 4.3361363410949716 8.5000000000000018 0.39575690031051641 0.38843747973442083 0.75043761730194103 0.35198828577995306 0.66235119104385387 0.95243752002716076
decision_type=2 2 2 2 2 2 2 2 2 2 2 2 2 2 2 2 2 2 2 2 2 2 2 2 2 2 2 2 2 2 2 2 2 2 2 2 2 2 2 2 2 2 2 2 2 2 2 2 2 2 2 2 2 2 2 2 2 2 2 2 2 2
left_child=2 -2 -1 7 5 -5 13 8 10 -9 11 32 -13 -6 -12 16 31 18 23 20 21 39 29 -17 61 -25 -27 -24 40 -23 -21 36 33 41 -34 -14 38 -38 -11 -19 -26 -4 -43 45 46 -32 52 -47 51 -50 -8 -33 -45 54 57 56 -44 -54 59 -40 -61 -20
right_child=1 -3 3 4 6 -7 50 9 -10 15 14 12 35 -15 -16 17 -18 19 24 30 -22 22 27 25 28 26 -28 -29 -30 -31 43 48 34 -35 -36 -37 37 -39 58 -41 -42 42 55 44 -46 47 -48 -49 49 -51 -52 -53 53 -55 -56 -57 -58 -59 -60 60 -62 -63
leaf_value=-0.0034130199038287785 0.033057965246430891 0.0028338338496114363 0.007484393583391924 -0.0055648306945755739 -0.011938677082681618 0.032857645005028489 -0.035659440631110338 -0.014639729552801206 0.00036420927750145763 -0.0090377179264794823 0.030596843891983971 0.0028053030306653824 0.023926591969745392 0.0020554888628505855 -0.0078258230796861752 -0.0020395985705545824 -0.012549314607446842 0.038549826204643367 0.026924179100197423 -0.01819934266819884 -0.014624281987435678 0.005763378024552698 0.015491589640550626 0.0011850633090529179 0.031612705643098191 0.029498823748246101 -0.00021036878571717156 -0.0071075094889947081 -0.0012989665148105962 -0.015549617879032218 -0.0041124467710199871 -0.00707779755669956 0.022997431236716076 -0.0061502860301409249 -0.00014191594669545185 -0.0089869818902024844 -0.0018913647326598898 -0.013885317155554478 0.023073803643278275 0.0027563488309936984 -0.0061180974810975466 -0.012162841221804555 0.043480735604540757 -0.011130063176836081 0.0048608368274930779 0.0028178360764531674 -0.016930576320645516 0.015601507870299383 0.029354321606143909 0.0052213799433345849 -0.01154540069179423 0.0052213799433345849 -0.00083545273097687797 0.035696545582002463 -0.013389537975925295 -0.007114697525412975 -0.0040156409888463902 0.026186572430859964 -0.0063324614776478581 -0.0029138262317887197 0.013620666456355743 -0.0012902198409088382
leaf_weight=643.87819478883466 7.7340340102673499 29.543839875332196 174.85525466554463 10.274245665554192 68.3394445728336 21.466766740573803 15.230291151514392 61.278038665288477 1382.6244394845198 32.477630489946023 21.1308240300059 57.662015251629782 57.922499573724053 95.326963870844338 3.3214398971904293 2289.104436151596 174.35824392252107 18.237236383647545 30.469471433141734 15.137827346916309 16.762247202088474 31.529717255500145 110.91446566634113 181.02197003643596 10.583034842609775 25.826125663465064 22.100322006022907 15.466705317099693 84.458919088385301 28.461124699111679 154.91655402561446 64.954018326454388 31.175819457301259 112.66796204827187 25.154792593421007 4.0655198079984975 1002.6335174804699 78.115780461972463 26.65714689564993 10.311776161586748 3.6913674913375862 38.412655520543922 3.1048920207249449 37.278445122108678 108.40103216373245 1116.7014926925767 65.816807149501983 42.5746265624839 15.392317538600762 73.67833593134128 65.457825021978351 54.605954429000121 18.373804089205809 2.095030518830753 15.860312636126762 3.643762016457913 1.6647542022110426 8.1152096674340992 23.114980966776784 52.118363927995233 49.718411776415451 7.1361148018331724
leaf_count=57868 201 1799 21427 497 4051 482 456 6028 147467 3071 1151 6289 3961 5538 160 244360 15317 603 1354 936 444 822 3054 19762 730 555 1769 456 5686 785 8629 5068 2152 9475 3482 280 104300 4792 1896 355 255 3384 153 2471 7809 55869 3080 1917 861 7381 4496 7143 1178 71 1039 345 76 516 2395 7062 4077 495
internal_value=-0.000219214 0.0128638 -0.000283165 -3.76321e-05 -0.00513912 0.0206755 -0.00893996 0.000136281 0.00208116 -0.000464245 0.00642934 0.00530931 0.0128346 -0.00382029 0.0240864 -0.000306372 -0.00216448 0.000374463 -0.000862001 0.00219195 0.00828194 0.010474 0.00687383 -0.00139909 0.00857918 0.00480482 0.016601 0.0123704 0.00263409 -0.00438174 0.00126295 -0.000880424 0.00280836 0.000835541 0.0130876 0.0208851 -0.0018249 -0.00284126 0.00392714 0.0287042 0.0215025 0.00455367 -0.00557394 0.00152363 -0.00314414 0.00246011 -0.00915604 0.00337378 0.00463718 0.0109961 -0.018204 -0.000150671 -0.00199128 0.00551879 0 0.015965 0.0307732 0.00949267 0.00706398 0.00980808 0.00518425 0.0214603
internal_weight=9055.11 37.2779 9017.83 8373.95 276.096 31.741 244.355 8097.86 1917.41 6180.45 534.782 510.33 119.65 163.666 24.4523 6119.17 1647.82 4471.35 2654.39 1816.95 231.683 214.921 186.372 2518.05 136.339 228.948 47.9264 126.381 98.7333 59.9908 1585.27 1473.47 390.68 334.349 56.3306 61.988 1264.84 1080.75 184.087 28.549 14.2744 221.681 46.8261 1570.13 255.941 1314.19 147.54 1159.28 208.631 89.0707 80.6881 119.56 81.7228 44.4444 42.3493 8.41341 4.76965 26.489 151.609 128.494 101.837 37.6056
internal_count=809581 2000 807581 749713 15520 979 14541 734193 199802 534391 52335 51024 10530 9589 1311 528363 163363 365000 274966 90034 6519 6075 5117 266446 8520 22086 2324 3510 6671 1607 83515 148046 40494 34860 5634 4241 127593 109092 18501 958 985 25385 3958 82579 16164 66415 8355 57786 20453 8242 4952 12211 5275 2804 2733 574 229 1694 15430 13035 11139 1849
is_linear=0
shrinkage=0.05


Tree=101
num_leaves=63
num_cat=0
split_feature=152 11 36 67 67 15 51 3 15 52 45 189 10 152 23 86 29 179 86 67 7 8 143 5 63 152 152 77 77 77 3 67 65 140 94 10 8 65 68 8 31 5 18 134 13 132 63 65 116 94 149 68 152 94 135 133 94 140 15 15 8 77
split_gain=2.68561 2.97729 2.7252 2.60447 4.99541 2.46489 4.34735 5.17171 4.18786 4.62475 3.88292 4.6375 3.90849 3.867 3.65077 4.7173 6.48638 5.19348 6.75679 5.12357 5.71306 4.74189 4.60321 4.43612 4.55271 4.03949 3.90495 3.80881 3.65734 4.66643 3.50537 4.41927 4.17625 3.50513 3.72867 3.42445 3.21312 3.18723 3.12886 3.59262 4.69435 3.26236 3.41727 3.02269 2.99822 3.01666 3.37285 3.32556 3.14561 2.99205 3.89026 6.05097 2.99036 4.24507 2.96803 3.09797 3.74853 3.38227 3.27969 3.31246 3.54656 3.13246
threshold=1.3080846667289736 0.25570130348205572 13.416666507720949 0.59311857819557201 0.025594053789973262 0.45245501399040228 2.5000000000000004 0.43695087730884558 0.35069103538990026 1.5000000000000002 0.19271523505449298 1.0000000180025095e-35 0.59005856513977062 0.92190244793891918 0.51048076152801525 4.5000000000000009 0.24423335492610934 1.0000000180025095e-35 2.5000000000000004 -0.086632624268531785 0.85862630605697643 1.6797683238983157 1.0958660244941714 0.43824930489063268 0.42467619478702551 0.88695618510246288 1.191701412200928 11.850729942321779 4.6888437271118173 9.4725236892700213 0.39500899612903601 0.4752305150032044 -0.81201866269111622 0.14128317683935168 19461.500000000004 1.9146800041198733 3.9601647853851323 0.99054419994354259 0.49168217182159429 1.4678725600242617 0.51019865274429332 0.12000801786780359 63.806686401367195 1407.5000000000002 0.44867675006389623 64.500000000000014 0.91177096962928783 0.93613320589065563 698.50000000000011 2031.5000000000002 -1.0000000180025095e-35 -0.48686088621616358 0.66134732961654674 1.5000000000000002 125.50000000000001 66.500000000000014 2878.5000000000005 0.13577270507812503 0.59734293818473827 0.67128315567970287 1.5901317596435549 8.797215938568117
decision_type=2 2 2 2 2 2 2 2 2 2 2 2 2 2 2 2 2 2 2 2 2 2 2 2 2 2 2 2 2 2 2 2 2 2 2 2 2 2 2 2 2 2 2 2 2 2 2 2 2 2 2 2 2 2 2 2 2 2 2 2 2 2
left_child=5 -2 3 4 -3 6 8 13 9 14 35 -12 -13 44 15 16 17 18 23 20 21 33 -17 24 28 -20 27 52 -1 -30 -31 32 -32 -18 -35 -10 -24 -28 39 -14 41 -41 -43 -34 45 -8 47 48 -47 -27 -51 -52 53 -26 55 58 57 -57 -7 60 61 -60
right_child=1 2 -4 -5 -6 54 7 -9 10 -11 11 12 38 -15 -16 22 19 -19 25 -21 -22 -23 36 -25 26 49 37 -29 29 30 31 -33 43 34 -36 -37 -38 -39 -40 40 -42 42 -44 -45 -46 46 -48 -49 -50 50 51 -53 -54 -55 -56 56 -58 -59 59 -61 -62 -63
leaf_value=0 -0.0051896741380255606 0.0080998769925122935 -0.001540012394314296 0.0007536180115015102 0.040158542386438484 -0.0022623915051545353 -8.8896823045533593e-05 -0.0095380960065896709 0.0024252208317098864 0.025395754420599312 0.002226452130203979 0.002226452130203979 0.0068872243766615604 -0.0057821034041953311 -0.0046057798652925364 -0.003828378519339213 0.0021650601462434465 -0.003908427663712302 -0.004772752811716476 -0.003541930021023855 0.028449105779674761 -0.0026263562443709005 0.0071377269361627407 -0.0032451982536249105 -0.0027828486072160969 -0.0054931221674894438 0.038667152162919376 -0.017180770146531313 0.034356539167586832 -0.0056960257079925521 0 0.0047723381439514741 0.032905443118755123 0.019091110211623775 0.0021650601462434465 -0.015850788019049301 -0.012553156702989447 -0.0056596537248286734 0.0040332253106509352 0.002226452130203979 0.002226452130203979 0.035715299850457113 0.002226452130203979 -0.0079806779181897623 0 0.055768174316444867 -0.0047833722360171487 0 -0.0032941004866630821 -0.0048226345369521643 -0.0008392786509926625 0.032261013314843032 0.00030539264753963658 0.020621159303510685 -0.0026957999974311013 -0.0041292340886316808 0.00055270015954464718 0.01881996814210718 0.0091797803105572659 0 0.015580452962954256 -0.0030928822638471576
leaf_weight=27.11293874704279 35.29386819278443 40.855155446952267 30.684220404495136 27.238225929264445 17.161287766601163 1299.6213533323935 3.8794299359215101 12.935627521273998 54.092010762415157 12.60973095628651 475.31458653915615 34.252224796800874 52.614718367389287 6.9365239926300992 425.69283378775435 907.50466736045928 183.66593765651487 129.4901637404073 156.4181771488511 674.75656733359574 16.150835224587354 285.08828902048481 163.70661892171483 49.265086024497577 24.642687760730041 24.221917687507812 10.274090361890556 13.905628980402978 42.091399712629936 15.515958098738336 12.751164294430053 52.7385738723533 53.587622431514319 76.365609214004508 16.006163407313579 39.117575226486224 18.200707887372118 2.7380700553330817 63.454085385819781 3.1512347382522412 9.5408582299132814 58.467110531666549 3.6033486950618672 1.985576237530039 7.1171083757435545 18.144739886723993 1.7687503888810159 2.524563509890867 1.0380651392479183 17.700438551830302 19.72089867041359 30.865476888946432 104.39205395737372 54.047652577180997 1521.7494433096908 16.676778755398118 150.23172607005108 64.440420568742411 89.577372021572955 1115.5591718845717 69.213126584494603 107.46318101801444
leaf_count=1484 1909 4895 4509 3394 2073 221615 159 653 3387 817 39603 1874 2886 450 28658 65462 10664 11119 7079 33651 589 13285 3918 2982 1284 991 355 678 1674 725 624 2082 2132 3433 894 2199 557 95 3162 113 495 2649 135 129 422 789 83 119 65 931 991 1387 4005 1757 180362 982 9275 3869 7435 92190 4644 8908
internal_value=3.85111e-05 0.00653906 0.0103832 0.014799 0.0204135 -7.26801e-05 0.000752264 0.0142137 0.000565095 -0.00015048 0.00384384 0.00513995 0.0110017 0.0224003 -0.000281609 0.000294833 0.00168815 0.00506661 0.00674501 -0.000579048 0.00284189 0.00181593 -0.00235786 0.0102725 0.0119532 0 0.00635137 0.00405338 0.0172649 0.0197954 0.0140765 0.0169343 0.0250155 0.00645792 0.0141873 -0.00540667 0.00475069 0.0289699 0.0140556 0.0185185 0.0254458 0.0301242 0.0328069 0.0304937 0.0287186 0.0351829 0.0408817 0.0457376 0.051518 0.00811531 0.0133289 0.0199925 0.00621296 0.0132649 -0.000909981 1.74518e-05 0.00551369 0.0138458 -0.000456826 0.00122535 0.00618107 0.00245181
internal_weight=9056.93 151.233 115.939 85.2547 58.0164 8905.7 4471.17 54.3448 4416.82 3623.21 793.608 700.398 225.084 41.4092 3610.6 3184.91 2095.5 843.466 713.975 1252.03 577.277 561.126 1089.41 465.049 415.783 248.927 210 196.988 205.783 178.67 136.579 121.063 68.3244 276.038 92.3718 93.2096 181.907 13.0122 190.831 127.377 74.7626 65.2217 62.0705 55.5732 34.4727 27.3555 23.4761 21.7074 19.1828 92.5087 68.2868 50.5864 183.082 78.6903 4434.53 2912.78 231.349 81.1172 2681.43 1381.81 266.254 197.041
internal_count=809735 16780 14871 10362 6968 792955 263675 2740 260935 204432 56503 50917 11314 2087 203615 174957 105020 42504 31385 62516 28865 28276 69937 20006 17024 11379 8174 7724 8850 7366 5692 4967 2885 14991 4327 5586 4475 450 9440 6278 3392 2897 2784 2261 1637 1215 1056 973 854 4300 3309 2378 7046 3041 529280 348918 14126 4851 334792 113177 20987 16343
is_linear=0
shrinkage=0.05


Tree=102
num_leaves=63
num_cat=0
split_feature=141 0 63 95 94 65 130 33 159 27 9 54 73 27 45 132 141 65 54 68 27 67 4 29 86 16 130 115 143 152 22 77 98 29 43 29 87 67 173 141 22 45 112 63 65 143 71 112 4 67 147 36 78 147 134 6 189 147 77 36 159 139
split_gain=2.75569 2.64265 2.25366 3.52621 3.29159 3.28604 2.74286 2.29999 2.04392 4.20743 6.12833 4.34788 4.3345 3.75428 3.15961 2.39831 2.2438 2.17149 3.37979 3.8766 2.40404 2.0221 3.80555 1.9956 2.17937 2.16861 1.9838 1.96557 2.1173 2.31636 1.93984 1.769 2.22752 1.73653 1.72269 1.8118 1.79278 1.68156 1.57951 1.50385 1.42306 1.57914 1.423 1.40743 1.39868 1.36207 1.31681 1.55254 1.25516 1.2379 1.21746 1.37512 1.20874 1.81638 1.17408 1.16744 1.14299 1.17119 1.07253 2.41883 1.53114 1.3865
threshold=0.13124834746122363 6.7394859790802011 -0.012248555663973091 0.53248763084411632 123.50000000000001 0.54949104785919201 1381.5000000000002 0.44366416335105902 12.363194465637209 0.43411909043788915 0.34727859497070318 4.5000000000000009 1.0000000180025095e-35 0.26159109175205236 0.9435090720653535 807.50000000000011 0.1954765468835831 -0.59052580595016468 5.5000000000000009 -0.70075467228889454 0.11405582353472711 0.82724726200103771 1.0361092686653139 0.54449820518493663 15.500000000000002 4.5354442596435556 947.50000000000011 23.390200614929203 -0.70164179801940907 0.37164951860904699 0.81378906965255748 12.407539367675783 1.0000000180025095e-35 0.52823865413665783 0.90416988730430614 0.45927025377750402 2.5000000000000004 0.9298362433910371 1.0000000180025095e-35 0.12110166996717454 0.96156921982765209 0.50916254520416271 0.98832538723945629 0.9962262511253358 -0.3862511664628982 -0.49305346608161921 -1.0000000180025095e-35 0.96332579851150524 2.7207791805267338 0.98321348428726207 0.95459231734275829 9.8387098312377947 0.02582124620676041 0.94744113087654125 138.50000000000003 12.339590549468996 0.32999999821186071 0.98183318972587597 9.8071756362915057 1.0056179761886599 12.617648124694826 0.18568676710128787
decision_type=2 2 2 2 2 2 2 2 2 2 2 2 2 2 2 2 2 2 2 2 2 2 2 2 2 2 2 2 2 2 2 2 2 2 2 2 2 2 2 2 2 2 2 2 2 2 2 2 2 2 2 2 2 2 2 2 2 2 2 2 2 2
left_child=1 2 3 7 6 37 -5 50 16 10 31 12 13 -12 15 27 -2 48 19 -19 -21 54 30 24 38 40 43 28 -15 -30 42 -10 -33 -13 35 36 -31 -6 -4 45 -25 -42 -23 52 46 -9 47 49 -18 -24 51 -1 53 55 -11 -22 57 -7 59 60 61 -47
right_child=8 -3 23 4 5 56 -8 39 9 21 11 33 -14 14 -16 -17 17 18 -20 20 26 22 44 25 -26 -27 -28 -29 29 34 -32 32 -34 -35 -36 -37 -38 -39 -40 -41 41 -43 -44 -45 -46 58 -48 -49 -50 -51 -52 -53 -54 -55 -56 -57 -58 -59 -60 -61 -62 -63
leaf_value=-0.012550033759868859 0.00053048713246306488 0.00053048713246306488 0.00053048713246306488 -0.026302681713010929 0.00053048713246306488 -0.021292045168062088 0.00053048713246306488 0.00053048713246306488 0.00053048713246306488 0.018622490038528033 0.00053048713246306488 0.00053048713246306488 0.00053048713246306488 0.00053048713246306488 0.00053048713246306488 0.00053048713246306488 0.00053048713246306488 0.00053048713246306488 0.00053048713246306488 0.00053048713246306488 0.070821737005853702 0.041295490278992958 0.043520589764271728 -0.010795197425866709 -0.013344744350323687 0.00053048713246306488 0.00053048713246306488 0.00053048713246306488 0.00053048713246306488 0.077210798513892342 0.00053048713246306488 0.032230463858187418 0.00053048713246306488 0.020580214279750566 0.00053048713246306488 0.0017230523379680826 0.00053048713246306488 -0.0155238877413832 -0.011190591702778037 0.00053048713246306488 -0.012331612393794105 0.00053048713246306488 0.00053048713246306488 0.00053048713246306488 0.00053048713246306488 -0.02127744441450892 0.00053048713246306488 0.00053048713246306488 0.021625916604014736 0.00053048713246306488 0.00018945308713753996 0.00053048713246306488 0.00053048713246306488 0.00053048713246306488 0.00053048713246306488 0.00053048713246306488 0.00053048713246306488 0.00053048713246306488 -0.0010176471906258075 -0.00023799015432286492 0.00053048713246306488 0.00053048713246306488
leaf_weight=100.30659365957035 6567.6205044416274 347.30630784115419 633.40354362659127 38.909219880886667 69.707954631339817 34.814527164046012 3.9731888742244328 45.309875318893319 42.71787156125356 9.2877100236364623 4.6037494190532042 10.011174118364574 5.3365961273229905 1.6254868805263161 1.2227928570064239 1.3618554030836083 8.466546760471827 4.1577092688348811 4.4886476410138121 0.96854847756912832 5.9876142814937143 8.7942015498265267 2.4568196457257732 113.09998715520487 23.290149320855562 61.525787397793465 1.5878564432350692 1.0204321590426833 1.4233736183232455 12.908244794845812 2.6232135557947922 4.9219445998314759 3.022214721509954 5.7372105771210054 0.99543301069934464 1.9462235403188977 1.1157315708551312 11.36080294378189 26.764519511096296 388.57720618863823 19.385999482907209 34.940687019770849 1.2209697068174126 0.52584857753754555 13.142306812194875 47.027351972159522 3.8543236400291789 1.0061112048715584 2.4650383770203925 1.1771446988859677 29.600697813202714 19.354985380483413 0.89100904182487273 0.85447706131162693 140.82858676623437 0.69386988360929525 1.7770390507939726 1.1704319095442759 59.613985135802068 41.82902715561795 5.1667229270096859 2.0290703712671521
leaf_count=11149 576701 26101 60188 1942 3986 1964 197 4792 1730 554 223 516 287 59 89 61 780 348 504 61 490 567 138 12700 1925 13596 88 65 59 522 188 99 210 375 65 100 55 637 1531 42646 1745 4286 85 37 775 4140 210 55 148 80 3839 2771 87 80 8480 31 33 112 4415 9351 345 162
internal_value=3.87305e-05 -0.00151419 -0.00240701 -0.00417941 -0.0108101 -0.00576918 -0.0221957 -0.00263155 0.000530487 0.0047442 0.0127541 0.0244297 0.0335011 0.0403686 0.0471149 0.0510712 0.000530487 0.0132875 0.0217029 0.0314053 0.0427068 0.000530487 0.0118971 -0.000617199 0.000530487 -0.00462794 0.0482256 0.0545442 0.0573842 0.0612225 0.0292646 0.000530487 0.0190234 0.000530487 0.0652288 0.0682804 0.0733225 0 0.000530487 -0.00114907 -0.00769804 -0.000462435 0.0364637 0.0542766 0.000530487 -0.00462033 0.0168161 0.0271791 0.000530487 0.0357375 -0.0080979 -0.0102739 0.0576498 0.0616515 0.000530487 0.0668416 -0.0169851 -0.0192306 -0.00691135 -0.0100905 -0.016607 -0.0192961
internal_weight=9043.32 2160.25 1812.94 900.529 161.713 118.831 42.8824 738.816 6883.07 284.362 99.9703 49.3083 33.5599 28.2233 23.6196 22.3968 6598.71 31.0872 20.1556 15.6669 11.5092 184.391 34.2751 912.411 683.458 228.952 10.5407 21.0349 20.0145 18.389 12.6384 50.662 7.94416 15.7484 16.9656 15.9702 14.024 81.0688 660.168 589.553 167.427 54.3267 10.0152 8.95282 21.6367 200.976 8.4944 4.64008 10.9316 3.63396 149.262 119.662 8.42697 7.53596 150.116 6.68148 37.762 35.985 155.666 96.0522 54.2231 49.0564
internal_count=809555 214553 188452 92481 8871 6732 2139 83610 595002 15647 4515 2476 1585 1298 1075 986 579355 2654 1726 1222 874 11132 2098 95971 63644 32327 813 925 860 801 840 2039 309 891 742 677 577 4623 61719 65851 18731 6031 652 725 1258 23205 483 273 928 218 17759 13920 688 601 9034 521 2109 2076 18413 13998 4647 4302
is_linear=0
shrinkage=0.05


Tree=103
num_leaves=63
num_cat=0
split_feature=71 144 66 13 176 135 43 144 66 132 31 64 144 97 184 89 69 79 141 5 189 64 79 13 94 69 69 21 112 94 95 67 37 64 64 6 142 13 13 55 152 13 68 181 144 18 37 67 10 21 6 45 75 69 66 135 77 159 73 189 131 95
split_gain=2.38343 3.97436 5.42627 4.68322 3.68594 7.86427 3.71955 3.6113 3.21839 3.6881 4.35603 4.02034 3.10886 3.37064 4.31621 5.22468 4.78897 3.31212 3.00245 3.04446 2.94359 3.75521 6.30753 2.99591 3.45394 2.9356 3.36857 3.20239 3.43844 3.13341 4.31012 4.12407 3.32595 3.00336 2.93177 2.73826 2.72861 4.50077 2.71946 3.18471 2.63681 3.04252 5.67541 3.47487 2.77049 5.28657 3.24537 3.34428 2.62537 3.03003 2.60869 2.72581 2.69199 3.59649 3.24956 3.04068 2.60101 2.56106 2.51152 2.43475 3.0559 3.70339
threshold=-1.0000000180025095e-35 0.92077764868736278 0.81493964791297924 0.10853720828890802 1.0000000180025095e-35 4.0250000953674325 0.9019746482372285 0.9146985411643983 0.3235801905393601 300.50000000000006 0.31854006648063665 0.82495343685150158 0.90915653109550487 131.50000000000003 1.0000000180025095e-35 11.500000000000002 9.0720162391662615 -1.3376309871673582 0.12220196053385736 0.67677196860313427 0.29000000655651098 0.77721846103668224 1.8422344923019411 0.83320301771163952 21535.500000000004 6.1897299289703378 9.0720162391662615 0.47519372403621679 0.95828139781951915 1492.5000000000002 0.507707178592682 0.012841466348618271 0.37334001064300543 0.63788408041000377 0.78424230217933666 1.5884233117103579 47.633358001708991 0.10914873331785203 0.25331388413906103 3.5000000000000004 0.89685314893722545 0.40249507129192358 -0.76550087332725514 1.0000000180025095e-35 0.54396048188209545 2.3012249469757085 0.96341434121131908 0.98109805583953869 3.6369825601577763 0.17550420761108401 18.756753921508793 0.22744696587324145 1.0000000180025095e-35 2.5866686105728154 0.51600196957588207 642.50000000000011 9.8071756362915057 2.4768598079681401 1.0000000180025095e-35 1.0000000180025095e-35 169.50000000000003 0.72258296608924877
decision_type=2 2 2 2 2 2 2 2 2 2 2 2 2 2 2 2 2 2 2 2 2 2 2 2 2 2 2 2 2 2 2 2 2 2 2 2 2 2 2 2 2 2 2 2 2 2 2 2 2 2 2 2 2 2 2 2 2 2 2 2 2 2
left_child=8 7 4 -4 6 -6 25 18 12 36 11 -11 40 14 15 16 17 -14 19 -2 -20 22 23 24 -22 27 34 28 29 -3 31 -31 -32 -28 -27 48 50 -38 -9 -40 -1 42 -42 44 -44 46 47 -46 49 -5 51 52 53 59 -55 -56 -12 -15 -58 -10 61 -61
right_child=1 2 3 35 5 -7 -8 38 9 10 56 -13 13 57 -16 -17 -18 -19 20 -21 21 -23 -24 -25 -26 26 33 -29 -30 30 32 -33 -34 -35 -36 -37 37 -39 39 -41 41 -43 43 -45 45 -47 -48 -49 -50 -51 -52 -53 -54 54 55 -57 58 -59 -60 60 -62 -63
leaf_value=-0.0024900963277056285 -0.00065970091255666027 0.024674881083039446 0.012197394180499371 0.0061563787729099866 0.037680814762074369 -0.0054229164187940132 -0.0058491261617946459 -0.023024051086337274 0.00035326448082960855 -0.015321244242375569 0.0074012600890835433 0.0059133568549853601 0 -0.0094986731730621748 0.0035573483619402491 0.0093944352915907928 0.0067378767733947756 -0.017920073635850756 0.00046848546633720853 -0.009669624182569515 0.027968882621189413 0.00046848546633720853 0.00046848546633720853 0.00046848546633720853 0.00046848546633720853 -0.010963710611443852 0.016930125815439106 0.0048276749585095223 -0.008576907798862568 -0.0046912263650690719 -0.008576907798862568 0.030614312250434862 0.014209031880300836 -0.002992657842472381 0.0094820851090065203 0.0041195303974027745 -0.0092772845559030061 0.025575255350037185 0.017471117068079422 -0.010025158288129311 -0.0058103055952214849 -0.0011291596953400271 0.0064519782495347415 -0.0044597098825587657 0.034570020724326765 -0.011486430792430294 -0.0068129175820407619 -0.0086727252237723661 0.01219654543974528 -0.018192951563468864 0.017943406095850309 -0.0040235413215071103 0.0092266676738587041 0.0062167816978760705 -0.012724347276553988 0.010783684666001469 0.0028919156058769251 0.016740500647021341 -0.011377409804482479 0.036037503311015323 0.00035326448082960855 0.00035326448082960855
leaf_weight=1364.4861555825737 312.60234569009117 66.34617066253486 29.022761744927266 10.865828857044106 21.169510346975585 14.385627394545734 62.689707683130109 23.746117577138648 102.00056931981089 49.736739350704738 398.35428244522336 31.923657408889994 32.043197422022786 8.9901822187275702 60.209127104790241 24.154106411933753 23.03750046983987 182.56969981998554 3571.5721856670934 133.85031261193217 59.833213182166219 86.987190483894665 42.626754262499162 10.500793825223807 5.943396193208172 64.710910216184857 38.817114512949047 213.8542767482686 9.9565211108238127 8.8501246135710989 19.950286970706657 20.444196304510115 12.149469276148009 27.798643276299117 17.91251029536943 27.418521468389372 10.565328278738891 18.558297603689425 9.5321886839155905 31.836291668674676 60.038017271592253 363.39256602381283 60.47981844838796 22.565563510554057 45.331812159925903 6.0411614481417919 3.2126283160723679 1.9853877253044618 5.1967116426167186 78.606988802370324 11.53578450678833 612.78759309812449 79.540261481350171 35.068438473012066 107.67367375251706 10.662873732697333 179.7962561626955 21.691820027932408 31.855604588283313 15.288166189711776 19.224232680513524 2.504390340021927
leaf_count=129821 36760 2973 609 720 492 1216 7801 1420 12316 3484 30723 1988 3137 1641 1312 3105 1120 8624 342274 12045 2149 3365 1541 552 247 1979 1255 9389 534 340 534 512 310 534 362 1105 103 1166 778 2991 4136 49068 4526 1802 2955 407 215 122 185 4931 619 72674 7503 2115 6193 755 12055 1655 2437 682 969 69
internal_value=2.8117e-05 0.000753697 0.0040999 -0.00416678 0.00624384 0.0211061 0.00508468 0.000158536 -0.000880133 0.000742947 0.00356 -0.00686925 -0.00211225 -0.00641358 -0.00797537 -0.0107383 -0.013039 -0.0153808 0.000350683 -0.00349351 0.000815649 0.00656541 0.0122523 0.0206036 0.0243657 0.00654711 0.000464488 0.00901644 0.0149496 0.0172257 0.00754716 0.0200903 -0.00439075 0.0086388 -0.00595768 -0.00858041 -0.00114102 0.0126922 -0.0110854 -0.00194952 -0.00129771 0.0015444 0.00644141 0.0119015 0.015314 0.023089 0.028335 0.0316223 -0.0125316 -0.0148019 -0.00163173 -0.00197578 0.00134008 -0.0008401 -0.00609639 -0.0100521 0.00504129 0.00809782 0.000415846 0.00479688 0.0149472 0.0273346
internal_weight=9036.48 5039.18 750.146 151.111 599.035 35.5551 563.48 4289.03 3997.3 1717.08 691.667 81.6604 2280.23 352.696 322.014 261.805 237.65 214.613 4223.92 446.453 3777.46 205.891 118.904 76.2774 65.7766 500.79 149.239 351.551 137.697 127.74 61.3941 29.2943 32.0998 66.6158 82.6234 122.088 1025.41 29.1236 65.1146 41.3685 1927.53 563.047 199.654 139.616 117.051 56.571 50.5298 47.3172 94.6695 89.4728 996.286 984.75 371.963 292.422 153.405 118.337 610.006 30.682 211.652 139.017 37.0168 17.7926
internal_count=809400 439903 35781 7550 28231 1708 26523 404122 369497 155851 50687 5472 213646 20594 17298 15986 12881 11761 398933 48805 350128 7854 4489 2948 2396 18722 4130 14592 5203 4669 1696 852 844 1789 2341 6941 105164 1269 5189 3769 193052 63231 14163 10027 8225 3699 3292 3077 5836 5651 103895 103276 30602 23099 9063 6948 45215 3296 14492 14036 1720 751
is_linear=0
shrinkage=0.05


Tree=104
num_leaves=63
num_cat=0
split_feature=189 148 186 113 23 43 85 68 163 65 65 43 40 134 23 89 41 135 2 41 76 33 100 106 40 143 21 21 159 65 39 13 4 65 135 11 94 95 133 39 68 94 29 65 94 134 94 23 96 143 76 68 85 37 135 75 68 26 95 76 186 97
split_gain=3.01884 4.85884 3.14974 2.2803 3.03032 2.08662 1.84358 2.10021 2.36823 1.80084 2.21587 1.79585 3.05486 3.69181 3.76222 3.10773 2.98812 2.84069 3.21035 2.83062 2.75335 3.07273 2.43028 2.50102 2.20373 2.18221 2.9233 2.20292 2.4362 2.11759 3.00555 2.0529 1.82083 1.95845 1.7543 4.6785 1.73007 2.49853 2.39175 2.40415 2.02104 1.68489 1.48681 2.39753 2.50109 1.35562 1.35365 1.28574 1.40492 1.26901 1.26064 1.34629 1.58985 1.25667 1.24373 1.12053 2.69101 2.36171 2.4704 1.98867 1.90028 1.66979
threshold=-1.0000000180025095e-35 1.0000000180025095e-35 6.5000000000000009 1.0000000180025095e-35 0.70136579871177684 0.89343640208244335 2.5000000000000004 0.88701641559600841 1.0000000180025095e-35 -0.97444784641265858 0.64686194062232982 0.94541773200035106 2.2253968715667729 593.50000000000011 0.83375120162963878 8.5000000000000018 0.97215011715888988 403.50000000000006 79.15332412719728 0.95151337981224071 358.95541381835943 0.44415183365345007 1.0151517391204836 0.71008405089378368 2.3423005342483525 -0.10112361237406729 0.64729854464530956 0.85680341720581066 13.73830556869507 -0.26544357836246485 0.94842657446861278 0.66539049148559581 0.60100334882736217 0.90679156780242931 23.500000000000004 0.77887672185897838 20045.500000000004 0.23739280551671985 614.50000000000011 0.40575613081455236 -0.99415704607963551 263.50000000000006 0.10805885866284372 0.11646160855889322 20670.000000000004 62.500000000000007 280.50000000000006 0.19885516166687014 0.037749288603663451 1.3401497602462771 68132.902343750015 0.90448296070098888 4.5000000000000009 0.3728893250226975 49.049999237060554 0.91666665673255932 -0.17163810133934018 0.85813653469085704 0.56761837005615245 121207.19921875001 12.500000000000002 41.500000000000007
decision_type=2 2 2 2 2 2 2 2 2 2 2 2 2 2 2 2 2 2 2 2 2 2 2 2 2 2 2 2 2 2 2 2 2 2 2 2 2 2 2 2 2 2 2 2 2 2 2 2 2 2 2 2 2 2 2 2 2 2 2 2 2 2
left_child=1 2 36 11 5 6 -5 8 9 -8 -11 42 -13 14 16 -16 19 18 22 29 -17 -22 23 -18 -25 -15 47 28 32 30 31 45 -28 -34 -26 -36 37 -1 39 40 -39 -41 43 44 -2 -14 -4 48 -27 -47 51 52 54 -54 -42 -44 57 58 59 60 61 -57
right_child=3 -3 46 4 -6 -7 7 -9 -10 10 -12 12 13 25 15 20 17 -19 -20 -21 21 -23 -24 24 34 26 27 -29 -30 -31 -32 -33 33 -35 35 -37 -38 38 -40 41 50 -43 55 -45 -46 49 -48 -49 -50 -51 -52 -53 53 -55 -56 56 -58 -59 -60 -61 -62 -63
leaf_value=-0.0015470641131633423 0.027963103939747831 0.0006533922589992908 -0.013308238807222386 0.0006533922589992908 0.0006533922589992908 0.0006533922589992908 0.0006533922589992908 0.0006533922589992908 0.0006533922589992908 0.055873914593012247 0.0006533922589992908 0.0006533922589992908 0.0006533922589992908 0.0006533922589992908 0.0006533922589992908 0.0006533922589992908 0.0006533922589992908 0.0006533922589992908 0.0006533922589992908 0.0006533922589992908 0.0006533922589992908 0.043790401993000772 0.0006533922589992908 0.0006533922589992908 0.0094767005717213484 0.030168058406000776 0.0006533922589992908 0.0006533922589992908 0.0006533922589992908 0.00070214574865397773 0.0006533922589992908 0.0006533922589992908 0.045052502293063033 0.0006533922589992908 0.078420624894207064 0.0012691605581549316 0.0006533922589992908 0.0006533922589992908 0.0006533922589992908 -0.018818614956793125 0 0.0006533922589992908 0.0006533922589992908 0.0006533922589992908 0.0006533922589992908 0.058579391953201269 -0.0028485732003186467 0.0006533922589992908 0.0006533922589992908 0.0006533922589992908 0.0006533922589992908 0.00028886526203485981 0 -0.011714768237980467 -0.023354672058623713 0.036550812684018906 0.0006533922589992908 0.0006533922589992908 0.0006533922589992908 0.0006533922589992908 0.0006533922589992908 0.0006533922589992908
leaf_weight=1123.1452361263 17.136521362437637 519.73703075198864 93.786932351231371 2.789661941220408 12.863405570678877 2.5549191442551082 1.6009284140745936 3.342311543878167 3.2791291164321583 9.5045372108288557 2.6555297060549483 143.32710092155321 0.5950379405985603 94.257014707123744 22.579018746313523 3.9485126768558976 0.88335441642267554 2.428064874620758 1.4716069530550147 8.8762635810999182 3.4015615025709831 6.9788108525972348 1.8380987227428693 0.7232766903325708 4.8611863797268624 2.740251636903877 1.1097367987458735 9.3192378528910904 1.5078497452050204 11.684347094109398 2.4363429868099056 2.0218033444252796 12.326638438302322 0.91213990392861966 8.7770673732593405 3.2709303499286753 201.49427337867382 9.8293933912646008 56.52375108605338 6.4267873106946345 7.5919043130634227 78.698283045247081 6055.4353224190927 17.523279296336113 3.3118200778990277 5.2063692250085296 60.081165184656129 23.979349985020235 1.8798567892517892 0.67574770521605376 11.639749629277501 15.548864008364033 24.772666687320452 125.98218919119245 51.23999833779817 23.145486916531819 75.346466478877119 20.184566284820903 9.2088308711245173 2.270121921086683 3.7707886136777224 2.3636539920698842
leaf_count=267309 839 49858 19669 96 793 187 84 155 164 473 133 11871 41 6527 1271 254 51 142 92 579 167 337 111 52 283 125 56 500 99 817 150 155 539 54 534 223 16029 693 3650 420 322 5136 380783 761 186 375 10236 1087 119 32 733 995 1839 9580 2310 1614 5107 1553 587 92 238 200
internal_value=0.000103506 -0.001417 -0.00280855 0.000653392 0.0121242 0.0214433 0.0262562 0.0307851 0.0364669 0.0433363 0.0481224 0.000653392 0.00407959 0.00769236 0.0153034 0.00171552 0.0230059 0.0353028 0.0403126 0.00931242 0.0207238 0.0315045 0.0451449 0.0495566 0.053187 0.00242067 0.010675 0.0215552 0.0306037 0.0194732 0.0314476 0.0415655 0.0364322 0.0407274 0.0563396 0.0654566 -0.00215779 -0.0027858 -0.00624045 -0.00791184 -0.0103743 -0.000320885 0.000653392 0.010685 0.0207595 0.0497942 -0.00959959 0.000653392 0.0190645 0.054099 -0.0114955 -0.0123431 -0.0133816 -0.00975899 -0.0207812 0.000653392 0.00578895 0.0132258 0.0195281 0.0254355 0.0289193 0.0330988
internal_weight=9038.8 2386.5 1866.76 6652.3 38.5904 25.727 23.1721 20.3824 17.0401 13.761 12.1601 6613.71 384.017 240.689 92.6574 36.9079 55.7495 24.2536 21.8255 31.4959 14.3289 10.3804 20.3539 18.5158 17.6325 148.032 53.7751 25.1756 15.8564 22.6196 10.9353 8.49896 14.3485 13.2388 16.9092 12.048 1712.89 1511.4 388.254 331.73 246.605 85.1251 6229.7 37.9716 20.4483 6.47715 153.868 28.5995 4.62011 5.88212 236.775 225.136 209.587 150.755 58.8319 6191.73 136.29 60.9434 40.7589 31.5501 29.2799 25.5091
internal_count=809467 388779 338921 420688 2085 1292 1105 1009 854 690 606 418603 26643 14772 5666 2029 3637 1488 1346 2149 758 504 1254 1143 1092 9106 2579 1248 748 1570 753 603 649 593 1040 757 309016 292987 25678 22028 16472 5556 391960 1786 1025 448 29905 1331 244 407 15779 15046 14051 11419 2632 390174 9391 4284 2731 2144 2052 1814
is_linear=0
shrinkage=0.05


Tree=105
num_leaves=63
num_cat=0
split_feature=140 147 133 76 152 159 23 152 180 5 144 144 65 86 71 1 110 0 143 15 144 144 66 63 11 147 150 132 66 23 115 132 23 76 10 42 10 67 132 152 143 63 115 39 140 29 147 67 65 97 150 29 115 15 8 10 65 151 1 63 67 1
split_gain=2.79246 2.40442 3.56346 2.56626 2.37743 4.59133 3.8304 2.89682 6.6652 5.0674 5.77225 5.51433 5.64149 5.5719 4.78679 4.44281 4.16861 4.00356 3.85292 7.09415 3.44323 3.02879 7.12526 3.37642 4.03406 3.02385 3.62019 3.49384 3.94409 3.72236 4.22028 2.89174 3.64809 4.43794 3.67554 5.27769 4.93301 3.60322 3.23118 3.55387 3.0323 2.88302 2.82999 2.82727 2.8223 3.21348 2.79738 3.5412 2.79037 3.72116 2.65447 3.77532 2.81859 2.65446 3.16459 4.73884 4.79546 2.71129 2.64612 2.63954 3.23389 3.62966
threshold=0.12921543419361117 0.95764091610908519 724.50000000000011 52843.396484375007 0.86782056093215953 25.102735519409183 0.19885516166687014 1.0000000180025095e-35 1.0000000180025095e-35 0.95934405922889721 0.69189634919166576 0.83199360966682445 -0.26544357836246485 11.500000000000002 0.6078576147556306 0.39000068604946142 3.5000000000000004 5.7218644618988046 -1.111475348472595 0.10817800834774972 0.81291070580482494 0.98359847068786632 -0.71458351612091053 -0.88086140155792225 0.67287680506706249 0.64785373210906994 1.5000000000000002 489.39999389648443 0.94887080788612377 0.19885516166687014 2.0000188350677495 127.50000000000001 0.19958990812301639 72851.191406250015 0.71626174449920665 4.2460508346557626 0.5738547444343568 0.9448000192642213 737.50000000000011 0.78939384222030651 -0.47642536461353296 -0.74509570002555836 0.73400610685348522 0.40507428348064428 0.13852283358573916 0.26294958591461187 0.9044351875782014 0.72858271002769481 -0.13760928809642789 -1.0000000180025095e-35 2.5000000000000004 0.43737801909446722 3.3632405996322636 0.23843140155076983 1.7165775299072268 4.2162616252899179 -0.80535411834716786 1.0000000180025095e-35 0.42087814211845404 0.77921530604362499 0.96388429403305065 0.42876698076725012
decision_type=2 2 2 2 2 2 2 2 2 2 2 2 2 2 2 2 2 2 2 2 2 2 2 2 2 2 2 2 2 2 2 2 2 2 2 2 2 2 2 2 2 2 2 2 2 2 2 2 2 2 2 2 2 2 2 2 2 2 2 2 2 2
left_child=-1 2 4 -4 7 -6 -7 8 9 10 18 12 13 20 53 -16 31 -11 19 -2 -12 22 -17 -23 58 26 -18 -27 -29 -30 48 -9 33 38 36 37 -34 -36 39 46 -38 -20 -28 -42 -37 -46 47 50 -31 -50 51 52 -33 -13 57 56 -56 -55 -25 60 61 -21
right_child=1 -3 3 -5 5 6 -8 16 -10 17 11 14 -14 -15 15 21 25 -19 41 59 -22 23 -24 24 -26 27 42 28 29 30 -32 32 34 -35 35 44 40 -39 -40 -41 43 -43 -44 -45 45 -47 -48 -49 49 -51 -52 -53 -54 54 55 -57 -58 -59 -60 -61 -62 -63
leaf_value=-0.0063866251658700086 -0.0025494766844657204 -0.0014573889849531074 0.02195315440600374 -0.002879072703137519 0.0017159537832537508 -0.005071417765720415 0.031980359073002833 -0.0023684450388950689 0.036338035233594884 0.026437849722611834 0.014670415122079431 -0.0063866251658700086 0.0026714560302764107 -0.0063866251658700086 0.038779846564103028 0.02073950572168054 -0.0016115284260273472 -0.0030489077833853557 0.0020617612991889844 0.05454070693854051 0.040542127752615481 -0.0052100467260509055 -0.0059162256895573147 -0.0053500217108964493 -0.0061047422602804645 -0.0040556087902340566 0.017559585692121953 -0.00030202340570647509 -0.0063866251658700086 0.0016056719060562317 -0.0063866251658700086 0.063918084162857811 0.0026913956682617086 0 -0.0063866251658700086 0.0025463469531959845 -0.0026857295742591224 0.012358095553119014 -0.0055557095763064147 -0.00150538235763676 0 -0.0030558796920685822 -0.0063866251658700086 0.048063745571911842 0.0025463469531959845 0.029239831188736017 0.0031610146266938554 0.0012322292770444428 -0.00083898382177444099 0.04942165935271696 0.0011142751304180445 0 0 -0.0055256639631475505 -0.0047873744828723086 -0.0063866251658700086 0.027602262827644136 0.0079739063906569957 0.029102207394623682 -0.0014417291887902899 -0.0047762044475742555 0
leaf_weight=151.84277522115735 35.592309111423674 1529.429628411086 28.390814646736544 11.197000291474977 2177.8980607551784 6.7972607207193532 17.616592756632599 235.27209413207675 8.502513801911844 29.28383147927525 128.26599920334047 185.95187204446847 190.84701948561633 13.671173821814589 5.9182967855595043 27.963818633437768 99.817650759519893 13.785828940104691 358.9450669621001 11.295244161876331 14.132290527199073 14.53686443202241 99.220437683561613 3.4379099109355584 9.2761956437898316 1412.3770011074412 52.09263408786137 281.45924764687516 5.2492121983887037 8.125888002552534 4.714043666739598 15.354424528482935 56.34480304677345 44.216733319768537 174.61521110930698 85.155926994386391 3.5284919739024216 20.776155367930187 6.6011420838985932 8.1400301997455227 4.0848294356474062 1078.3715057593108 7.5652475993520047 11.024084234708424 6.7555583851644796 20.904119182319846 10.319909734942483 7.2039511411239792 3.2026132270802981 13.365940383300762 4.3270624141769067 2.929647833294438 1.902926418417336 137.61300477480108 12.713312502412007 15.32056403642491 33.250996229602606 44.515068436492584 38.240462932080845 3.4898271876772915 1.9555674139301107 4.2646240697540625
leaf_count=8930 1230 179640 1852 616 210178 92 316 42941 122 1830 7256 5367 11525 853 149 1439 6764 733 24225 476 923 181 4921 44 130 140381 2562 23288 434 684 356 902 4213 2991 12861 5017 292 1555 446 597 314 78261 927 869 379 1155 818 463 475 889 266 217 138 7316 483 586 1270 3779 554 181 108 323
internal_value=0.000219252 0.000338297 0.00071508 0.0148337 0.000625362 0.00199755 0.021706 2.97857e-05 0.00124203 0.00104135 0.000716235 0.0037056 0.00872463 0.0156587 0.000846319 0.00719462 -0.00113255 0.0171442 -0.00122369 0.0109756 0.0186958 0.00514161 0.000318205 0.013467 0.0192316 -0.00237137 0.00406191 -0.00298935 0.00168571 0.0164616 0.0234017 0.00207774 0.00429143 0.0125538 0.00191571 -0.000477608 0.0114806 -0.00548152 0.0212128 0.0253717 0.0308047 -0.00175779 0.0133317 0.0385922 0.00784157 0.0204929 0.0307143 0.0373471 0.0310452 0.0406051 0.0451065 0.0514504 0.0584776 -0.00208142 0.00127228 0.0107001 0.0185623 -0.00196765 0.0254561 0.0309384 0.0373877 0.0437757
internal_weight=9050.96 8899.12 7369.69 39.5878 7330.1 2202.31 24.4139 5127.79 2520.36 2511.86 2468.79 974.875 346.916 156.069 627.959 198.594 2607.43 43.0697 1493.91 56.5976 142.398 192.676 127.184 65.4914 50.9546 1887.97 159.476 1728.49 316.117 34.6577 29.4085 719.457 484.185 100.996 383.189 308.207 74.9822 195.391 56.7791 50.178 18.6374 1437.32 59.6579 15.1089 112.816 27.6597 42.0379 31.718 24.6944 16.5686 24.5141 20.187 17.2574 429.365 243.413 61.2849 45.9643 182.128 41.6784 21.0053 17.5154 15.5599
internal_count=809083 800153 620513 2468 618045 210586 408 407459 154265 154143 151580 46776 20557 9032 26219 7418 253194 2563 104804 2318 8179 7269 6360 909 728 176760 10253 166507 26126 2838 2404 76434 33493 6838 26655 20967 5688 14416 3847 3401 1475 102486 3489 1183 6551 1534 2804 1986 2048 1364 1523 1257 1040 18801 13434 2339 1753 11095 598 1088 907 799
is_linear=0
shrinkage=0.05


Tree=106
num_leaves=63
num_cat=0
split_feature=76 76 164 142 143 144 142 15 159 79 31 116 4 152 9 134 152 65 143 37 15 134 131 22 142 133 140 71 131 131 9 23 15 133 94 68 2 68 143 94 144 144 76 144 94 77 168 45 69 5 4 65 67 9 37 95 74 152 20 37 170 45
split_gain=2.29325 3.79366 3.09319 2.86435 3.32739 3.77579 4.10404 6.25116 3.56807 3.61212 3.72698 3.29568 2.99355 2.91635 2.80611 2.80049 3.54119 4.08201 2.76968 2.70046 2.67523 2.80549 2.54649 2.50585 2.4712 2.45664 2.41545 2.3443 2.3068 2.99581 2.72737 2.19541 3.24054 2.1899 3.83054 3.64595 2.205 2.764 2.62895 5.19367 4.80354 4.47243 6.27239 3.62361 3.52037 3.17376 2.60821 3.19072 3.00699 2.96018 2.55989 3.77665 3.05569 2.46303 2.45122 2.43107 2.4233 2.4158 2.37241 2.28444 3.24126 2.25408
threshold=81318.089843750015 86184.539062500015 1.0000000180025095e-35 108.69232559204103 3.5749082565307622 0.83199360966682445 3.6312919855117802 0.42543150484561926 15.257230281829836 3.1289466619491582 0.37925711274147039 851.50000000000011 2.2200605869293217 0.59908908605575573 0.47313281893730169 780.50000000000011 0.98876368999481212 0.97223842144012462 26.645868301391605 0.37310366332530981 0.49193382263183599 1194.5000000000002 1184.5000000000002 0.50358691811561596 0.021077626384794716 483.50000000000006 0.13167826086282733 -0.87837970256805409 1278.5000000000002 957.50000000000011 0.57680520415306102 0.19925388693809512 0.032424582168459899 677.50000000000011 1492.5000000000002 -0.14762392640113828 206.5934753417969 0.2757945209741593 -0.95676425099372853 9407.0000000000018 0.85799655318260204 0.12822973728179934 16328.600585937502 0.91961926221847545 17604.000000000004 10.836576461791994 1.0000000180025095e-35 0.19261546432971957 2.7874039411544804 0.91324874758720409 18.166666984558109 -0.3626981377601623 -0.074495900422334657 0.29840947687625891 0.98482948541641246 0.507707178592682 1.0000000180025095e-35 1.1321107149124148 4.7425217628479013 0.82038775086402904 1.0000000180025095e-35 0.22744696587324145
decision_type=2 2 2 2 2 2 2 2 2 2 2 2 2 2 2 2 2 2 2 2 2 2 2 2 2 2 2 2 2 2 2 2 2 2 2 2 2 2 2 2 2 2 2 2 2 2 2 2 2 2 2 2 2 2 2 2 2 2 2 2 2 2
left_child=2 14 18 4 5 6 8 31 9 10 11 28 -11 -10 23 16 17 19 33 -6 21 -7 -15 24 -2 -26 -12 -20 29 -3 -31 -8 -33 36 35 -35 38 54 39 40 41 42 61 -42 -41 56 -40 58 49 57 -43 53 -53 -52 -38 -44 59 -49 -48 60 -45 -1
right_child=1 3 -4 -5 15 20 7 -9 13 12 26 -13 -14 22 -16 -17 -18 -19 27 -21 -22 -23 -24 -25 25 -27 -28 -29 -30 30 -32 32 -34 34 -36 -37 37 -39 46 44 43 50 55 45 -46 -47 47 48 -50 -51 51 52 -54 -55 -56 -57 -58 -59 -60 -61 -62 -63
leaf_value=0.010212815940491608 -0.0073378128421769124 0.013797222719811281 0.023023309946949028 -0.015884703444820337 0 -0.014724057021914306 0.0041078594863207902 -0.0035509761327936263 -0.0066275242337839454 -0.0021798761041477953 -0.011461047291693069 -0.0095194096763610292 0.026660743476493182 0.042232593583929778 -0.00031949816193724094 -0.00032448587286304986 0.00056227293706449929 -0.010893288458759681 -0.0093783020003416744 0.036442905589517828 0.001377987080443871 0.0040191277450091359 -0.0029802837104583287 -0.0013987948084390664 0.02819136617002212 0.00015941931614077735 0.0045871825155562691 0.014636780804055333 -0.003848845180841721 0.05457722141453164 -0.0027021040487367619 -0.00055297280583312472 0.044102845424124848 0.031823755591634487 0.00035231634057601762 0.0010951139496339047 -0.017536780056726878 0.0017008894182187985 -0.0010143886082146212 0.036700544739987115 0.027005128105181631 -0.0048962329245732621 0.0063797468595057309 -0.015972399431235986 -0.0042755478111920608 0.030025908098920268 -0.014532878055296121 0.045776310401047203 0.00016332893925939958 -0.003716958593700791 0.028074935731282499 -0.019158761447722682 0.0093852702314995706 -0.0090103131217562516 0.011969101494296757 0.041408189883166441 0.019576312958204389 -0.0037418648163998628 0.020680827022050676 0.011533245849016919 0.0097632852664908416 -0.0078349860222497111
leaf_weight=25.549981359537924 3.8425507871761502 43.019284277066618 8.8930961515288782 19.644514385297953 5.3849917426923666 87.119884801184526 10.753727431689187 24.131883511970955 3.2287598528637309 564.473280129052 25.274475611560774 7.1470156516843408 4.0537152164288264 7.6766035742621153 35.230626735505211 38.184140954908798 26.119529978812352 3.403507188158982 7.7031174121730137 26.499242484096612 66.244325389528967 20.679237833021034 2.0154793471447192 13.483249499589872 42.41940059373519 11.598804972374635 96.179608429454674 45.895532585724141 6.0338007429127165 6.5939673612483594 1.010536230591242 3.5337805493472869 16.132747990683129 17.535821884972393 126.26759482849593 20.64786380102305 54.764516115981678 38.391062738195615 6903.0158884908633 12.905140247472447 22.829801113195572 308.6959245214457 12.942290506394786 35.407179564350372 4.6353142953812485 5.9024108714438617 13.701639365754088 10.976562619624021 14.47490432602717 2.6544696437158555 16.616523171105658 12.731312107884152 14.233775087915999 1.9463145925546985 3.4264781999590914 11.747751069407967 9.1666200537110836 1.0143049561229407 1.2506184298399592 13.848429887926612 12.338885969715191 34.890787474258104
leaf_count=3445 372 3545 227 564 339 3981 717 4698 124 63504 2035 571 217 316 2900 1200 4506 119 185 1130 7247 1087 47 925 2303 553 6498 1215 442 516 76 117 844 1028 8085 1199 3012 2057 624277 424 2089 36342 1439 1400 190 167 707 580 718 144 806 637 666 108 214 370 491 54 42 1111 94 4183
internal_value=-0.000191325 0.00181507 -0.000508499 0.000906272 0.0013011 0.000381481 0.00182944 0.014501 0.00080734 0.000247907 0.00624471 0.0155652 -0.00170001 0.022874 0.0106285 0.00979508 0.0160147 0.0253426 -0.00055316 0.0308408 -0.00617167 -0.0108881 0.0333144 0.0160291 0.0202762 0.0231194 0.00072874 0.010253 0.0196503 0.0229948 0.0469297 0.0280068 0.0365797 -0.000637524 0.00496609 0.0178369 -0.000765248 -0.00810592 -0.000662097 0.00261855 0.00157046 -0.000660309 0.00923568 0.0112208 0.0262165 0.0048486 -0.000930132 0.0105161 0.0193015 0.0320886 -0.00320366 0.00712672 -0.0041982 0.0220387 -0.0145942 0.0280552 0.000575475 0.0402477 -0.00589009 -0.00313437 -0.00855258 0
internal_weight=9048.11 1221.11 7827 1114.54 1094.89 995.302 821.259 54.5521 766.707 753.786 185.259 63.8046 568.527 12.9208 106.575 99.5914 61.4073 35.2877 7818.11 31.8842 174.043 107.799 9.69208 71.344 57.8608 54.0182 121.454 53.5986 56.6576 50.6238 7.6045 30.4203 19.6665 7764.51 164.451 38.1837 7600.06 96.5821 7503.48 556.388 538.848 439.355 85.1308 99.4933 17.5405 76.6635 6947.09 44.0725 29.1202 14.6453 354.224 45.5279 26.9651 18.5628 58.191 24.69 70.7611 11.9909 14.9523 61.5945 47.7461 60.4408
internal_count=809199 111493 697706 104440 103876 96582 84267 6376 77891 77404 13683 5150 63721 487 7053 7294 6094 1588 697479 1469 12315 5068 363 4153 3228 2856 8533 1400 4579 4137 592 1678 961 696079 10312 2227 685767 5283 680484 53962 53348 47996 9437 5352 614 3263 626522 2245 1496 778 38559 2217 1303 914 3226 1809 3096 634 749 2605 1494 7628
is_linear=0
shrinkage=0.05


Tree=107
num_leaves=63
num_cat=0
split_feature=159 110 112 68 13 152 23 26 152 152 41 75 147 21 23 9 9 7 19 26 85 75 63 77 142 133 142 15 134 47 151 68 67 140 152 163 134 77 63 68 142 67 140 69 63 69 139 15 24 9 140 63 134 143 95 134 79 26 92 147 77 67
split_gain=2.38385 4.0185 4.65576 5.23555 5.70123 4.53818 4.8887 2.74041 2.70544 2.56747 3.32674 2.64379 3.16196 3.60469 2.80084 3.13816 4.2468 4.35955 3.73946 3.662 3.45413 3.3589 3.27378 3.25167 4.59506 4.6879 3.90066 4.12528 5.57379 4.07091 3.81086 3.78644 4.23438 3.76759 4.69526 3.75738 3.74883 3.69369 3.49973 3.37795 3.35872 3.26665 3.23583 3.17758 3.16863 3.38065 3.1368 3.13183 3.0714 3.06452 3.05817 3.20854 3.08605 3.03968 3.00027 4.50617 2.87213 2.83104 4.5536 3.6792 3.10348 2.862
threshold=12.363194465637209 2.5000000000000004 0.93552052974700939 -0.94019958376884449 0.58891069889068615 0.39918714761734014 0.72452881932258617 0.85067310929298412 0.92190244793891918 1.3080846667289736 0.83088260889053356 0.63333335518836986 0.95109903812408458 0.91478410363197338 0.93670830130577099 0.68802490830421459 0.30815032124519354 0.82658624649047863 0.98554497957229625 1.2714884281158449 3.5000000000000004 0.36666667461395269 -0.85644841194152821 9.5973639488220233 0.08460803329944612 297.50000000000006 31.629706382751468 0.14299715310335162 1223.5000000000002 0.57713651657104503 1.0000000180025095e-35 -0.59975859522819508 -0.87789228558540333 0.14128317683935168 0.92190244793891918 1.5000000000000002 1464.5000000000002 9.3710474967956561 -0.60732698440551747 -0.83644527196884144 108.69232559204103 -0.84944400191307057 0.13051657378673556 0.05000137351453305 -0.52378761768341053 0.080007389187812819 0.18568676710128787 0.47054725885391241 0.97972264885902416 0.19770738482475284 0.14128317683935168 0.3393674641847611 994.50000000000011 -0.31307004392147059 0.4585122168064118 230.50000000000003 1.3477695584297182 2.586675882339478 0.40192307531833654 0.50999999046325695 11.705265045166017 0.85647469758987438
decision_type=2 2 2 2 2 2 2 2 2 2 2 2 2 2 2 2 2 2 2 2 2 2 2 2 2 2 2 2 2 2 2 2 2 2 2 2 2 2 2 2 2 2 2 2 2 2 2 2 2 2 2 2 2 2 2 2 2 2 2 2 2 2
left_child=9 5 3 -3 -5 -2 8 -6 -7 11 -11 12 14 -14 15 16 17 22 21 -20 -19 -18 57 26 25 -25 27 44 38 31 39 -30 -33 34 40 -36 47 42 43 -27 -26 -41 -28 -29 49 54 50 -34 -16 -24 -17 52 -52 -22 55 -46 -37 61 59 -59 -61 -1
right_child=1 2 -4 4 7 6 -8 -9 -10 10 -12 -13 13 -15 48 46 18 20 19 -21 53 -23 23 24 33 30 37 28 29 -31 -32 32 36 -35 35 56 -38 -39 -40 41 -42 -43 -44 -45 45 -47 -48 -49 -50 -51 51 -53 -54 -55 -56 -57 -58 58 -60 60 -62 -63
leaf_value=-0.0087366392252978403 -0.011151754535678092 -0.011940770841804347 -0.011940770841804347 0.013265750304022642 0.0070527826884022888 0.026985024844496032 0 -0.011940770841804347 0.0041794198222125239 0.00027612470024465538 0.016039504504702738 0.0028392590760046039 -0.0034563445596980402 0.0036406687537733798 0.012927153021876768 0.00056431419530574749 -0.0013373969003011371 0.027355668112342676 -0.010352806915936125 0.032315432247663721 -0.0096298061793302428 -0.0095804719627082448 -0.016840292798856824 0.0014177072649500366 -0.00067659346633947438 0 -0.0096871005646100607 -0.010903564517844334 0 -0.005283710555589966 0.0072193656827027747 0 0.065891332482938353 0.0074337743377250578 0.0074337743377250578 0.0074337743377250578 0 -0.014287889034423674 -0.0033712209033033153 0 -0.022829400551177152 0.049196197821915817 0.028522389806498783 0.023788315706340067 0.020664375620522854 -0.0046325659098896098 0.014912358097369122 -1.2804506500685765e-05 -0.0075994465054345086 0.0114854161556006 0.014912358097369122 0.00056431419530574749 0.00056890566715367744 0.018063259705549142 0.010462547930227417 -0.011439300339751948 -0.025119105460133996 -0.0040860800430387459 -0.012863995900784088 0.042302495781767417 -0.0042102656452137231 0.0014692021037671413
leaf_weight=193.65803041895197 15.455667952497604 25.881233641004656 55.498622425686335 119.32787015278882 24.406262783377315 54.690417257341323 38.576766887345002 38.961984553083312 22.867512479788275 90.659243592603161 51.565751163929235 674.76267507173907 1290.470439115903 200.09976094516969 14.804473793261421 771.51105913075662 2577.5372529184679 23.557004726098967 3.4762671258504261 10.492196357365172 18.02415786441998 126.45618831359752 63.7547411448395 53.926040993810602 646.48904150077215 5.4558040515112252 3.1739893732301487 4.5522486439876984 8.6475118900743855 8.3575730396441923 30.699773810920306 5.553540656364933 10.057033361023057 265.47628008788888 160.21456188529555 1.5364262729126483 3.1907356321098623 4.2235482344985931 122.71160480186154 3.3795683707721826 12.727848383176022 17.755351166168108 23.350441975999274 19.928479551486816 8.9119118144590157 367.94674933770148 46.389973949466366 1.1948484838649154 184.72046002506613 6.4257802161300779 101.07285888648403 69.238684954118071 51.800483195813285 12.08002963824765 79.570250366501568 43.519628297697636 11.188693190331831 6.6246897312303252 9.8251835378905508 11.104521907334854 2.348381552281352 97.230073340248055
leaf_count=9438 675 1368 4371 5781 1712 2606 2115 2691 1043 9511 6975 68306 150350 26497 1818 57441 288980 805 262 593 929 16236 3026 4289 33099 250 44 304 495 687 978 330 598 12101 8293 64 199 50 7825 168 137 748 372 1270 534 22267 2684 66 19908 275 6406 4573 3463 500 3153 2339 415 419 670 694 145 4812
internal_value=0.000141206 0.00391194 0.000209653 0.00376357 0.00696285 0.010879 0.0143567 -0.00464256 0.0212241 -3.08754e-05 0.00651181 -0.000147173 -0.000409827 -0.00247791 7.51008e-05 0.000270937 -0.000237045 0.00130343 -0.00158849 0.0204489 0.0147968 -0.0017491 0.000948624 0.00171284 0.00333884 0.0128516 -0.000764521 -0.00154965 0.00481184 0.0208818 0.022235 0.02891 0.0387767 0.0022984 0.000595621 0.00743377 0.0497755 0.0153199 5.45951e-05 0.0348931 -0.00131058 0.0423653 0.0223458 0.0157341 -0.00367231 -0.00214958 0.00276847 0.0595038 -0.00567537 -0.0133229 0.00210463 0.00721468 0.0112538 0.00176055 0.00450557 -0.00422328 -0.0155049 -0.00367811 0.00965861 0.0220445 0.0338875 -0.00527364
internal_weight=9029.1 395.666 264.076 208.577 182.696 131.59 116.135 63.3682 77.5579 8633.43 142.225 8491.2 7816.44 1490.57 6325.87 6126.35 5086.33 2368.37 2717.96 13.9685 53.6612 2703.99 2314.71 1993.92 1208.85 111.217 785.071 754.323 184.194 37.0012 57.2905 28.6437 19.9962 1097.63 832.157 172.94 14.4426 30.748 147.192 26.5907 659.217 21.1349 26.5244 24.4807 570.129 499.949 1040.01 11.2519 199.525 70.1805 993.623 222.112 152.873 30.1042 132.002 52.4315 12.7251 320.791 29.9028 20.0776 13.4529 290.888
internal_count=809153 22362 15923 11552 10184 6439 5764 4403 3649 786791 16486 770305 701999 176847 525152 503426 428859 122788 306071 855 2234 305216 120554 104376 60542 6433 43834 43368 11774 2375 2144 1688 1193 54109 42008 8772 863 466 9399 1166 33236 916 416 1574 31594 28293 74567 664 21726 3301 71883 14442 9869 1429 6026 2873 479 16178 1928 1258 839 14250
is_linear=0
shrinkage=0.05


Tree=108
num_leaves=63
num_cat=0
split_feature=87 106 6 65 71 23 69 19 63 16 13 144 144 69 6 6 11 13 20 141 68 130 130 142 142 95 11 139 141 76 142 55 144 7 172 79 94 68 19 7 141 131 144 8 144 69 76 159 23 23 142 63 132 36 36 25 25 37 6 85 65 94
split_gain=2.38487 3.72483 2.30748 4.56187 3.95196 2.93814 2.82737 5.27555 2.3829 2.28546 2.39521 3.50476 3.2158 2.90286 2.67209 2.81101 2.36966 2.43613 2.4191 2.24857 2.44078 2.97868 2.98216 4.25949 2.42442 5.05734 3.54455 3.65009 3.58981 3.00563 3.00061 4.15622 4.81564 5.95051 4.05325 8.29197 3.79832 3.54273 3.98923 3.46538 3.50863 3.39817 3.60427 3.49601 3.38 3.28151 3.18965 3.13716 3.03594 2.96207 2.83217 2.79739 2.96812 3.35525 3.98334 3.06524 2.90835 2.74408 4.14741 2.7397 2.78085 4.13454
threshold=3.5000000000000004 0.94519516825675975 26.934141159057621 0.57151198387146007 0.6078576147556306 0.46391512453556066 1.5921454429626467 0.89898166060447704 -0.85644841194152821 12.224143981933596 0.79282650351524364 0.32764843106269842 0.16140455007553103 5.9073312282562265 1.7730439305305483 7.0138761997222909 0.50000306963920604 0.2706133127212525 4.0946347713470468 0.096493825316429152 -0.94786915183067311 765.50000000000011 716.50000000000011 1.2014785408973696 0.17264039069414142 0.69716906547546398 0.013884340878576042 0.17625261098146441 0.12214532867074014 99214.230468750015 2.4319787025451665 4.5000000000000009 0.80597889423370372 0.85862630605697643 1.0000000180025095e-35 1.3761734366416933 17015.500000000004 -0.8296525478363036 0.39529410004615789 0.96464940905570995 0.12217694520950319 1117.5000000000002 0.86359488964080822 3.7565331459045415 0.7152407467365266 1.6853836178779604 4454.6179199218759 22.830001831054691 0.20050360262393954 0.77013528347015392 0.16123493015766147 -0.40019331872463221 151.50000000000003 11.869565010070803 25.5494499206543 0.70087653398513805 0.36072270572185522 0.37318904697895056 0.27008822560310369 11.500000000000002 -0.65557983517646778 57.500000000000007
decision_type=2 2 2 2 2 2 2 2 2 2 2 2 2 2 2 2 2 2 2 2 2 2 2 2 2 2 2 2 2 2 2 2 2 2 2 2 2 2 2 2 2 2 2 2 2 2 2 2 2 2 2 2 2 2 2 2 2 2 2 2 2 2
left_child=2 9 19 4 -4 -6 7 -7 -5 10 14 12 -12 -14 16 -16 -2 -18 -19 -1 -21 22 24 -24 25 50 -27 -28 -29 -30 -26 32 34 37 45 -36 39 38 -34 40 -35 43 -43 59 -37 46 -32 51 -49 -50 -22 -33 -53 57 55 56 -55 58 -54 60 61 -39
right_child=1 -3 3 8 5 6 -8 -9 -10 -11 11 -13 13 -15 15 -17 17 18 -20 20 21 -23 23 -25 30 26 27 28 29 -31 31 47 33 36 35 44 -38 41 -40 -41 -42 42 -44 -45 -46 -47 -48 48 49 -51 -52 52 53 54 -56 -57 -58 -59 -60 -61 -62 -63
leaf_value=-0.0085026929495197242 0.0017155720915777912 -0.0086396169408291656 -0.0070007086804957028 0.0040701768171540432 -0.013950941809071483 -0.015216685877151893 0.023816820341564959 0.028504289411080602 -0.021666299248859103 -0.0072254004238663421 -0.0029614478279381623 -0.0050590146214463394 0.044412205785794433 -0.0040053330568277047 -0.0061862173904402989 0.018728990458262307 -0.0061244535390910845 0.036192535493941878 -0.0019148003567190895 -0.0023718292897342307 0.001203804052612351 -0.0020060668349220433 0 0.022860743101119203 -0.00068060780391178291 -0.0043311775909625717 -0.0039245839792749542 -0.0039245839792749542 0.035168243373734941 -0.0039245839792749542 0.0046827018761690592 -0.004730613400390834 -0.00079364772621189203 -0.0030871378427842107 0 0.0078981100071612714 -0.0051226741736492961 -0.0024035676024478664 0.020358063650598529 0 0.040287341388972456 -0.0085026929495197242 0.029350407452253004 -0.0085026929495197242 0.045302859994228464 0.00012309465771981782 0.02855899362445391 -0.005819051062369459 0.032700797807253774 0 0.013310816369437191 -0.0039853289364304286 -0.003779834964008431 -0.00068569736514704767 0 0.00032658509649346595 0.049913373007888694 -0.0015599856375898037 0.01533550081188656 -0.0048893752706915851 0.00041017189768773705 0.019400288022111425
leaf_weight=72.532449965787237 12.858674129405697 32.646303849407559 87.816307780751231 7.3796650688236687 6.1556339455491971 14.927820779172182 26.037812705038959 5.553456554785952 44.174849006769364 14.909877992118707 7.0608501017995868 42.677777996908844 6.6164676334337837 1.9771293856756527 22.049850473034894 13.903438831035599 1.7927597251255054 30.431972609563672 2.7854330945774555 920.91365789858537 929.83825127583259 1135.9308247315785 41.003348279686179 31.828607468065456 3436.1319182033803 13.416450116419581 8.701936381745325 3.4889074326711116 36.229351287984173 2.9988947596430071 43.891827743314934 351.06646937063852 37.91057305331924 3.5654799879193915 30.17107490109629 13.179404155533119 9.3275269604491751 32.35595087179172 41.575660054542823 8.0577575834540749 22.075736915612652 4.7900865618285051 13.638014327614654 69.320974246620608 23.002456715308654 113.4444502455226 20.530378473897144 10.305607288071768 14.880196341939156 8.3310376369190617 46.771693387607229 189.28141892053827 41.067405118858005 2.1667445895582231 18.898979451518244 7.8077406335651167 9.9006865650517266 206.03374057336623 67.40550685731796 171.78922833036995 340.81264103279318 47.315993904594507
leaf_count=8291 699 3153 4432 378 341 634 1156 282 2069 963 656 2960 510 144 1119 615 70 1813 154 82725 108881 64325 2433 1653 344271 426 732 180 1697 105 5218 40982 2043 142 1945 818 511 3895 2060 357 920 299 619 2580 1035 11922 2122 239 457 294 4223 33714 3127 119 873 440 483 16357 5102 8776 17734 1943
internal_value=-2.56098e-05 0.00544474 -0.000148764 -0.00549952 -0.000471549 0.00964328 0.0143016 0 -0.0175061 0.00870271 0.010732 0.00214815 0.0194752 0.0340577 0.0159668 0.00394855 0.0232935 0.0293891 0.0325105 -2.40239e-05 4.96402e-05 0.000345368 0.000759822 0.0105107 0.000637816 0.00284277 0.015899 0.0215367 0.0271151 0.0314103 0.000206507 0.00176123 0.00391633 0.00197811 0.0100178 0.0203073 0.0190739 0.000858515 0.010524 0.0262138 0.0339205 -0.000303335 0.018362 -0.000994575 0.0348982 0.00559231 0.0141607 -0.000653029 0.0132694 0.02216 0.00187395 -0.00127396 0.000939798 0.00366716 0.0167184 0.0298696 0.0418241 0.00174343 0.00803053 0.00029737 0.00250773 0.0106311
internal_weight=9035.44 189.711 8845.73 192.046 140.491 52.6747 46.5191 20.4813 51.5545 157.064 142.154 58.3322 15.6544 8.5936 83.8221 35.9533 47.8688 35.0102 33.2174 8653.69 8581.15 7660.24 6524.31 72.832 6451.48 1041.45 64.8355 51.4191 42.7172 39.2282 5410.03 1973.9 1046.76 802.536 244.22 66.3529 43.0265 759.509 79.4862 33.699 25.6412 680.023 18.4281 661.595 36.1819 177.867 64.4222 927.146 33.5168 23.2112 976.61 893.629 542.562 353.281 38.7742 19.8752 12.0674 314.507 108.473 592.274 420.485 79.6719
internal_count=809216 12856 796360 9292 6845 2413 2072 916 2447 9703 8740 4270 1310 654 4470 1734 2736 2037 1967 787068 778777 696052 631727 4086 627641 116244 3140 2714 1982 1802 511397 167126 64939 41879 23060 3798 1930 39949 4103 1419 1062 35846 918 34928 1853 19262 7340 102187 990 751 113104 101197 60215 26501 1915 1042 602 24586 8229 32348 23572 5838
is_linear=0
shrinkage=0.05


Tree=109
num_leaves=63
num_cat=0
split_feature=143 41 24 7 11 3 37 10 67 71 139 86 133 147 142 67 173 135 110 189 20 142 97 22 75 64 29 143 69 7 10 69 186 134 27 163 64 94 71 5 142 29 79 27 75 22 29 187 159 78 85 25 11 11 22 94 0 97 159 134 24 66
split_gain=2.47329 4.74021 5.8704 5.19839 3.66763 4.0026 3.57167 3.54533 3.44646 3.27842 3.25576 5.06082 3.49599 3.15407 4.5824 3.19245 3.45398 3.09704 3.07901 4.56663 3.33903 3.60918 5.41335 3.38377 3.27116 3.07734 4.93891 4.16203 3.03373 2.91152 3.07111 2.90462 2.80043 2.78661 2.7645 5.38375 2.58088 2.53771 2.46211 2.45808 2.44086 2.4081 2.36186 2.6557 2.35956 3.15618 2.35751 2.29608 2.33586 2.21592 2.18017 2.30443 2.55545 3.01661 2.46692 2.46349 2.59492 2.65656 2.65229 3.88172 3.73395 4.19703
threshold=-0.65380313992500294 0.27854925394058233 2.4509048461914067 0.55124294757843029 0.71731024980545055 0.87225034832954418 0.37310366332530981 1.7532843351364138 0.89390474557876598 0.6078576147556306 0.15667280554771426 3.5000000000000004 495.50000000000006 0.87106668949127208 0.24626495689153674 0.96098145842552196 1.0000000180025095e-35 263.50000000000006 3.5000000000000004 1.0000000180025095e-35 3.1066021919250493 0.58205801248550426 1.2900000214576723 24.750762939453129 0.63333335518836986 0.97054296731948864 0.40906107425689703 -0.52562159299850453 0.0499960444867611 0.46890544891357427 0.17347512394189837 8.1914253234863299 2.5000000000000004 1395.5000000000002 0.61515945196151745 1.5000000000000002 -0.94543626904487599 1.0000000180025095e-35 -0.60785761475563038 0.57702431082725536 0.32484462857246404 0.51088503003120433 -1.2211604714393614 0.28380733728408819 0.63333335518836986 2.7765274047851567 0.65299561619758617 4.5000000000000009 10.469789505004885 0.071295313537120833 42.500000000000007 0.9160941243171693 0.92750990390777599 0.51034396886825573 0.93365877866745006 1.5000000000000002 100.23255920410158 499.50000000000006 6.0866949558258066 950.50000000000011 0.80400484800338756 -0.70489090681076039
decision_type=2 2 2 2 2 2 2 2 2 2 2 2 2 2 2 2 2 2 2 2 2 2 2 2 2 2 2 2 2 2 2 2 2 2 2 2 2 2 2 2 2 2 2 2 2 2 2 2 2 2 2 2 2 2 2 2 2 2 2 2 2 2
left_child=1 2 7 -4 5 36 -6 10 47 -7 -1 12 -12 14 15 16 28 -11 19 37 21 22 33 25 50 26 27 -22 -8 30 32 46 -26 44 35 -29 -3 -2 -36 -5 -15 -42 43 -19 45 -21 -32 48 -9 -23 51 55 53 -53 -54 56 58 -58 -20 60 -60 -62
right_child=18 4 3 39 6 9 13 8 -10 17 11 -13 -14 40 -16 -17 -18 42 24 20 23 49 -24 -25 29 -27 -28 34 -30 -31 31 -33 -34 -35 38 -37 -38 -39 -40 -41 41 -43 -44 -45 -46 -47 -48 -49 -50 -51 -52 52 54 -55 -56 -57 57 -59 59 -61 61 -63
leaf_value=0.0013303564962601812 -0.010356567994952199 0.0075287979011958821 -0.015424869055612078 0.028233228586542813 -0.013282652473286072 -0.014512388606817328 -0.0043168654766120923 0.05673016199975936 -0.0058705041431540263 -0.0057400519245279771 0.032673798829357927 0.0013303564962601812 0.0013303564962601812 -0.0029249675850959922 -0.00029578765381469677 -0.0063845364819117498 -0.0023325895586036273 -0.0050706717120960745 -0.006561066054632721 0.040540097511131662 0 0 0 0 0.0051768723357760327 0 0 0.049805841245187304 0.049853307207367872 0 0.019546295218173783 -0.0034794778546414526 -0.013836289017822379 0 0.027988464270851561 0 0.00010634514829272266 0 0 -0.0012589938173313442 0.038277808577773312 -0.0063485250791814069 -0.0063673886082148499 0.044323622715825739 0 0 -0.00099596204210845559 0 0 0.014302748314902547 -0.0086844943787470676 -0.0028524967831757026 -0.013137089620666731 0.011391401457919625 0.005438046618568575 -0.00066764588658652329 0.017847392985629488 -0.012452594507074071 -0.019835378848809426 0.0060353779290486312 0.011405043756170128 -0.0060532518385893958
leaf_weight=65.348731987542124 54.149434941944492 128.8715352111285 35.810718972414179 8.350767473784801 8.5002107215732376 73.606706244379893 1.1278703694697565 8.7961882391537092 2.3252379104487764 21.738886956285572 36.49637206956686 25.954781225118495 11.660165306733687 31.576491650354001 11.539910203791804 1.8870718195030338 2.739919270752579 1.3300042537593979 476.06231492330699 23.560435500185132 6.0162794622883657 233.69448555960844 18.933618848386686 13.64973962123622 82.624166260749917 8.9374544838501588 22.723085648831329 26.368199125950923 18.902932190572756 324.71975693074637 80.365880134017061 18.121283677115571 19.673908692777331 3.6471321202698155 6.0115791468851993 6.4505065978300982 997.92619370835746 875.13041272903502 11.515814064972799 10.993522774868323 3.0811362043023101 1.5843438922056519 2.0077992762126069 4.9119383450197347 2.8811140661418895 2.8480064333416513 13.418460131753816 3.6698529157692965 1.666356413043103 22.985444324673153 88.052189385740348 47.382031638331682 32.223046746890759 117.23753596188544 28.09091900810381 4486.2120163332838 21.532522518202317 4.9394808675569939 30.271995999108185 126.01134507168899 40.185547310407856 135.45880581425445
leaf_count=6823 5630 13817 4295 441 839 4608 58 513 168 1303 1099 1520 400 2760 599 121 136 96 48148 1158 286 11237 1509 456 5714 444 1071 984 1115 33980 5534 1264 1227 176 218 239 105862 117139 396 659 207 117 92 341 153 157 1183 324 68 1063 10487 11724 3027 11048 2575 363847 1151 344 1537 6633 2209 7094
internal_value=0.000145247 0.00198113 0.00885621 -0.0045333 0.000826084 0.000107584 0.0108156 0.0137417 0.0337605 -0.00903943 0.0101195 0.0169796 0.0258539 0.0146412 0.0242312 0.0346675 0.0395068 0.00383358 -0.000224559 0.00193909 0.00629843 0.00348677 0.0149142 0.0140333 -0.000699325 0.0177981 0.0210223 0.0284044 0.0455514 0.00299282 0.0074452 0.0130002 0.000812911 0.0262713 0.0329015 0.0412508 0.00100685 0 0.0104726 0.0136295 0.00268033 0.0250921 0.023594 0.0340009 0.0310927 0.0352598 0.0164524 0.0414179 0.0499381 0.000841121 -0.00105929 -0.000926005 0.00395325 0.007181 -0.00434903 -0.00114049 -0.00363368 0.0103191 -0.00418222 -0.000649456 -0.0049049 -0.00171547
internal_weight=9034.49 1522.41 211.073 55.155 1311.33 1230.39 80.9399 155.918 16.4576 103.595 139.46 74.1113 48.1565 72.4397 36.1977 24.6578 22.7707 29.9886 7512.09 1339.5 410.223 308.55 51.8703 101.673 6172.58 88.0229 79.0855 56.3624 20.0308 538.923 214.204 111.906 102.298 32.9367 50.3461 32.8187 1126.8 929.28 17.5274 19.3443 36.242 4.66548 8.24974 6.24194 29.2896 26.4084 93.7843 14.1324 10.4625 256.68 5633.66 5545.61 224.934 164.62 60.314 5320.67 834.462 26.472 807.99 331.928 205.916 175.644
internal_count=809423 148381 16310 5395 132071 126119 5952 10915 1073 6440 9842 3019 1499 5113 2029 1430 1309 1832 661042 142316 19547 15453 3153 4094 518726 3638 3194 2123 1173 48902 14922 7981 6941 1644 1837 1223 119679 122769 614 1100 3084 324 529 437 1468 1315 6717 905 581 12300 469824 459337 28374 22772 5602 430963 67116 1495 65621 17473 10840 9303
is_linear=0
shrinkage=0.05


Tree=110
num_leaves=63
num_cat=0
split_feature=144 172 135 5 72 144 25 6 9 143 8 64 65 9 5 9 71 63 65 152 41 94 149 140 51 6 144 144 16 5 71 21 86 67 94 187 25 24 149 175 33 144 177 31 37 110 67 86 41 65 63 67 95 78 25 24 6 64 68 112 68 2
split_gain=2.58639 5.07229 5.28871 4.16864 3.40717 3.09255 5.31635 3.29054 2.85026 3.23709 2.80169 4.76245 4.7478 3.09322 4.54101 2.56088 2.55346 2.49525 2.43028 2.88792 4.13722 4.25096 4.74234 3.4287 3.41514 4.89811 3.15441 5.01327 3.10904 3.05195 3.88073 3.0344 3.0099 2.82865 2.63089 2.6097 2.66955 2.59593 3.94899 2.82332 3.86578 3.15841 3.1856 2.61136 3.43727 2.47492 2.45629 2.68291 2.6197 3.19259 2.44795 3.01183 2.45651 2.45059 2.35716 3.30522 2.66241 2.33365 2.30907 2.2899 2.28527 2.28488
threshold=0.17632728815078738 1.0000000180025095e-35 2.0349999666213994 0.34128294885158544 -0.56174489110708226 0.18388988822698596 0.27613225579261785 2.7069052457809453 0.039093293249607093 -0.36944922804832453 4.0508365631103525 0.37246803939342504 0.3465999066829682 0.65559661388397228 0.43376728892326361 0.10419264435768129 -1.0000000180025095e-35 0.66753315925598156 -0.99632379412651051 0.87019222974777233 0.85584616661071788 2085.5000000000005 -1.0000000180025095e-35 0.13653382658958438 2.5000000000000004 4.0049524307250985 0.28847827017307287 0.51247820258140575 38.096303939819343 0.76758572459220897 0.6078576147556306 0.89065867662429821 6.5000000000000009 0.95469075441360485 6187.0000000000009 4.5000000000000009 0.96534809470176708 3.9306722879409794 -1.0000000180025095e-35 1.0000000180025095e-35 0.44415183365345007 0.79206860065460216 1.0000000180025095e-35 0.24205282330513003 0.99323216080665599 3.5000000000000004 -0.64195558428764332 11.500000000000002 0.27817371487617498 0.92706614732742321 0.75043761730194103 0.84518781304359447 0.58337935805320751 0.060104360803961761 0.38637569546699529 4.0360376834869394 5.2402780055999765 0.96377700567245495 -0.94422906637191761 0.9046631157398225 0.94836613535881054 99.454746246337905
decision_type=2 2 2 2 2 2 2 2 2 2 2 2 2 2 2 2 2 2 2 2 2 2 2 2 2 2 2 2 2 2 2 2 2 2 2 2 2 2 2 2 2 2 2 2 2 2 2 2 2 2 2 2 2 2 2 2 2 2 2 2 2 2
left_child=1 2 3 8 -5 6 -2 -8 -1 -10 -4 13 61 14 15 -12 -3 -18 54 23 21 29 -23 45 -25 60 32 -28 37 33 -31 -32 34 -21 -24 36 -33 -22 39 40 41 -39 -43 -42 59 58 -29 48 49 -48 51 53 -52 -47 -7 56 -56 -50 -20 -45 -26 -13
right_child=5 16 10 4 -6 18 7 -9 9 -11 11 12 -14 -15 -16 -17 17 -19 19 20 28 22 26 24 25 -27 27 46 -30 30 31 35 -34 -35 -36 -37 -38 38 -40 -41 43 42 -44 44 -46 50 47 -49 57 -51 52 -53 -54 -55 55 -57 -58 -59 -60 -61 -62 -63
leaf_value=-0.0031841298428338521 -0.023024755649535617 0.0026109587652268806 -0.0012205970722897373 0.013521207014235599 -0.00086718047984191539 -0.014261564511385973 0.0042394630483319094 -0.01730378305422195 0.028204261077374185 -0.0050451208435102687 -0.007392791334308319 0.03640347296567803 -0.0042229096506131497 0.022324680738554287 -0.017079679734845827 0.019757710946544979 0.028751896386641624 0.0023820579839737618 -0.010754568173481761 -0.00073158456868915476 0.0049474762792768674 -0.0023426848537099658 0 0.00035153489392468788 0.00035153489392468788 0.031728659737746551 -0.0073401724232292189 -0.0087626770320152741 -0.0056783486170073538 0.00035526507516984296 0.018287066631156503 -0.00080528702139799581 -0.00066053188191662925 -0.0083741670815615475 0.048276754124327768 -0.015729651467621158 0.02850710310606391 -0.00035935207795994694 -0.0057551539985562505 -0.0062703114579926549 0 0.034373314363664108 -0.0053218975196760859 0.052511462143549043 -0.0014017075711466966 0.00035153489392468788 0.015120421478362039 -0.0063707635681004987 0.023371833084130104 -0.012601762497397327 -0.0093511470348507531 -0.0055070791899446414 0.00033532657301819848 -0.0077510394922045787 -0.001481476515051266 0.020340244970256743 -0.02111811094234757 -0.00030238969914961875 0.00035153489392468788 0 0.021762107431406125 -0.0023855524014984586
leaf_weight=8.682613246040999 34.31919727416971 35.88682988214714 787.16697327605289 55.875548687330593 116.61738521566076 47.931873893947341 70.411064159907255 18.052539998883731 43.310091563675087 5.5738554553645363 9.7985849807591894 21.425176449960421 10.079966750341553 7.1080050619129898 31.431469076105714 15.569946045270624 30.944002780277515 16.167505860124948 47.592305065536493 1045.5207099793151 354.38417287757693 100.97053909124588 2.9005758935963994 2963.9056377283268 84.476559037746483 15.259668529015469 36.384267409881431 8.107684843860623 47.087012174597476 285.63595216954127 60.402135352542246 19.612239432670325 4.6097477217699625 133.92992381453951 9.1676995981106284 11.483909248923736 6.2023798122681901 26.821446835179813 15.527367785703971 6.2790512077699523 4.8468784757460552 12.374712156459283 4.0477282765314149 17.459094871090208 2.5841129959917444 841.72943344442319 18.115652981803581 10.228921306377741 77.554899062299228 13.442181975748097 236.02945370661109 395.93799539549946 82.67468281287438 94.576589817344939 153.75323020391443 10.070001821368349 15.235073651117998 9.4011726576609345 363.14147730318655 1.3497669704265707 10.171867986478899 2.3750205534961415
leaf_count=150 2669 1817 101248 5209 12121 4486 6413 1162 1757 277 361 1173 514 529 2018 865 1361 822 3426 111547 39279 7310 148 274950 5200 695 2971 432 4631 21982 4469 1442 425 13680 467 986 497 4305 1132 831 318 782 620 1281 176 56608 837 781 3571 571 16856 26456 4621 6401 14284 970 872 416 26019 96 627 142
internal_value=0.000341627 0.0025002 0.00155546 0.00822466 0.00390239 6.85605e-06 -0.00770455 -0.000579838 0.0194295 0.0238328 -0.000186685 0.00754732 0.0213655 -0.000434177 -0.00526255 0.00895704 0.0140984 0.021279 0.000137834 0.000297067 0.0017502 0.000646334 0.00614695 -0.00036307 0.000688805 0.00915538 0.0107332 0.0080039 0.00580429 -0.000377896 0.00344935 0.011794 0.0295444 -0.00165222 0.0393602 0 0.008909 0.00712249 0.0146108 0.0191922 0.0220953 0.0101078 0.0244638 0.0362709 0.0424797 -0.0019413 0.0123746 0.0141705 0.0163319 0.00251969 -0.00285914 -0.00187706 -0.00679479 -0.000294374 -0.00489624 -0.00193411 -0.00395151 0.0206632 0.000351535 0.0485869 0.00385571 0.0319225
internal_weight=9029.71 1198.01 1115.01 230.059 172.493 7831.7 122.783 88.4636 57.5666 48.8839 884.955 97.7882 33.8802 63.908 56.8 25.3685 82.9983 47.1115 7708.92 7481.93 2346.43 1853.67 290.883 5135.5 3073.81 109.908 189.913 173.235 492.761 1562.79 383.337 97.7007 16.678 1179.45 12.0683 37.2985 25.8146 445.674 91.2902 75.7628 69.4837 43.2439 16.4224 26.2399 21.393 2061.68 136.851 128.743 118.514 31.5578 1650.95 1332.24 318.704 936.306 226.99 179.058 168.988 86.9561 410.734 18.8089 94.6484 23.8002
internal_count=809062 130364 126364 19514 17330 678698 10244 7575 2184 2034 106850 5602 1829 3773 3244 1226 4000 2183 668454 647842 225983 172532 17929 421859 281472 6522 10619 9579 53451 154603 29376 7394 1040 125227 615 2925 1939 48820 9541 8409 7578 5707 1402 1871 1553 140387 6608 6176 5395 1408 110942 89465 21477 63009 20612 16126 15156 3987 29445 1377 5827 1315
is_linear=0
shrinkage=0.05


Tree=111
num_leaves=63
num_cat=0
split_feature=144 177 109 170 94 144 11 94 94 64 68 9 63 64 144 85 142 72 134 142 68 5 150 94 78 87 150 95 85 85 133 63 73 68 29 66 179 144 144 149 86 9 76 77 150 78 15 85 142 142 45 96 68 118 37 140 134 63 101 135 144 13
split_gain=2.56011 7.6468 6.60651 4.29207 3.78225 3.5558 4.71662 3.8696 6.83002 3.56877 3.29826 4.20409 4.11963 4.15003 3.7333 3.4751 3.92485 3.46369 3.63385 3.361 3.2986 3.20298 3.60296 3.47161 3.62909 3.36446 3.262 4.40788 3.14705 3.05579 2.93474 2.89147 2.88512 2.93969 2.86783 4.00264 3.27578 3.53183 6.37337 4.29095 5.14862 4.5586 2.97797 3.99862 3.35231 2.8595 2.94692 3.97175 3.23831 3.10352 2.81505 2.72703 2.87607 2.71189 2.69404 2.68022 5.30157 4.53252 2.68014 2.6794 2.6787 3.25147
threshold=0.23968885838985446 1.0000000180025095e-35 0.48371113836765295 1.0000000180025095e-35 24033.500000000004 0.58386132121086132 0.40545281767845159 10483.500000000002 7283.5000000000009 0.98992928862571727 0.5134047567844392 0.11403796076774599 0.59605577588081371 -0.94543626904487599 0.7724285125732423 13.500000000000002 7.1372411251068124 0.81174489855766307 963.50000000000011 0.8263080120086671 -0.53899195790290821 0.34279492497444158 2.5000000000000004 16382.500000000002 0.013931775931268932 2.5000000000000004 1.0000000180025095e-35 0.0994129814207554 25.500000000000004 15.500000000000002 401.50000000000006 0.91745573282241832 1.0000000180025095e-35 -0.79587584733963002 0.3095229864120484 -0.86618727445602406 1.0000000180025095e-35 0.17632728815078738 0.18388988822698596 -1.0000000180025095e-35 5.5000000000000009 0.3196172714233399 227807.45312500003 10.279129505157472 2.5000000000000004 -1.0000000180025095e-35 0.050709847360849387 3.5000000000000004 0.19472940266132358 0.48751810193061834 0.70671626925468456 0.16904762387275699 -0.7888703942298888 1.0000000180025095e-35 0.9976794719696046 0.14229519665241244 869.50000000000011 -0.35247367620468134 68891.875000000015 51.500000000000007 0.85004538297653209 0.10777027904987337
decision_type=2 2 2 2 2 2 2 2 2 2 2 2 2 2 2 2 2 2 2 2 2 2 2 2 2 2 2 2 2 2 2 2 2 2 2 2 2 2 2 2 2 2 2 2 2 2 2 2 2 2 2 2 2 2 2 2 2 2 2 2 2 2
left_child=1 3 -3 34 5 6 9 8 -7 51 12 14 13 -9 -12 16 60 18 -18 -17 32 22 23 24 26 -23 -5 -28 -21 -10 -30 -29 33 -14 35 53 37 42 58 -40 41 -41 43 50 -45 -36 47 48 -47 -50 -37 55 -53 -1 -48 -2 57 -57 -39 -52 61 -15
right_child=4 2 -4 21 -6 7 -8 10 29 -11 11 -13 20 15 -16 19 17 -19 -20 28 -22 25 -24 -25 -26 -27 27 31 30 -31 -32 -33 -34 -35 45 36 -38 38 39 40 -42 -43 -44 44 -46 46 54 -49 49 -51 59 52 -54 -55 -56 56 -58 -59 -60 -61 -62 -63
leaf_value=-0.012049532867217739 -0.0064114608739502159 0.054813555409736238 0 -0.0017317351056975819 -0.0068276502976570676 0.00070872015398502843 0.00017689515280535243 -0.0015278108791284752 -0.013791557424804547 0.009134497285121581 0.024052866486078142 -0.0066293733022906491 0.00099485262683171507 -0.006150156631690492 0 0.032647777059934026 0.037072095602363207 -0.0013178589862801668 0.0033255057548544488 -0.0057055051241278057 -0.010278616704824535 -0.0018186331402173493 -0.0025224747522033216 -0.00050663319703942626 -0.0049957648365086165 0.02593502825208472 -0.0037109350637215075 0.041321252801589041 0.032635483392688583 0.0054297886814220035 -0.0045196313765112888 0 -0.010641870361433469 0.019673647619220802 -0.019489276844620183 0.0040871762284295258 -0.013715233390074584 -0.019165933671855876 -0.00098839785424365847 0.038012573235373215 -0.0025381060685963001 -0.0062047675548920446 -0.0032745073160456526 0.025472141851795166 -0.0023974614358937118 -0.017361884784825463 -0.0010022116410710975 0.028015521202621359 0.032953643351103561 -0.01038530155831901 -0.0058932289896454701 -0.011641411622114912 0.012169435805497134 0.018015417178220888 0.028366871451238337 -0.0024391178831529772 -0.0064114608739502159 0.022458199570193758 0.016664731647901485 0.037544053224447364 -0.00046375310533923936 0.017500613491202383
leaf_weight=49.606479467474855 801.78200697782086 7.6481379944889332 8.2156503570586192 5.7186800695490083 202.46952241092367 3380.8804252989867 1785.7839363229577 64.59130611737055 113.31531272083885 43.027664026929415 19.977687177080952 123.55858926420115 58.103506168572494 12.878294713082139 46.195863066073798 3.3604006194254898 40.498522482048429 7.954301945246697 13.008586134055802 62.03535166551228 49.963794793093257 81.807300245185615 19.571248666004976 14.445139604125869 6.194718483980977 7.3795595608098656 5.1783714547782429 38.713078106273315 7.0368481776786194 20.164549683882797 5.8035483253697748 3.3942399780789847 19.175232038189279 31.693433187036135 14.787496302655198 133.73901792383185 15.419883203478092 37.774821312865242 68.553604444830853 22.40798847589031 16.532638565251546 4.6411570734271654 30.612397910608706 64.830746336599987 9.9108256810177391 11.047177059488606 1093.7948466231792 16.168634074492729 4.453570707832113 2.9352640442375559 2.0141852652486687 12.160616974633738 40.564051532521262 3.5802233643335049 2.8217774373515558 29.589510951176635 50.718743836987414 34.164306628954364 1.3335166698088858 7.7461110418698809 39.539076990360627 88.952481915501266
leaf_count=5835 58516 116 1738 87 16814 290261 202349 3475 4983 2939 1156 6962 2925 495 1780 307 1003 234 428 4040 2543 3310 591 495 165 249 136 794 565 1563 443 70 991 1604 646 11934 2771 2708 6583 1121 1508 299 5479 4666 579 498 128700 841 226 164 228 967 3200 202 343 1748 2977 1923 287 812 1928 5407
internal_value=0.000245495 0.00192343 0.0320904 0.00155496 -0.000174063 1.93755e-05 -0.00135711 0.000940871 0.000257015 -0.00407614 0.0043399 -0.00114904 0.00644388 0.00947164 0.00847937 0.0120693 0.0154845 0.0260232 0.0302803 0.00251667 -7.65488e-05 0.00873033 0.0149965 0.0198345 0.0248403 0.00146723 0.0288883 0.0328811 -0.000481626 -0.0106161 0.0178808 0.0378281 0.00462747 0.00854112 0.00070453 0.0039847 0.00568579 0.00665528 0.000418587 0.00665618 0.0180598 0.0298612 0.0102643 0.0123062 0.0215445 -0.00062678 -0.000273525 0.0130934 -0.0021117 0.0164761 0.00676269 -0.00473231 0.00571186 -0.00822192 -0.000775538 -0.00538818 0.0015381 0.0112022 -0.0156268 0.0279266 0.00999944 0.0141277
internal_weight=9021.93 1812.98 15.8638 1797.11 7208.95 7006.48 2797.79 4208.69 3514.36 1012.01 694.327 189.732 504.595 345.659 66.1736 281.067 202.831 61.4614 53.5071 78.2361 158.936 182.402 93.2155 73.6442 59.1991 89.1869 53.0044 47.2857 74.8757 133.48 12.8404 42.1073 108.972 89.7969 1614.71 468.704 415.517 400.097 151.244 112.135 43.5818 27.0491 248.853 218.241 74.7416 1146.01 1131.22 34.6046 18.436 7.38883 143.499 968.979 52.7247 53.1867 1096.62 916.255 114.473 63.7538 39.1083 9.7603 141.37 101.831
internal_count=808707 184181 1854 182327 624526 607712 274619 333093 296807 72270 36286 9898 26388 18325 2936 14850 9495 1665 1431 5355 8063 5897 2338 1747 1252 3559 1087 1000 5048 6546 1008 864 5520 4529 176430 45012 38975 36204 12506 9511 2928 1420 23698 18219 5245 131418 130772 1729 888 390 12974 69331 4167 6037 129043 65164 6648 3671 2995 1040 7830 5902
is_linear=0
shrinkage=0.05


Tree=112
num_leaves=63
num_cat=0
split_feature=22 72 143 31 132 132 110 159 65 116 35 3 35 77 33 9 24 150 147 18 68 6 1 68 110 8 47 24 31 159 65 17 100 11 77 35 9 87 7 0 94 16 9 68 65 134 85 65 132 10 132 143 179 135 3 71 71 8 6 141 1 77
split_gain=2.4659 2.49741 3.11352 3.88058 3.47547 3.05129 6.43853 3.44469 3.23784 2.85245 2.82785 2.80678 3.95348 3.29108 2.80323 2.64997 3.50491 2.64251 3.16367 2.63915 2.66217 2.55082 3.65032 2.61835 2.71131 2.47851 2.41493 2.42782 2.24087 2.71647 2.96276 2.96626 2.78124 2.84288 2.3757 2.21753 2.21403 5.70845 4.54548 4.07847 3.65176 4.08138 3.04247 3.55506 3.44064 3.1993 3.0642 2.81006 3.43306 6.56886 3.09548 3.42314 3.2718 3.10759 2.96567 4.08399 2.81735 2.80157 2.73412 2.71175 2.70302 2.59895
threshold=0.39796876907348638 -0.56174489110708226 1.4148499369621279 0.66860297322273265 85.500000000000014 584.20001220703136 3.5000000000000004 8.6377162933349627 -0.73948088288307179 517.50000000000011 0.96646326780319225 0.89514607191085827 0.44522666931152349 9.4108471870422381 0.92872473597526561 0.74497851729393016 3.0265802145004277 1.5000000000000002 0.86424162983894359 6.0065941810607919 0.90448296070098888 1.8760264515876772 0.93897983431816112 0.94836613535881054 1.5000000000000002 0.99576079845428478 0.91318118572235119 1.236379146575928 0.23952687531709674 10.700241565704347 0.21990916132926944 0.90623107552528392 0.047962328419089324 0.26521660387516027 11.024516105651857 0.99346852302551281 0.65559661388397228 2.5000000000000004 0.58309283852577221 21.524711608886722 3422.5000000000005 25.806782722473148 0.56226006150245678 0.79662841558456432 0.97759076952934276 875.50000000000011 8.5000000000000018 -0.93252697587013234 419.50000000000006 1.5907266736030581 475.50000000000006 0.64634463191032421 1.0000000180025095e-35 316.50000000000006 0.43432371318340307 1.0000000180025095e-35 0.87837970256805431 3.4338624477386479 11.630260944366457 0.13139995187520984 0.42804323136806494 11.642501354217531
decision_type=2 2 2 2 2 2 2 2 2 2 2 2 2 2 2 2 2 2 2 2 2 2 2 2 2 2 2 2 2 2 2 2 2 2 2 2 2 2 2 2 2 2 2 2 2 2 2 2 2 2 2 2 2 2 2 2 2 2 2 2 2 2
left_child=36 2 17 4 -4 35 11 8 -8 -6 -10 12 13 -7 -12 16 26 25 21 -13 -21 -19 23 24 -23 -2 27 -9 -26 30 31 32 33 -30 -35 -3 37 42 -38 -40 41 58 43 57 47 46 -46 48 -45 -50 52 53 -49 -52 55 -55 -56 -1 -41 60 -59 -47
right_child=1 5 3 -5 9 6 7 15 10 -11 14 19 -14 -15 -16 -17 -18 18 -20 20 -22 22 -24 -25 28 -27 -28 -29 29 -31 -32 -33 -34 34 -36 -37 38 -39 39 40 -42 -43 -44 44 45 61 -48 50 49 -51 51 -53 -54 54 56 -57 -58 59 -60 -61 -62 -63
leaf_value=-6.8739711264376234e-05 0.00059935255372179144 -0.0010391074229767082 -0.00031312062368727924 0.0045269092769031783 -0.02985206943476669 0.00097969934978248715 0.0053437774408294624 0.0062710843889614357 -0.0099087339453008474 0 -0.010676414660239454 -0.00013757575032314682 0 0.03593099923048864 0.027933581619581507 -0.0030131971955655139 -0.0042511948451935556 0 -0.0021200045947578172 0.038985082311013317 -0.00062779944196638641 -0.0018163146172089897 -0.0072252932696092315 -0.0047601138491744971 0 -0.007638244292493772 -0.0042219971154210164 0.047250929272159126 -0.00070455054596931042 -0.0019170940195266937 0.0073494519968701063 -0.0023080777686586315 -0.001115360579479849 0.074117629353107367 0 -0.013260856047252002 0.0062613935145392251 0.012715619215518725 -0.00065958204445419112 0.038172548366359631 -0.0068457740322425027 -0.0023032943368462861 -0.0045017104659314062 0.0028826886187191068 0.037119964591506738 -0.014432144106394386 0 0.0038115386082315759 0.00075560949507605922 0.047628666033094291 -0.0090367368894620128 -0.019770653416066715 -0.014026416299601111 0.025699512892991463 -0.015015347810291577 -0.0027272664555902226 0.018240376528774783 -0.016893656243656612 -0.0064129428582203225 -0.0020500810483325199 -0.0020500810483325199 0.02175065429635395
leaf_weight=3303.7624038999638 124.73007572660572 1492.1176251202232 23.341865800626692 22.265533035348199 39.242916872277419 13.575668050245442 61.355323984509596 9.3416411552170846 134.69797849676252 8.8582232054686738 3.4901320576027484 5.8640460385468058 63.485082900424459 13.240787901988368 5.9601251948297431 18.6017317349324 8.7811074593773792 40.037147543444007 215.51157059162142 18.530869237871233 3.4967845720602773 4.4100876050069955 8.721956718422005 4.2122963957044695 3.3543802411950336 283.30633068022144 2.5505623572098548 9.3992010277434002 0.71060978764581051 2.2127409751265068 7.7980288032958915 0.89571474459444367 0.77735669512912942 9.8465128132229403 0.76576676413242317 33.600357280392927 455.97798214688373 81.063106103083555 834.9256523767508 18.98737517073824 10.260444011189973 8.9653906351741153 386.66676441402524 63.808126519696089 15.233500141999686 9.7910447741232911 8.476902479073031 515.02201072912067 17.161247141561038 10.279836345274814 60.126658071767451 26.671786105151114 21.682831044741761 23.403653946515988 19.510059607793668 18.619798605999677 3.4213552462824728 67.319453295203857 1.4329843244777283 318.37138675919414 26.36942223729784 2.3265220878238315
leaf_count=277834 25548 185447 4836 3006 1892 1030 5572 717 11444 670 274 462 4368 944 461 1355 420 5469 26662 1179 207 271 564 265 208 22733 181 646 50 136 501 58 60 712 61 2847 35786 4371 63970 1273 566 656 28520 6540 1240 569 873 45036 1263 562 3724 983 1876 1665 1161 1279 209 3353 71 13492 1094 118
internal_value=-0.000102895 -0.0013691 -0.0037045 -0.0121064 -0.0175743 -0.000363268 0.00364683 -0.000792501 -0.00374878 -0.0246616 -0.00783595 0.0130414 0.00756633 0.0219575 0.0131839 0.0104097 0.0186713 -0.00247907 0.00101421 0.0261623 0.0328189 0.00902683 0.0167151 0.0234663 0.0281544 -0.00508285 0.0280865 0.0334998 0.0334557 0.0381231 0.0428988 0.0548719 0.0600038 0.0647878 0.0695957 -0.00136703 0.000433747 -4.44644e-05 0.00224262 9.52384e-05 0.0148449 0.0230397 -0.000272566 8.73654e-05 0.00307103 0.017336 0.0265376 0.0022774 0.0103155 0.02372 0.00110928 -0.00503071 0.00292192 -0.00105632 0.00609142 0.0136218 -0.00678155 -0.000564007 0.0334144 -0.00442652 -0.0117357 -0.00170058
internal_weight=9028.73 2699.09 800.999 93.7085 71.443 1898.09 372.371 254.178 205.504 48.1011 144.148 118.193 90.3015 26.8165 9.45026 48.6742 30.0725 707.291 299.254 27.8917 22.0277 83.7426 43.7055 34.9835 30.7712 408.036 21.2914 18.7408 26.3611 23.0067 20.794 12.996 12.1002 11.3229 10.6123 1525.72 6329.64 4999.09 1330.55 874.572 39.6462 29.3858 4918.02 4531.36 815.535 35.828 23.7104 779.707 91.2492 27.4411 688.458 151.753 536.705 125.082 64.9549 42.0235 22.9314 3715.82 20.4204 412.06 93.6889 12.1176
internal_count=809340 311256 93702 10404 7398 217554 29260 21070 17751 2562 12179 8190 6342 1974 735 3319 1964 83298 35017 1848 1386 8355 2886 2322 2057 48281 1544 1363 1786 1578 1442 941 883 823 773 188294 498084 395762 102322 66536 2566 2000 391391 362871 67098 2800 2113 64298 8365 1825 55933 9021 46912 8038 4314 2944 1370 295773 1344 17939 4447 687
is_linear=0
shrinkage=0.05


Tree=113
num_leaves=63
num_cat=0
split_feature=140 189 110 135 75 131 63 22 147 37 25 141 147 142 140 67 66 143 6 68 26 152 11 65 0 66 143 36 47 13 26 69 143 66 151 130 13 141 130 143 6 71 66 76 132 140 131 69 143 152 135 94 63 66 147 13 10 147 142 97 31 11
split_gain=2.40902 2.39778 3.79082 7.09845 3.84679 3.51358 3.28054 4.84299 3.87311 3.38154 3.34128 4.64383 4.09327 3.07805 3.06998 3.59483 2.7841 2.71068 2.3438 3.23026 2.91103 2.7771 2.91777 2.33619 2.29337 3.31447 2.88977 3.69294 3.84301 2.51178 2.47135 2.27033 3.42887 4.19003 2.81078 3.08299 2.32448 2.67555 3.29271 2.88007 2.45989 2.45392 2.56398 2.48014 2.44115 2.23743 2.18823 2.17272 2.71304 2.82933 2.15542 2.15235 2.12337 2.28386 2.10226 2.07211 3.07155 2.32342 2.06721 2.04393 2.47087 2.04367
threshold=0.12921543419361117 -1.0000000180025095e-35 3.5000000000000004 8.2950000762939471 0.63333335518836986 118.50000000000001 0.706140697002411 0.12652225047349933 0.94060954451560985 0.37248617410659796 0.3109413087368012 0.14923869073390963 0.96212962269783031 20.013966560363773 0.14397359639406207 0.35522411763668066 0.53519466519355785 13.033761978149416 1.0268582701683047 -0.17163810133934018 1.4845102429389956 1.1042197942733767 0.10670131444931032 0.45704065263271337 18.509119987487797 0.73314848542213451 -0.58446580171585072 12.426470756530763 0.96372494101524364 0.3887071311473847 1.5480116009712221 2.7064065933227544 -0.4665378332138061 0.52563610672950756 1.0000000180025095e-35 346.50000000000006 0.82250121235847484 0.12229382991790773 1071.5000000000002 -0.25532495975494379 0.99983933568000805 -0.87837970256805409 0.99667415022850048 275933.32812500006 751.04998779296886 0.13051657378673556 1.0000000180025095e-35 0.0499960444867611 5.0820376873016366 1.2298930287361147 9.5000000000000018 21173.500000000004 -0.92393863201141346 0.96907123923301708 0.97308555245399486 0.32488575577735906 3.3252438306808476 0.47213622927665716 1.2574026584625246 4.0250000953674325 0.91174519062042247 0.31906631588935858
decision_type=2 2 2 2 2 2 2 2 2 2 2 2 2 2 2 2 2 2 2 2 2 2 2 2 2 2 2 2 2 2 2 2 2 2 2 2 2 2 2 2 2 2 2 2 2 2 2 2 2 2 2 2 2 2 2 2 2 2 2 2 2 2
left_child=-1 5 3 6 14 -2 9 -8 45 16 11 55 -12 58 -4 17 59 31 19 20 21 22 -6 -5 25 -25 -26 28 46 -27 -31 32 33 -16 35 -33 37 -37 41 -40 51 -39 43 44 50 -9 -28 -47 49 -49 -43 -41 -24 -54 -52 56 57 -11 -14 60 -3 -48
right_child=1 2 4 23 18 -7 7 8 -10 10 12 -13 13 -15 15 -17 -18 -19 -20 -21 -22 -23 52 24 26 29 27 -29 -30 30 -32 34 -34 -35 -36 36 -38 38 39 40 -42 42 -44 -45 -46 47 61 48 -50 -51 54 -53 53 -55 -56 -57 -58 -59 -60 -61 -62 -63
leaf_value=-0.0058829567759833487 -0.00030456381108923472 0.047050153184257211 -0.00030456381108923472 -0.00030456381108923472 -0.00030456381108923472 -0.0058829567759833487 -0.00030456381108923472 0 0.00023251844755236255 -0.00030456381108923472 -0.00030456381108923472 0.035725268996356106 0.018326714854367151 0.036904092138268639 0 -0.00030456381108923472 0.00038846340637575664 0.027537224519387296 0 0.0022772507839274423 -0.00030456381108923472 -0.00030456381108923472 5.8375368727117242e-05 -0.00030456381108923472 -0.00030456381108923472 -0.00030456381108923472 -0.00030456381108923472 -0.00030456381108923472 -0.00030456381108923472 0.03750132356391557 0 -0.00030456381108923472 -0.00030456381108923472 0.025507245004542673 -0.00030456381108923472 -0.00030456381108923472 -0.00030456381108923472 0.0026822813467936042 -0.00030456381108923472 0.039919462389316873 -0.00030456381108923472 0 -0.00030456381108923472 -0.00030456381108923472 0 0.0025442068774051167 0 0.047320455843997161 0 0 0.04244741467271991 -0.00030456381108923472 0.027593006521094345 0.00078085180612679362 -0.00030456381108923472 -0.00030456381108923472 -0.00030456381108923472 0.035725268996356106 -0.00030456381108923472 -0.00030456381108923472 -0.00030456381108923472 0.047214375710190742
leaf_weight=151.82870549452491 2118.4702263255567 10.057811913109619 4183.8366477150412 579.24236791018484 7.090086181429796 252.72306359454888 21.822118802025216 5.4317563469230654 14.926947762214693 2.537210531241727 228.82912511490576 14.364228066187932 14.172807734910746 7.9495344474416916 38.883391585812205 264.58029275838635 11.124794526040203 10.064967929560224 164.56672980735311 141.75754525123921 13.476105000227106 5.6254197203379581 12.477225447757517 146.59576286231459 14.826449496220446 10.650713010851179 1.0714895767159855 5.0101118743768884 3.0171468502958296 10.301642506121423 5.3343806757329721 36.783797016818426 122.69377235970751 24.043931500433246 33.111612103733933 10.307042146072488 12.07276870512578 13.315025859061278 27.343953478426556 7.931078663212249 5.9903193739592089 4.67464309913339 2.1666497778060139 2.548601889589917 4.8098631760221897 6.8480787824228164 2.4200733370671541 27.606540015214708 3.1822074732044703 1.7535114719066758 42.043436650783406 2.2502710778499022 67.82169078514562 11.428479067151782 1.4669825870369084 10.807045650450162 14.731593813412474 9.7802099760447145 20.472162682461203 1.8986220179212967 1.3399106096330786 16.139031702943612
leaf_count=8921 333536 404 264660 46073 326 54764 890 210 825 70 10588 439 1098 298 1904 14074 484 131 11797 9630 1018 416 872 11387 1056 716 73 347 229 900 413 2146 7239 1169 1068 630 935 734 1634 432 298 174 130 94 293 267 189 1081 88 42 2371 153 4634 800 119 400 428 337 1317 137 79 1220
internal_value=0.000251043 0.000362104 0.000860571 0.00336296 0.000272454 -0.000992602 0.00850446 0.0174769 0.0243931 0.00611319 0.00446315 0.015525 0.00200214 0.0153875 -0.000123852 0.00310625 0.0226561 0.00612036 0.00481083 0.00772481 0.0137112 0.0166445 0.0189273 0.000515949 0.00508223 0.00216936 0.0149326 0.0233443 0.0312408 0.0170201 0.0272656 0.00516865 0.000951284 0.0111345 0.00872397 0.0113585 0.0147188 0.0167706 0.0190031 0.00634356 0.0207218 0.0255033 0.0297362 0.0319581 0.0342469 0.0311066 0.0385247 0.0348142 0.0396958 0.0438074 0.0373318 0.0316747 0.0214336 0.024299 0.0404851 0.00400306 0.013368 0.0278075 0.0057881 0.034723 0.0407023 0.0422296
internal_weight=9022.43 8870.6 6499.41 1224.25 5275.16 2371.19 429.636 81.5712 59.749 348.065 323.644 52.2203 271.424 42.5945 4850.92 667.082 24.4211 402.502 424.243 259.677 117.919 104.443 98.8175 794.609 215.367 172.882 42.4843 27.6579 22.6477 26.2867 15.636 392.437 185.621 62.9273 206.816 173.704 136.921 124.848 114.541 43.5156 16.1717 71.0252 57.7102 55.5435 52.9949 44.8221 19.6306 39.3903 32.5423 29.3601 48.1851 10.1813 91.7274 79.2502 43.5104 37.8561 27.049 12.3174 34.645 13.2963 11.3977 18.5591
internal_count=809187 800266 411966 82085 329881 388300 19482 3403 2513 16079 14975 1674 13301 2713 300388 35728 1104 21654 29493 17696 8066 7048 6632 62603 16530 13416 3114 2058 1711 2029 1313 21523 10312 3073 11211 10143 7997 7062 6432 2517 883 3915 3181 3051 2957 1688 1482 1478 1211 1123 2664 585 6306 5434 2490 1235 835 407 2415 620 483 1409
is_linear=0
shrinkage=0.05


Tree=114
num_leaves=63
num_cat=0
split_feature=167 11 8 135 67 67 167 10 67 11 25 8 23 96 167 65 99 65 22 152 139 40 66 144 112 47 189 171 144 190 10 144 173 110 8 15 133 8 68 144 94 190 152 73 68 3 6 45 67 110 133 40 65 33 79 65 8 25 18 66 51 116
split_gain=2.6149 4.70051 4.24055 3.85092 3.2325 3.49536 3.5851 3.62929 3.23677 4.37284 3.15649 3.09763 3.7664 3.03853 3.01808 2.28157 2.8058 2.45478 2.0631 4.21058 4.69524 4.87425 3.55277 3.76686 3.21857 3.44603 3.30981 13.4272 15.1235 19.2858 5.99277 5.94366 3.46001 3.44012 3.30777 4.33628 5.30106 5.01887 5.40009 4.4354 3.47432 3.92644 2.97861 4.04826 3.33335 2.75423 2.5587 2.52206 3.59218 2.94616 2.63729 2.38971 4.1033 2.36036 3.57061 2.58732 5.69599 7.98836 2.39395 2.37127 2.38407 2.30887
threshold=1.0000000180025095e-35 0.75887176394462597 1.1843130588531496 508.50000000000006 -0.99211278557777394 0.41072499752044683 2232.450073242188 0.82766923308372509 0.6885155737400056 0.35703575611114508 0.34825739264488226 1.3046702146530154 0.97933328151702892 0.17445652186870578 633.32498168945324 0.98257994651794445 0.99980822205543529 -0.94724351167678822 1.3665371537208559 1.0725307464599612 0.18288024514913562 3.8868274688720708 -0.60314476490020741 0.79206860065460216 0.98056465387344371 0.92539685964584362 0.17000000178813937 1.0000000180025095e-35 0.81995335221290599 1.5000000000000002 3.7789814472198491 0.96315670013427745 1.0000000180025095e-35 3.5000000000000004 1.6090425252914431 0.5534428358078004 473.50000000000006 3.0657935142517094 -0.59012070298194874 0.22435566782951358 1636.5000000000002 1.5000000000000002 0.59073239564895641 1.0000000180025095e-35 0.72163388133049022 0.43432371318340307 0.69395855069160473 0.88346782326698314 0.90805566310882579 1.5000000000000002 517.50000000000011 3.5114885568618779 -0.73948088288307179 0.44462835788726812 0.63062283396720897 -0.93639975786209095 3.1904290914535527 0.39455999433994299 99.856472015380874 0.6268964707851411 1.5000000000000002 436.50000000000006
decision_type=2 2 2 2 2 2 2 2 2 2 2 2 2 2 2 2 2 2 2 2 2 2 2 2 2 2 2 2 2 2 2 2 2 2 2 2 2 2 2 2 2 2 2 2 2 2 2 2 2 2 2 2 2 2 2 2 2 2 2 2 2 2
left_child=18 2 14 4 -4 6 7 -6 -7 -10 -11 -3 -13 15 -2 16 17 -9 19 24 21 47 -23 -24 25 26 32 33 29 30 -29 -30 -1 42 -35 36 -36 38 39 -37 41 -38 -28 44 -44 -40 -42 48 49 -21 -51 61 -53 55 -55 56 -20 -58 -57 60 -56 -27
right_child=1 11 3 -5 5 8 -8 13 9 10 -12 12 -14 -15 -16 -17 -18 -19 53 20 -22 22 23 -25 -26 51 27 28 31 -31 -32 -33 -34 34 35 37 40 -39 45 -41 46 -43 43 -45 -46 -47 -48 -49 -50 50 -52 52 -54 54 59 58 57 -59 -60 -61 -62 -63
leaf_value=-0.00064433493327974113 0.014596208165455107 0.0046042597876197163 -0.013037553958967855 -0.011941076781790672 0 -0.01208297564335001 -0.00076392183310604149 0.0032181832132542909 -0.010212020548773267 0.052037445794909855 0.008670507009885222 -0.020277134008627344 0.019065318744400355 0 -0.0058704704665069676 -0.0012738036717786154 0 0.050768872559927319 0 0.016630245019367447 0.018045869520612962 0.018045869520612962 -0.0015180372263860751 0.018045869520612962 -0.0093880713597776361 0.0068893743828246125 -0.00064433493327974113 0.11129186849000833 -0.00064433493327974113 0.0057654664820091924 0 0.029476817700551494 -0.00687605657919408 -0.00064433493327974113 -0.00064433493327974113 -0.00064433493327974113 0.039362331337022084 -0.00064433493327974113 0.019294470335711619 0.054740406713062184 -0.00064433493327974113 -0.00064433493327974113 0 0.02728937662222999 0.021021202770000535 -0.00064433493327974113 0.018085035606838714 0.0075642249975789479 -0.011238611267903303 -0.0013312796391570087 0.018045869520612962 -0.0054250328928273864 0.026063543176026549 -0.00160551998826156 -0.007542801001458467 0.00027120661649283938 -0.0048654600378812696 0.046298732928294381 -0.01485628806017341 -0.018790432967843412 0.013419644634373866 -0.0021446181666163896
leaf_weight=4795.0300358257446 20.208835702811484 33.34462460038776 3.9470734614005769 7.8215332158579249 8.1884931595559447 11.498896301171042 8.4951179459458199 4.9432834605686287 8.3010794623260171 3.5416357370559153 17.604103646735894 33.780913223396055 2.506642636813921 6.4867574353556838 58.09733957532444 1.7043709908175504 3.0950202319363589 30.966812336133451 61.335545996276778 22.766167437777767 51.857008073508041 30.05153717185749 62.664075259093806 20.688648968207417 84.326727434719942 172.81921794290975 41.487271405465435 6.1835988027451103 24.959468209694023 11.77285897047841 0.98756679304642592 12.410451740812276 218.6248038559861 581.84623576568265 200.10169437622244 2.2138364956626893 15.476437408739004 8.7911489190591947 21.154011717721005 11.878054528351639 13.249541256314844 6.408338677516439 68.145739606930874 27.403007577930111 20.426137993548764 12.191614337527424 13.85116691222356 100.37936778222502 67.236328904589755 304.47952876706404 8.6937046841921966 11.491365874047913 26.35103840870579 787.84948493279808 118.73567282071599 499.34691513760117 9.9748190004138468 13.957169098965094 22.470323876641487 47.15925849746418 9.8768568479608785 108.71894572274687
leaf_count=427455 1186 2637 245 523 523 644 516 246 438 173 1102 2126 158 441 4400 112 185 1624 5751 2716 2151 3534 7622 1515 6849 23757 1485 272 1203 421 34 131 16045 25277 6130 83 278 319 870 522 276 121 2866 1195 854 522 333 15489 7464 36500 390 948 2376 116778 9298 42528 619 898 1549 3663 778 11895
internal_value=0.000216304 0.00506829 0.00904335 0.0148874 0.0174763 0.0193942 0.0264909 0.0308025 0.0061004 0.0146499 0.0254525 -0.00558339 -0.0149742 0.0356576 0 0.0402255 0.0425457 0.0460276 6.40873e-05 0.000425788 0.00418888 0.00284826 0.0119898 0.00469221 3.29249e-05 0.000167478 -9.48507e-05 0.00237649 0.025136 0.0562943 0.100747 0.00397164 -0.000644335 0.00101185 -0.000184597 0.00456709 0.00149417 0.0165379 0.0235353 0.0454987 0.0157155 0.0285555 0.00770486 0.0118237 0.00556918 0.00887915 0.00173518 0.000642724 -0.00109084 0.00100189 -0.00029913 0.00519092 0.0164009 -0.00157119 -0.00310927 0.000834803 0.0086664 0.026954 -0.000467572 -0.00948028 -0.00530393 0.00333701
internal_weight=9022.36 264.533 194.9 116.594 108.773 104.826 63.8799 55.3847 40.9457 29.4468 21.1457 69.6322 36.2876 47.1962 78.3062 40.7095 39.0051 35.9101 8757.82 7187.12 668.816 616.959 113.404 83.3527 6518.3 6433.97 6114.59 1100.94 56.3139 18.944 7.17117 37.3699 5013.65 1044.62 887.162 305.316 249.087 56.2287 47.4375 14.0919 48.9855 21.8848 157.462 115.975 88.5719 33.3456 27.1007 503.555 403.176 335.939 313.173 319.381 37.8424 1570.71 963.621 607.085 85.2675 23.932 521.817 175.772 128.613 281.538
internal_count=809039 17279 12358 6772 6249 6004 3647 3131 2357 1713 1275 4921 2284 2608 5586 2167 2055 1870 791760 609898 77381 75230 12671 9137 532517 525668 486692 43192 2061 727 306 1334 443500 41131 34731 9454 7138 2316 1997 605 1008 399 6400 4915 3720 1392 609 62559 47070 39606 36890 38976 3324 181862 130517 51345 7268 1517 44077 13739 10076 35652
is_linear=0
shrinkage=0.05


Tree=115
num_leaves=63
num_cat=0
split_feature=159 115 71 94 144 4 144 94 55 6 9 9 142 68 67 11 86 8 15 11 6 64 11 133 33 64 69 134 31 132 77 168 67 146 167 65 35 65 68 78 6 47 9 31 65 132 67 132 131 116 95 152 95 132 9 11 68 159 11 1 1 10
split_gain=2.68278 3.95699 3.47391 3.2045 3.82075 3.6247 3.32755 6.87868 4.33975 3.54927 3.66872 4.91998 3.69797 3.19111 3.4636 3.25642 3.62465 3.30259 4.17718 5.51761 4.089 3.60763 6.434 3.3502 3.31248 3.18099 3.13822 3.09765 3.54219 3.0779 3.05745 3.88362 4.38058 3.25392 3.08465 3.45402 3.05007 2.99553 3.02123 2.97241 3.6953 2.95853 2.9274 2.89447 2.89366 2.91771 2.89034 3.29876 2.80231 3.39 2.77759 4.37617 2.98036 2.91896 2.74077 2.72329 2.71021 3.27494 2.85856 2.92918 3.1576 2.70695
threshold=12.363194465637209 0.17338424921035769 -0.60785761475563038 1.0000000180025095e-35 0.13673368096351626 3.3225108385086064 0.50755655765533458 23695.500000000004 3.5000000000000004 7.5893664360046396 0.88956391811370861 0.95697817206382763 1.5282552242279055 0.86829596757888805 0.31029441952705389 0.66603025794029247 9.5000000000000018 3.5091991424560551 0.3053539246320725 0.3503339439630509 13.093070983886721 0.33137422800064092 0.23966072499752047 435.50000000000006 0.44496709108352667 0.93944230675697338 6.7925765514373788 337.50000000000006 0.10890981554985048 452.50000000000006 10.254480838775637 1.0000000180025095e-35 -0.68320119380950917 1.0000000180025095e-35 336.26000976562506 0.15594534575939181 0.9834323823451997 -0.84363743662834156 0.19373356550931933 0.047405607998371131 17.29433631896973 0.20129342377185824 0.65116977691650402 0.37611520290374761 0.9961860477924348 882.50000000000011 0.050560029223561294 127.50000000000001 530.50000000000011 6.5000000000000009 0.40003006160259252 1.0805811285972597 0.10418976098299028 769.50000000000011 0.565808266401291 0.50000306963920604 0.76486444473266613 6.1770732402801523 0.57203939557075512 0.39000068604946142 0.91084352135658275 3.0128052234649663
decision_type=2 2 2 2 2 2 2 2 2 2 2 2 2 2 2 2 2 2 2 2 2 2 2 2 2 2 2 2 2 2 2 2 2 2 2 2 2 2 2 2 2 2 2 2 2 2 2 2 2 2 2 2 2 2 2 2 2 2 2 2 2 2
left_child=2 39 42 4 5 -4 50 8 13 10 -10 12 -12 15 -15 16 17 18 26 -20 29 23 -23 -22 -24 37 -8 28 -28 -19 31 34 -33 -32 -6 43 -26 38 -18 40 44 -16 56 -36 45 -2 47 61 -11 -50 52 -52 -5 -54 -43 -31 58 -58 -1 -60 -61 -17
right_child=1 -3 3 6 30 -7 7 -9 9 48 11 -13 -14 14 41 46 25 20 19 -21 21 22 24 -25 36 -27 27 -29 -30 55 33 32 -34 -35 35 -37 -38 -39 -40 -41 -42 54 -44 -45 -46 -47 -48 -49 49 -51 51 -53 53 -55 -56 -57 57 -59 59 60 -62 -63
leaf_value=-0.0026566778742573402 0.014521138231014334 -0.0013958559608024507 0.020600599705161645 -5.8152949091141366e-05 -0.0035333282203840926 -0.010054571894541824 0.010610296088460527 -0.0096629400519098376 -0.0019306502141430227 -0.0009168137941248446 -0.0013576577024340167 -0.004335250219805009 0.022621268133575068 -0.0041638327003563859 -0.0083343901487753606 0.028346735802689454 0.021413422615348676 -0.0007048783096586861 -0.011924951565354273 0.0043607618798333679 -0.0090184203931132825 -0.0019793888814426206 0 0.01635409898591117 0.058153503137441692 0.016290317497967149 -0.0012626132928248296 -0.0063577076754207018 0.01355269208731614 -0.023537568367155887 -0.0096530415454455527 0.046810616558769211 0 0.015310401918953769 0.040376409688460464 -0.0054611469731758334 -0.0011384414265722775 -0.0090537112225598047 -0.012872316371300062 -0.0078053417453882341 -0.012080869734840486 0.021999186170815636 0.0011324653956320521 0.0012571573959934961 -0.015792447515947581 -0.013517424400443574 0.015728656984688463 0 0 0.034111888345237533 -0.0035480727564370612 0.018672737465301775 0.007260403394037513 -0.013139999895187085 -0.0040148499028916321 0.008201856153070267 -0.00054004978924847107 0.013728904433850709 0.0035555588983817925 -0.013833240202766313 0.0058681962961383317 -0.0031468000668804607
leaf_weight=1251.2786911260919 182.32503838953562 173.44773284524854 26.98548016652785 1542.0452716499603 350.51828740558267 9.0126132549667073 453.71297884208252 112.45896369929687 822.41371715339119 19.879604475569067 19.591589426712744 47.249733239896159 47.962689727271936 199.40821656707703 12.636761657093301 16.359718585823433 13.386770103235905 67.913066937988333 58.493167441261903 276.01004338522034 36.805281452398049 14.979356509487845 3.0703198093870006 13.742019848097696 8.3002445958263689 12.943367003361343 69.352618258097209 57.594149074811867 80.837361653229891 31.533060779162042 215.70849518161049 3.8091453330052909 12.012516907638197 8.7421537958798563 7.4346521171537523 13.104650248627875 1.4025104153988639 115.00121314064017 4.8663709741958874 20.029972834818182 12.109819846606113 32.510239710274618 695.63164767984927 10.431215275006251 4.1053283084183922 5.0592931174905962 120.85747833490313 96.861233058054495 12.819338457578853 15.484418700936656 728.48376082384493 17.62680772227759 232.86861287548527 13.588936119165735 9.9520622829004406 4.3514264923651345 326.8822321656553 40.432495716537233 33.709094719284622 158.97980317603651 18.496493965023546 6.7428027565765651
leaf_count=129274 7198 13711 2520 198993 21488 738 20104 8356 109537 1351 1907 4498 4333 13337 666 973 776 2851 3061 37026 1662 454 214 431 296 932 2717 2438 3128 1259 11935 196 620 449 373 677 71 8020 274 696 405 2448 56478 614 148 160 6936 5897 642 1209 43893 934 15271 931 574 225 35041 2729 2829 11174 1295 318
internal_value=0.000146232 0.00413912 -3.67694e-05 0.000605041 -0.00266861 0.0120257 0.00100665 0.0021576 0.00265675 0 -0.000726229 0.00741361 0.0157082 0.00410077 -0.000993994 0.00494569 0.00391462 0.00484416 0.00597586 0.00130563 -0.00120644 0.00700932 0.0199797 -0.000819279 0.0404505 -0.00332302 0.00827246 0.00292077 0.00673013 -0.00767108 -0.0036484 -0.000911153 0.0200273 -0.00825934 -0.00209209 0.0117483 0.0504101 -0.00592919 0.0103952 0.00847805 0.0103485 0.00945394 -0.00159754 0.0238988 0.0121655 0.0133025 0.010319 0.00425771 0.0125498 0.0214766 -0.000309949 -0.00286902 0.000748701 0.00579725 0.0155948 -0.0185449 -0.0026493 0.00112675 -0.00361534 -0.008987 -0.0115384 0.0193408
internal_weight=9032.34 397.077 8635.27 6109.86 657.759 35.9981 5452.1 2917.48 2805.02 985.401 937.218 114.804 67.5543 1819.62 254.507 1565.12 1324.3 1178.1 996 334.503 182.097 78.2997 27.7524 50.5473 12.7731 146.198 661.497 207.784 150.19 103.798 621.761 397.31 15.8217 224.451 381.489 30.9705 9.70276 133.254 18.2531 223.629 203.599 55.0991 2525.41 17.8659 191.49 187.384 240.821 119.964 48.1834 28.3038 2534.61 746.111 1788.5 246.458 42.4623 35.8845 1829.78 367.315 1462.46 211.185 177.476 23.1025
internal_count=809691 22318 787373 548553 39610 3258 508943 248921 240565 123477 120275 10738 6240 117088 17025 100063 85939 75937 68474 40087 7463 3128 1035 2093 581 10002 28387 8283 5845 4335 36352 23968 816 12384 23152 1664 367 9070 1050 8607 7911 3688 238820 987 7506 7358 14124 7188 3202 1851 260022 44827 215195 16202 3022 1484 182342 37770 144572 15298 12469 1291
is_linear=0
shrinkage=0.05


Tree=116
num_leaves=63
num_cat=0
split_feature=141 54 65 86 25 86 9 63 69 63 132 65 67 72 67 16 78 141 63 13 147 135 18 3 1 130 20 141 147 67 20 115 104 147 9 5 131 36 8 21 132 69 152 51 21 20 63 147 15 15 5 66 1 163 116 141 173 147 144 163 65 134
split_gain=2.25399 3.76638 3.37178 3.7361 2.25278 2.15868 2.09946 1.9869 2.63716 1.9772 1.75477 2.17564 1.82419 1.71515 1.69666 1.51994 1.51261 1.33142 1.31801 2.11107 2.47751 1.66345 1.40334 2.21179 1.80711 1.7504 1.42061 1.57005 1.28239 1.24242 1.19837 1.17604 1.16768 1.14958 1.10903 1.02759 1.02103 1.12684 1.01925 1.44789 0.989973 0.982617 0.868624 0.897842 0.854672 0.838679 0.80852 0.777973 0.765991 0.748847 1.92571 0.732338 0.694992 0.677644 0.679669 0.640836 0.61589 2.62595 1.43488 1.29424 1.28226 0.98249
threshold=0.1954765468835831 5.5000000000000009 -0.46575377881526941 2.5000000000000004 0.11225395649671556 13.500000000000002 0.80432236194610607 0.26853117346763616 0.62634202837944042 0.34906177222728735 848.50000000000011 -0.83714672923088063 0.84518781304359447 0.81174489855766307 -0.96496450901031483 80.754718780517592 0.40930597484111791 0.1783946976065636 -0.97134551405906666 0.034206718206405647 0.89589354395866405 503.50000000000006 4.6049463748931894 0.79496690630912792 0.42672659456729894 328.50000000000006 1.1121418476104739 0.15576243400573733 0.97061905264854442 0.92541319131851207 1.5310719013214114 3.5416293144226079 16257.558593750002 0.91783270239830028 0.70785194635391246 0.99509513378143322 1190.5000000000002 9.8387098312377947 1.3884239792823794 0.17696364223957065 70.500000000000014 10.420541763305666 0.94555595517158519 3.5000000000000004 0.990239977836609 3.1066021919250493 0.76489198207855236 0.99249061942100536 0.91906851530075084 0.27054944634437567 0.11781951040029527 -0.98159083724021901 0.9119633436203004 2.5000000000000004 1133.5000000000002 0.14692995697259906 1.0000000180025095e-35 0.89323115348815929 0.36871577799320226 1.5000000000000002 -0.60966992378234852 62.500000000000007
decision_type=2 2 2 2 2 2 2 2 2 2 2 2 2 2 2 2 2 2 2 2 2 2 2 2 2 2 2 2 2 2 2 2 2 2 2 2 2 2 2 2 2 2 2 2 2 2 2 2 2 2 2 2 2 2 2 2 2 2 2 2 2 2
left_child=5 2 -2 4 -4 16 7 10 28 -8 11 -7 42 17 -6 32 18 35 19 21 31 40 23 24 26 44 27 29 52 41 -28 -21 36 46 45 51 37 -16 39 -31 -1 47 43 48 53 -32 -18 -22 -13 50 -26 -11 -9 54 -25 -41 -20 58 60 61 -58 -60
right_child=1 -3 3 -5 14 6 9 8 -10 13 -12 12 -14 -15 15 -17 33 -19 56 20 22 -23 -24 25 49 -27 30 -29 -30 38 34 -33 -34 -35 -36 -37 -38 -39 -40 55 -42 -43 -44 -45 -46 -47 -48 -49 -50 -51 -52 -53 -54 -55 -56 -57 57 -59 59 -61 -62 -63
leaf_value=0 0.00019730319173889312 0.00019730319173889312 0.00019730319173889312 0.00019730319173889312 0.00019730319173889312 0.00019730319173889312 0.00019730319173889312 -0.022227152120162838 0.00019730319173889312 0.00019730319173889312 0.00019730319173889312 -0.022101861825177812 0.00019730319173889312 0.00019730319173889312 0.072561564471515391 0.00019730319173889312 -0.021816243478058217 0.00019730319173889312 0.00019730319173889312 0.00019730319173889312 -0.02165187709300578 0.00019730319173889312 0.00019730319173889312 -0.024644138663231535 0.00019730319173889312 0.00019730319173889312 0.00019730319173889312 0.00019730319173889312 0 0.00019730319173889312 -0.019181786085281191 -0.013488109754570708 0.00019730319173889312 0.00019730319173889312 0.00019730319173889312 0.00019730319173889312 0.00019730319173889312 0.00019730319173889312 0.00019730319173889312 -0.017961917726068841 -0.024820888139490824 0.00019730319173889312 0.00019730319173889312 0.00019730319173889312 0.00019730319173889312 0 0 0.00019730319173889312 0 0.00019730319173889312 -0.022668800170678099 -0.020602008684092028 0 0.00019730319173889312 0.00019730319173889312 -0.00068241167907089355 -0.010949942558707173 0.00019730319173889312 0.00019730319173889312 0.00019730319173889312 0.00019730319173889312 -0.019043591104068256
leaf_weight=3.1935983098665188 8.6383726136773475 8.5990061431948543 0.72514864241384103 6.1255751381468153 0.65811486041638367 13.953314042788405 115.97465849122818 19.053151576248645 82.325320941912651 1.8951429916342011 3.2011587493907419 67.097063400658953 7.2928157944770637 5.643892225707531 5.4616323795962689 0.54065971832096682 13.414498221573021 1.4015906962886209 7720.4199703388913 294.5942308039339 40.42377925571418 1.4902860320871685 42.165346901983867 32.297086819748074 3.5517197105800724 8.9353661080749571 19.062149325767678 4.9651647606806355 8.4237005546019628 7.7494309782559858 16.047707606554479 14.886228458501135 0.57942621530673921 6.7257542195366105 16.744105393761856 1.4511184708389908 0.73704991352133209 0.79200340996612784 8.458460684061718 24.255994828985422 16.886143177296617 3.0233861194574265 0.98923409404232998 0.61953278300643333 1.6741282152906922 5.7557195504923575 3.5484931552418848 0.51695650373221624 1.8597265676071391 62.008580477202486 8.5392760720569623 34.320356544201786 1.6104431464191282 0.72821480292986862 0.61901038062569469 10.916335833557239 31.463841927514295 110.08522119114059 1.2694007900427084 2.3382188942923667 55.586990282215993 42.294404901738744
leaf_count=82 661 887 34 369 59 1016 8573 1681 7639 155 259 4960 558 398 335 69 1038 105 702862 23865 3396 49 6694 2853 179 634 1752 374 977 573 1412 1444 140 1010 1476 112 61 94 702 2076 595 232 91 38 149 427 326 40 146 8495 460 2466 107 62 58 870 1481 7163 43 104 2528 1925
internal_value=0.000251425 0.0124372 0.0228984 0.0339549 0.047798 0.000197303 -0.00360754 -0.00689862 -0.00193684 0.000197303 -0.0120792 -0.0139841 -0.0171447 -0.00978531 0.0530507 0.0572643 0.000197303 -0.0142922 0.000197303 -0.00216831 -0.00152726 -0.0160898 -0.00480278 -0.0062259 -0.00393877 -0.0160924 -0.00706078 -0.0105266 -0.0142686 -0.0124482 -0.000268068 0.000197303 0.0610127 -0.011628 -0.00812971 -0.0169809 0.0643887 0.068149 -0.00557613 -0.00942551 -0.020951 -0.0185795 -0.0195575 -0.0204106 -0.0206101 -0.0145157 -0.017522 -0.0205261 -0.0212206 0.000197303 -0.0112887 -0.0189874 -0.0198832 -0.022325 -0.023508 -0.0139737 0.000197303 -0.00325712 -0.00811632 -0.0150263 -0.00358279 -0.0174024
internal_weight=9036.6 32.857 24.258 15.6196 9.49404 9003.75 367.112 206.425 111.413 160.687 95.0128 91.8117 77.8584 44.7121 8.76889 8.11077 8636.64 39.0682 8612.95 649.488 627.918 21.57 318.438 276.273 232.019 44.2538 157.919 100.31 29.0873 95.3443 57.6097 309.48 7.57011 23.6887 38.5475 37.6666 6.99069 6.25364 51.3802 42.9218 20.0797 43.9641 70.5656 69.5763 35.3184 21.8034 16.963 40.9407 68.9568 74.0996 12.091 36.2155 20.6636 33.6443 32.9161 35.1723 7963.46 243.038 132.953 45.902 87.0508 43.5638
internal_count=809419 2709 1822 1161 792 806710 29281 17472 10404 11809 7068 6809 5793 3236 758 699 777429 2838 775055 58949 58223 726 32914 26220 22464 3756 13330 8263 2765 7889 5067 25309 630 2374 3315 2733 490 429 4221 3519 677 3668 5235 5144 3122 1839 1364 3436 5106 9134 639 2621 1788 2973 2911 2946 716106 13244 6081 2072 4009 1968
is_linear=0
shrinkage=0.05


Tree=117
num_leaves=63
num_cat=0
split_feature=168 45 26 131 167 167 159 69 92 132 24 19 7 13 187 132 142 11 11 147 37 8 163 63 64 150 25 8 151 170 94 186 135 2 77 190 92 77 61 141 132 19 64 7 133 86 134 69 186 42 92 71 134 94 190 71 25 15 142 69 31 189
split_gain=2.8711 4.64827 3.0503 2.78137 2.51869 5.28079 2.61671 2.44958 2.53255 2.66496 2.36288 2.32456 2.31698 3.25393 3.15246 3.44572 3.03422 2.59831 2.31985 2.27205 2.21461 2.17623 4.61828 4.12871 3.72226 5.37103 3.77948 3.70933 3.7217 6.56863 3.60716 11.1307 4.35685 3.32527 4.41217 4.76127 3.81893 3.79252 3.44801 3.18054 3.04581 4.20465 3.71418 3.28347 6.50767 5.55707 3.87841 3.46241 3.30277 2.97147 2.8834 2.87852 3.06225 3.71335 2.84141 2.88923 2.82325 2.78816 3.13656 2.75962 2.95888 3.19312
threshold=1.0000000180025095e-35 0.19261546432971957 2.3374837636947636 583.50000000000011 1.0000000180025095e-35 778.45498657226574 1.7758235335350039 0.088075745850801482 0.62731480598449718 882.50000000000011 0.70921882987022411 0.98975884914398204 0.59393128752708446 0.58891069889068615 1.5000000000000002 433.50000000000006 0.28170374035835272 0.77580800652503978 0.64605939388275158 0.85019686818122875 0.92089888453483593 4.2563600540161142 2.5000000000000004 -0.66584905982017506 0.98773518204689037 2.5000000000000004 0.34727697074413305 3.1904290914535527 1.0000000180025095e-35 1.0000000180025095e-35 11539.500000000002 1.0000000180025095e-35 3.0650000572204594 58.534200668334968 8.0182957649230975 1.5000000000000002 0.79057019948959362 11.589300632476808 0.95497766137123119 0.15222338587045672 133.50000000000003 0.87881276011466991 0.11864251270890237 0.61359137296676647 481.50000000000006 7.5000000000000009 1363.5000000000002 11.020820617675783 3.5000000000000004 4.0325582027435312 0.66035714745521557 1.0000000180025095e-35 786.50000000000011 19616.500000000004 1.5000000000000002 -1.0000000180025095e-35 0.34548118710517889 0.27609884738922125 2.8793967962265019 9.1726131439209002 0.22451708465814593 0.24999999254941943
decision_type=2 2 2 2 2 2 2 2 2 2 2 2 2 2 2 2 2 2 2 2 2 2 2 2 2 2 2 2 2 2 2 2 2 2 2 2 2 2 2 2 2 2 2 2 2 2 2 2 2 2 2 2 2 2 2 2 2 2 2 2 2 2
left_child=4 -2 3 -3 11 6 -6 -8 9 10 -9 21 -7 14 -14 16 -16 -18 -17 -13 -12 27 24 -24 33 26 -26 28 -1 30 32 -32 -30 34 39 36 59 -37 -35 -23 -29 42 43 44 46 50 47 48 -42 -50 -45 -33 53 -53 -31 -56 -40 58 -44 60 -36 -62
right_child=1 2 -4 -5 5 12 7 8 -10 -11 20 19 13 -15 15 18 17 -19 -20 -21 -22 22 23 -25 25 -27 -28 40 29 54 31 51 -34 38 35 37 -38 -39 56 -41 41 -43 57 45 -46 -47 -48 -49 49 -51 -52 52 -54 -55 55 -57 -58 -59 -60 -61 61 -63
leaf_value=-0.00019685894123392417 -0.006706382997346755 0.0022549558913098574 -0.0040915684027877652 0.035181340593120052 -0.0070401556112248131 -0.0053453818419018327 -0.010070231221116964 -0.00016444053127852084 -0.00040985699961528546 -0.01031940229522621 0.031846635929442951 0.0059850703274913824 -0.00016168371337147911 -0.0022941845286009012 -0.0022220534920942133 -0.016167657929986277 0.05587908025728977 0 0.020367924295155243 -0.013708634681406127 -0.00045207138088085595 0.0017887115252037519 -0.0069868998945455648 0.017754558730335834 0.021529331226558941 0.042144405437829088 -0.0097826958737849447 -0.0034048771640798115 0.0060893186665238854 0.016295671297977248 0.041524202535875243 -0.010925181442089616 -0.0029273543904922653 -0.016407738690768579 -0.017759592375276807 -0.02750906800350016 0.022460632121349213 0.011605760857466847 -0.0086286748080013371 0.023426580771053224 -0.00084073226852880332 -0.0094818334335242255 -0.017747907661275729 -0.012485180604435448 -0.0094193462459905685 0.032602885739409768 -0.0016031587627627422 -0.0074787184929574445 0.051191067878481482 0.009946760542656044 0.017188810765390843 0.041954514565108438 -0.0051189877565899931 -0.0036086303524813751 0.016054522904882174 -0.021519804925326593 0.024279648618374044 0.010709568750134379 0.011574490935241006 0.0051141734823997309 -0.0057881163984633503 0.0047359704379922518
leaf_weight=6687.830817586233 20.823668437846209 11.73934924876812 7.587320883962092 21.046370696476515 7.7615984108560943 91.646495693741599 3.221666128243668 5.8448508288129224 10.288995445676845 1.8611097605316889 48.91644188851933 14.473738884884368 15.153671572392339 48.372210585337598 2.2116842265677432 5.0946604526689034 8.2669037341111089 2.6286477617977644 2.6194647828961024 51.940619101045741 4.0560061558207954 91.090537199565006 20.053158850474574 46.429388090640714 9.5135870365556894 5.5001576426802776 23.459817442108033 55.261636080667813 196.27065572278661 111.19143262770376 17.087518903019372 27.695973656962451 395.31271263287636 83.368134498799918 38.810469681728136 29.561250794184161 9.0297848571281047 3.6405994107481083 9.3364780699484964 17.191721199713356 3.2613435754756201 20.996574385688291 20.810850692243552 25.772722485526177 8.0494772516394715 8.5614325525530131 5.7556009749678188 1.7367275632786903 28.630631768060994 10.168475298563861 5.8925923099995989 6.1893870022977371 11.374273100580465 4.7142727436948917 3.4784754435531795 7.3968308866024 6.5895169786090255 41.787291283275408 8.8569540614298585 69.288164160432643 377.06800828741689 82.218891729833558
leaf_count=651188 1004 597 300 1083 535 6263 165 317 791 81 2549 1145 931 3836 143 309 530 164 162 5569 253 4934 1043 2294 494 259 1074 2855 20733 1965 566 1715 44123 4616 2306 743 577 63 595 880 174 1306 1098 1532 360 440 317 111 1629 701 382 347 672 290 41 85 390 2424 343 3531 20070 2855
internal_value=0.000259699 0.0106411 0.0198927 0.0259117 0.000180115 0.00500202 0.015083 0.0180115 0.0201943 0.023834 0.0260302 3.15336e-05 0 0.00582438 0.0162987 0.0269582 0.0388856 0.046877 0 -0.00894815 0.0291166 0.00010862 -0.00217625 0.00997533 -0.00320191 0.0109625 0.000238432 0.000386228 0.000181906 0.00343896 0.00137765 0.0119416 4.8181e-05 -0.00396178 -0.0026838 -0.00436348 -0.00314991 -0.021608 -0.0123903 0.00632715 0.00637353 0.00935588 0.0120408 0.018187 0.0255578 0.0054209 0.0320404 0.0366853 0.0396409 0.043322 -0.00469033 -0.000575529 0.0110188 0.0257419 0.0138727 -0.00665559 0.00634066 0.00266 -0.00786613 -0.00379381 -0.00512116 -0.0038196
internal_weight=9021.79 61.1967 40.373 32.7857 8960.59 257.944 81.9507 74.1891 70.9674 60.6784 58.8173 8702.65 175.994 84.3472 35.975 20.8214 13.1072 10.8956 7.71413 66.4144 52.9724 8636.23 922.15 66.4825 855.667 38.4736 32.9734 7714.08 7468.54 780.712 658.645 67.0614 591.583 817.194 717.899 609.617 576.415 33.2019 99.2941 108.282 245.542 190.281 169.284 97.829 57.6023 40.2267 49.5528 43.7972 42.0605 38.7991 31.6653 49.9739 22.2779 10.9037 122.067 10.8753 15.926 71.4551 29.6678 567.386 498.097 459.287
internal_count=808848 2984 1980 1680 805864 17029 4691 4156 3991 3200 3119 788835 12338 6075 2239 1308 837 694 471 6714 2802 782121 46724 3337 43387 1827 1568 735397 721725 70537 68446 3590 64856 41560 35959 30145 29339 806 5601 5814 13672 10817 9511 5646 3292 2354 2932 2615 2504 2330 1914 3024 1309 637 2091 126 985 3865 1441 28762 25231 22925
is_linear=0
shrinkage=0.05


Tree=118
num_leaves=63
num_cat=0
split_feature=142 172 94 142 69 170 9 9 136 159 97 72 66 131 132 67 147 85 64 110 159 147 147 168 140 7 7 139 94 132 72 72 5 94 94 68 72 66 63 45 139 67 21 71 67 5 7 69 4 181 43 7 142 64 67 7 69 5 63 13 152 3
split_gain=2.80896 4.35229 4.61347 4.14415 3.2012 3.01863 2.81931 3.54999 4.079 4.94731 3.53535 4.21827 3.36507 3.43918 3.02499 3.11727 3.42757 3.00922 2.65469 2.64294 4.78417 3.85883 4.68833 3.3297 3.15698 2.6363 2.75675 2.56547 4.74929 4.38378 2.48768 3.64801 2.66217 2.45281 3.62533 3.79089 2.45867 4.6594 4.33344 3.0348 3.3547 4.01749 3.66001 5.73862 3.55514 3.33613 3.00054 3.34205 5.94171 2.96999 2.95895 4.58925 2.88141 3.57964 3.37554 2.87113 2.80036 4.26455 3.08323 2.98283 2.9286 2.73995
threshold=0.17264039069414142 1.0000000180025095e-35 1016.5000000000001 0.045236393809318549 0.87837556004524242 1.0000000180025095e-35 0.11329874768853189 0.34779675304889685 1.5000000000000002 3.4083063602447514 80.500000000000014 0.81174489855766307 0.70959249138832103 253.50000000000003 228.50000000000003 0.83955806493759166 0.76975053548812877 7.5000000000000009 -0.08734735473990439 8.0000000000000018 38.564739227294929 0.8696938455104829 0.83107736706733715 1.0000000180025095e-35 0.13051657378673556 0.1275887340307236 0.13342189043760302 0.18288024514913562 604.50000000000011 121.50000000000001 1.0000000180025095e-35 0.81174489855766307 0.68510395288467418 24033.500000000004 18852.500000000004 0.57854375243186962 0.81174489855766307 -0.80463930964469899 -0.78569251298904408 0.50965696573257457 0.17912449687719348 0.037609562277793891 0.17696364223957065 -0.60785761475563038 -0.99640884995460499 0.11268442869186403 0.43699796497821813 0.71685925126075756 1.3800317645072939 1.0000000180025095e-35 0.81683492660522472 0.84013149142265331 11.698329448699953 -0.90149617195129383 0.39906451106071478 0.54502499103546154 2.0082217454910283 0.18148853629827502 0.721203774213791 0.043343873694539077 0.84046158194541942 0.43356074392795568
decision_type=2 2 2 2 2 2 2 2 2 2 2 2 2 2 2 2 2 2 2 2 2 2 2 2 2 2 2 2 2 2 2 2 2 2 2 2 2 2 2 2 2 2 2 2 2 2 2 2 2 2 2 2 2 2 2 2 2 2 2 2 2 2
left_child=1 5 -3 -4 -5 6 25 8 9 -8 14 12 18 -14 15 16 -10 -15 -12 20 23 22 -22 33 -23 -1 -27 -28 29 -29 -7 32 -32 34 36 -36 39 -38 49 40 -2 44 -43 61 55 -45 47 48 -47 -39 -40 -52 53 54 -49 -42 -55 58 59 -58 -61 -44
right_child=19 2 3 4 -6 30 7 -9 10 -11 11 -13 13 17 -16 -17 -18 -19 -20 -21 21 24 -24 -25 -26 26 27 28 -30 -31 31 -33 -34 -35 35 -37 37 38 50 -41 41 42 43 45 -46 46 -48 52 -50 -51 51 -53 -54 56 -56 -57 57 -59 -60 60 -62 -63
leaf_value=0.013329077008375391 -0.0030384414107046355 -0.0086465052006029705 0.040964538604729428 -0.011817955330414654 0.014487238759588983 0.0012284000267764605 0.027861183998070735 1.8786440945159999e-05 0.02916644331989068 0 0.022507317241385584 -0.0066180518588900856 -0.0045027522205940444 0.064113761727423849 -0.0093194989893316642 -0.012719150776443767 0.00080499541449876439 -0.0009393338853581892 -0.0062133025752921026 -0.018476658985456997 0.015265397595275235 -0.0050418528109836165 -0.024999442243285749 0.011979164293069978 0.034437989341867072 -0.018684300094063765 -0.007968838736771176 0.052969661611973487 -0.0039111541442870337 -0.0026276723122831986 0.029963037006350557 0.00099466442162533873 -0.0039890786316112564 -0.0054611095853220742 0.0060998657620216779 -0.0030861671884791211 -0.0060168139698187021 0.016101905178712982 0.0036615902059091371 0.00065822420076444923 0.022473240455018001 -0.0030384414107046355 0.0040034210160333292 -0.0030384414107046355 -0.0030384414107046355 0.009737911155831426 0.0026097045859025782 -0.0030384414107046355 0.054019438766655992 -0.0084531083262989956 -0.01053797150806186 0.012878921943335175 0.019776307866343226 -0.0030384414107046355 0.032523494292840453 -0.0030384414107046355 -0.0030384414107046355 -0.0030384414107046355 -0.0030384414107046355 0.02450771379845694 0 -0.0030384414107046355
leaf_weight=11.209912048288968 2102.3425975472965 17.532976762406179 11.124910552302024 8.9211521601537225 63.947475277047488 69.198623836608022 37.515711358541012 858.53084982750806 13.635864648476852 26.338207523949677 10.313576171764 13.055227937045855 1.249005812787799 5.1501602384232683 62.448687116950168 11.47522031099288 30.10844565361549 1.0894909651542546 11.503680637622894 14.718225198623257 13.10767372621922 3.6141594887012642 7.0023952100891611 50.250838449985167 19.44471641985001 37.027586928743403 73.416440107990638 3.8018153703160378 22.303208331395581 3.8585213780461345 30.132612687055371 30.032169406840694 4.1240361118980209 221.33547858618113 415.89605080980255 145.63802352894709 143.4082017754663 89.206105024888529 500.42625335822595 2072.5331582468425 19.828836704000423 200.33837827766547 133.0059782408207 15.064339375778216 639.1236421767826 31.95114375709818 201.28230370834353 6.5190878057692343 7.6704624532576409 9.5948193947733653 86.26890017909318 21.764380058983079 42.262299635687668 35.89379752035893 16.142871503980132 12.565836356836369 7.6110175629000869 58.266761157610745 19.448302395023347 57.996386733277177 17.586344042734709 122.21369261654036
leaf_count=585 187496 767 394 673 3447 1853 1626 112152 842 954 690 818 79 342 6345 1043 3178 89 749 490 165 43 81 2536 304 1681 5452 116 1106 209 627 616 182 18523 28096 9506 13682 7916 42203 252322 944 11203 7539 693 33716 1808 10967 326 307 752 9664 1537 624 2144 860 759 335 3246 1075 3216 915 6796
internal_value=0.000200518 0.00219858 0.0119694 0.0167977 0.0103936 0.001414 0.000604076 0.00152323 0.00705671 0.0173114 0.00241295 0.0140314 0.0235829 0.0453938 -0.00196738 0.00601554 0.0122436 0.0551658 0.00809647 -0.000185565 -0.000134371 0.0155653 0 -0.00023833 0.0275633 -0.0056374 -0.00772985 -0.00289466 0.00818466 0.0330127 0.00842874 0.0151702 0.0252513 -0.00033203 -0.000167932 0.00366706 -0.000497027 0.00199745 0.00368839 -0.000867343 -0.00171755 -9.94804e-06 0.00202365 0.00361294 -0.00298744 0.00663001 0.00759514 0.0107466 0.0239632 0.0131841 0.00201084 -0.00523822 0.00824032 0.00551642 0.0225424 0.0122879 0.00292203 0.00626771 0.0122707 0.0163444 0.01946 -0.0024207
internal_weight=9030.37 1469.05 101.527 83.9935 72.8686 1367.52 1234.03 1082.41 223.883 63.8539 160.029 42.3611 29.3059 7.48866 117.668 55.2195 43.7443 6.23965 21.8173 7561.32 7546.61 43.1689 20.1101 7503.44 23.0589 151.617 140.408 103.38 29.9635 7.66034 133.487 64.2888 34.2566 7453.19 7231.85 561.534 6670.32 850.669 707.26 5819.65 3747.11 1644.77 973.253 772.915 671.518 517.695 502.631 301.348 39.6216 98.8009 608.46 108.033 261.727 219.465 22.662 32.3947 196.803 160.909 102.642 83.1937 75.5827 255.22
internal_count=809404 146615 5281 4514 4120 141334 138056 128907 16755 2580 14175 2767 1949 510 11408 5063 4020 431 1439 662789 662299 593 246 661706 347 9149 8564 6883 1431 325 3278 1425 809 659170 640647 37602 603045 75754 62072 527291 274969 87473 52054 40851 35419 26516 25823 14856 2115 8668 53404 11201 12741 12117 1186 1703 10931 8787 5541 4466 4131 14335
is_linear=0
shrinkage=0.05


Tree=119
num_leaves=63
num_cat=0
split_feature=190 41 133 147 152 140 139 31 147 65 22 77 152 141 23 152 94 94 144 66 133 132 132 132 133 65 13 141 51 144 142 116 94 66 13 133 143 94 141 66 43 15 89 13 3 71 174 66 72 143 24 134 63 0 1 66 77 64 63 144 10 41
split_gain=2.35229 4.3441 4.1108 3.71083 3.69189 3.69755 3.54168 3.29729 5.22715 3.53657 4.41759 3.25681 3.12784 2.99961 2.89353 3.36372 2.88612 2.87649 3.74011 4.23982 3.96026 3.33729 2.93651 3.02435 2.86935 3.06453 2.95525 2.73785 2.63591 2.58444 2.4173 2.36473 2.79616 2.38456 2.38295 3.01274 3.35393 2.34872 2.317 2.31577 2.19931 2.59771 2.16613 2.16282 2.15952 2.1352 2.13438 2.38094 2.13245 2.85329 3.91063 3.21368 3.83975 2.70417 2.70458 2.5574 2.82326 3.31621 3.87503 2.74901 2.4552 2.44084
threshold=1.0000000180025095e-35 0.98311504721641552 435.50000000000006 0.47213622927665716 0.86782056093215953 0.13725043833255771 0.18288024514913562 0.27044416964054113 0.79431909322738659 0.73518744111061107 12.947576045989992 12.248387336730959 0.58633300662040722 0.11748911067843439 0.59145715832710277 1.2014396786689761 16806.000000000004 14608.500000000002 0.11960539594292642 -0.081412829458713518 641.50000000000011 468.50000000000006 196.50000000000003 391.50000000000006 684.50000000000011 0.10365844890475275 0.92213818430900585 0.1596280708909035 2.5000000000000004 0.83199360966682445 8.6085252761840838 19.500000000000004 1581.5000000000002 -0.92381036281585682 0.6253202259540559 306.50000000000006 -0.54140400886535633 39.500000000000007 0.14336252212524417 -0.70489090681076039 0.7300529181957246 0.22390362620353702 5.5000000000000009 0.77701929211616527 0.39733311533927923 0.87837970256805431 1.0000000180025095e-35 0.7569682002067567 0.81174489855766307 -0.62772002816200245 1.7866116166114809 1006.5000000000001 0.87391161918640148 10.023255825042726 0.392324909567833 -0.99593934416770924 10.914811134338381 0.46202930808067327 -0.20298472046852109 0.45852541923522955 0.34846046566963201 0.60616859793663036
decision_type=2 2 2 2 2 2 2 2 2 2 2 2 2 2 2 2 2 2 2 2 2 2 2 2 2 2 2 2 2 2 2 2 2 2 2 2 2 2 2 2 2 2 2 2 2 2 2 2 2 2 2 2 2 2 2 2 2 2 2 2 2 2
left_child=4 2 3 30 5 -1 27 8 9 10 12 17 -5 -9 -3 -16 44 18 45 20 21 37 -19 -24 26 -26 -21 -6 -7 31 -2 32 33 -30 35 -34 -37 -20 -23 -12 41 -14 -35 -39 -10 -4 47 -41 55 50 -50 -51 53 54 -53 59 -57 -58 -59 -15 -61 -62
right_child=1 14 11 7 6 28 -8 13 16 -11 39 -13 40 48 15 -17 -18 22 19 24 -22 38 23 -25 25 -27 -28 -29 29 -31 -32 -33 34 42 -36 36 -38 43 -40 46 -42 -43 -44 -45 -46 -47 -48 -49 49 51 -52 52 -54 -55 -56 56 57 58 -60 60 61 -63
leaf_value=-0.0027492201250287822 -0.012322292749245845 0 0.031591126134508457 0.0038934424549213541 0.00020347525419708528 -0.00016875818354477486 0.0077365952478605894 -0.0075078096368502564 -0.010730449839044164 -0.00051076730910522533 -0.017219343153120337 -0.012374436142173748 0.0038255406588905798 -0.0035963117352299174 0.037790368894768604 -0.0096940524337067336 0.018620978621335632 -0.011342310879344605 -0.0045600027194577291 -0.0041212322309604511 -0.0018454664174260293 -0.011039000467686473 0.018345549900851747 -0.0023336555500572767 0.03654194701378527 -0.000941334491482891 0.026202810073030675 0.0077365952478605894 -0.0024647313550818385 -0.0027492201250287822 0.0091710691873862511 -0.0027492201250287822 -0.0027492201250287822 0.044017474851911549 -0.0027492201250287822 -0.002654236300518328 0.045556263528971006 0.036445283994902516 0.017556209971150521 0.036907941686015792 0 0.038388881020381897 -0.0018103773372213151 0 0.0037967262034528195 -0.0018264572530014439 -0.0039509048477752674 -0.00083047104724554 0.032093596183356853 -0.0018654348780216485 -0.0052828507252669172 0.0062359574147143005 -0.0075078096368502564 -0.0046544606578714327 0.032585649194474015 0.00073041827847997317 -0.0075078096368502564 0.014020380892643814 -0.0040100169111108403 -0.0075078096368502564 0.036663747216894228 -0.0031181470852578571
leaf_weight=2099.9745633015955 80.634846062705037 11.146640261693394 23.672275056116636 19.800662716545048 1759.9797129522158 2272.5219496799 191.36913818590256 117.35175132304721 58.838784076811862 34.214103781021549 7.5850488043506656 16.641299987197272 9.5496650765999203 11.114009657394492 14.248008822192785 1.5082080357096845 9.603336036539984 31.272550019013579 2.1000409034604663 101.14160927568446 19.137205928913318 9.4900077188212908 24.73346511683485 36.993622557682102 6.0035554739733907 7.9056499280268326 3.5995809363521394 75.574094846997468 2.1999866278092695 16.640432319843967 10.32496104382153 8.5146544981507741 3.8837668071209945 13.013024877913265 16.998144153876638 3.2490829553134963 5.8785281392338211 33.332477146701422 8.4302005656500096 4.6035719963838346 4.5348730232653898 36.579243314117775 1.3746193643310096 3.2731050084403241 36.064646591286873 3.4585739415488197 11.491338696054299 4.8586818204057636 15.412763775006171 120.02540136325115 7.19864241068717 24.336505220999243 7.8651282367791273 8.7858742150856397 21.995891022583237 1200.1659987046878 187.55942235641123 38.552302928685094 87.210331038571894 1.9366353450313933 13.290481181538778 2.5587040912650982
leaf_count=165982 2592 589 769 689 225338 269794 9834 6970 2608 1418 309 444 300 599 761 56 498 1245 64 4043 836 393 1304 2060 209 391 233 8221 158 886 203 751 213 982 1336 135 333 1124 343 159 247 1334 129 168 1622 125 484 201 666 6220 319 1295 374 472 1089 64157 8025 1665 4534 67 604 134
internal_value=8.5661e-05 0.00137194 0.0011275 0.000325808 -0.000418435 -0.00122754 0.00134197 0.000773753 0.00625653 0.0126669 0.017267 0.00628036 0.0236061 4.67971e-05 0.0197601 0.0308003 -0.00189193 0.00752373 0.0105635 0.0075359 0.016405 0.0226279 0 0.00633143 0.00123608 0.0192997 -0.00170493 0.000642496 0.00012787 0.00924733 -0.00927129 0.0144018 0.0187141 0.033056 0.0064837 0.0197493 0.0317598 0.0301708 0.00221762 0 0.0298194 0.0327963 0.0390118 0.0330727 -0.00504595 0.0269318 0.00890455 0.0222137 0.000588201 0.00530842 0.020487 0.00280511 0.0115559 0.0166082 0.0211878 -4.00288e-05 -0.00035917 -0.00455724 0.00165074 0.0135238 0.0237607 0.0298347
internal_weight=9023.3 2552.13 2525.23 2194.04 6471.17 4444.25 2026.92 2103.08 237.724 133.217 99.0031 331.185 70.4644 1865.36 26.9029 15.7562 104.507 314.544 221.544 194.413 75.763 56.6258 92.9996 61.7271 118.65 13.9092 104.741 1835.55 2344.27 71.7522 90.9598 55.1118 46.5972 16.5876 30.0095 13.0114 9.12761 38.7056 17.9202 28.5386 50.6638 46.1289 14.3876 36.6056 94.9034 27.1308 20.9536 9.46225 1748.01 205.62 22.6114 183.009 62.9834 55.1183 46.3324 1542.39 1513.49 313.322 125.763 28.8998 17.7858 15.8492
internal_count=809103 125011 123605 109854 684092 440699 243393 107059 9869 5141 3723 13751 2570 97190 1406 817 4728 13307 8698 7804 2928 2092 4609 3364 4876 600 4276 233559 274717 4923 2795 4037 3286 1269 2017 681 468 1356 736 1153 1881 1634 1111 1292 4230 894 844 360 90220 10435 985 9450 3230 2856 2384 79785 78381 14224 6199 1404 805 738
is_linear=0
shrinkage=0.05


Tree=120
num_leaves=63
num_cat=0
split_feature=11 95 9 1 10 61 75 115 8 149 76 5 45 63 5 141 15 63 13 147 9 41 143 6 130 116 142 39 66 131 66 47 9 8 35 25 141 147 76 61 143 3 69 69 133 142 79 66 133 6 142 65 142 94 135 97 45 94 135 135 133 147
split_gain=1.84505 2.51887 3.48407 4.51551 2.30623 2.17402 2.78975 2.39723 2.87776 2.12362 3.04298 2.52284 1.99528 1.98305 4.78168 3.93507 3.49792 3.54081 3.18453 4.53869 2.77525 2.73482 2.59996 2.4166 2.36136 2.41336 2.60085 2.4834 3.34101 2.20621 2.29908 2.19116 2.12144 2.10703 2.09575 2.09103 2.0231 2.25758 2.60829 1.98669 1.90518 6.11385 3.05173 2.38203 2.16354 2.15114 2.9149 2.66341 3.88124 2.99707 2.52088 1.99205 1.88623 4.9937 4.40078 3.1931 2.98974 2.54665 3.10053 2.48182 5.16576 5.91824
threshold=0.90716964006423961 0.58337935805320751 0.61693277955055248 0.42712795734405523 1.1405308842658999 0.89506545662879955 -1.0000000180025095e-35 0.89539963006973278 0.83131167292594921 -1.0000000180025095e-35 23542.946289062504 0.58223944902420055 0.19271523505449298 -0.20298472046852109 0.88326784968376171 0.13202039897441867 0.93513053655624401 0.86108332872390758 0.70852345228195202 0.92320513725280773 0.9405503273010255 0.27817371487617498 4.4966177940368661 3.6491721868515019 1337.5000000000002 698.50000000000011 0.077710125595331206 0.40581329166889196 0.6520933508872987 720.50000000000011 0.5921103060245515 0.20083485543727878 0.7640206813812257 1.1633363366127016 0.94911912083625805 0.95376986265182506 0.11484961584210397 0.97348943352699291 39994.652343750007 0.9838978946208955 -1.2071101069450376 0.43067739903926855 1.9748203158378603 4.7510752677917489 41.500000000000007 0.17810153216123584 3.9261109828948979 -0.68540745973587025 519.50000000000011 14.884077548980715 0.51114636659622203 -0.98325580358505238 31.629706382751468 1884.5000000000002 344.50000000000006 256.50000000000006 0.77132338285446178 21414.500000000004 409.50000000000006 232.50000000000003 330.50000000000006 0.89835038781166088
decision_type=2 2 2 2 2 2 2 2 2 2 2 2 2 2 2 2 2 2 2 2 2 2 2 2 2 2 2 2 2 2 2 2 2 2 2 2 2 2 2 2 2 2 2 2 2 2 2 2 2 2 2 2 2 2 2 2 2 2 2 2 2 2
left_child=40 2 3 9 -3 6 7 8 -5 10 11 -2 -10 14 18 -16 17 21 31 29 23 -15 24 33 25 26 -23 28 32 30 -20 -4 -28 -17 35 36 -29 38 39 -38 41 45 -43 44 -44 46 47 -1 49 51 -47 -49 -42 54 55 56 -54 59 -59 -55 -61 -62
right_child=1 4 13 5 -6 -7 -8 -9 12 -11 -12 -13 -14 16 15 20 -18 -19 19 -21 -22 22 -24 -25 -26 -27 27 34 -30 -31 -32 -33 -34 -35 -36 -37 37 -39 -40 -41 52 42 43 -45 -46 50 -48 48 -50 -51 -52 -53 53 57 -56 -57 -58 58 -60 60 61 -63
leaf_value=0 0.032956125541693998 0.012653618561032641 0.010014808268474612 0 -0.010303944916574319 0 0 0 0 -0.0089825883618419172 -0.0035759957609262372 -0.0010278898059309651 0.057859521759771194 -0.0096822785935135724 -0.0067191922024282848 0.0025505775294827043 -0.0015683991588671536 -0.0031403240979210518 0.038185266715960231 -0.0073552289573382825 0.0037483878775716227 -0.002555200596195204 -0.013052008061394355 0 -0.010607356195822891 -0.0023057787985619124 -0.002838620278678742 0 -0.0024567207628805945 -0.0025269095655851715 -0.0040991730529307303 -0.020624103220195547 0.031385655834868041 0.040282696665298066 0.0018886674944182268 0 0.050801321402990124 0 0 0 -0.00049620337041936268 -0.013661422936750784 -0.00066747365503801843 -0.0028859163213351864 0.030004324508272374 -0.0091262796428002706 -0.0056049825873122688 0 -0.0053111379823985051 0 0.023923137335164626 0.051677721102354468 0.0028318216484037673 0.025288520753591223 -0.015480560933848017 0.02355660204405962 -0.015992094594803326 -0.011486637393065949 0.020943470578149964 -0.022302624620687793 -0.00016665411480758997 0.036212780047117553
leaf_weight=5.9120852456071615 11.302483575978842 7.9770670534853698 2.4760022262817065 2.1574383707702607 56.622675506718224 4.3202396892083916 3.8721142970643987 3.2692964814996222 0.86107312040985462 17.026916811042611 16.825097369928699 5.717021274889702 11.616522671818528 6.9822143639430569 37.107003652952699 7.4321612889107262 112.47625204944416 35.962824585272756 7.8548389254792692 65.651243258500472 53.285507129214238 7.7152743781443851 3.0012048364442299 7.8009304183142367 3.0297271272720527 9.1202561699174094 3.3141955893042931 2.1068718311689727 20.358538931213843 4.9991329082622533 1.782629597430059 43.768137310773454 13.276601088280584 13.121848462131309 7.8751985461967697 4.1468809926118402 28.313947892467699 4.1512332298043466 4.0163332481570242 0.72516898269532148 7917.6953349200667 33.233350081700337 6.9482591233681879 30.333747877550195 8.6485892368800688 12.663873485296792 4.1428374092611184 1.2388024976644469 3.0107510028465176 4.3090497929006224 3.4629932214229475 17.400905662441801 149.03901040423079 36.371375041228021 37.609834251135908 11.156943562040395 19.405340694363986 19.167000842790006 5.485756168869556 7.2534851222881107 25.707049968186766 13.069903622759737
leaf_count=384 881 595 149 155 3518 322 306 169 39 1272 1224 443 714 545 3321 685 10033 2941 573 5839 4535 1123 108 570 217 751 262 172 1588 432 129 3039 1083 987 510 341 1887 358 244 46 731852 3160 1373 3711 302 660 252 92 77 276 144 905 7401 420 2306 813 2259 263 84 150 255 146
internal_value=-3.69307e-05 0.00250835 0.00357398 0.0132101 -0.00640447 0.028378 0.0337375 0.0404369 0.0470385 0.00313837 0.0102512 0.0227639 0.0538274 0.00196283 -0.00119293 0.00577161 0.00492708 0.00972562 -0.00789001 -0.00125294 0.0117976 0.0138138 0.0158583 0.023345 0.0174228 0.0189026 0.0211794 0.0235474 0.0104346 0.0197486 0.0299275 -0.0176787 0.0243169 0.030786 0.0307779 0.0347619 0.0379399 0.0403872 0.0442421 0.048784 -0.000239918 0.00561302 -0.00294367 0.00490022 0.0182815 0.0181626 0.0242982 0.0290962 0.0349761 0.0411607 0.000769442 0.0481661 -0.000339541 0.00335926 -0.00093651 0.0023105 0.000120606 0.0119512 -0.00111253 0.0159857 0.00638754 0.0142596
internal_weight=9026.69 653.42 588.82 76.9682 64.5997 26.0967 21.7764 17.9043 14.635 50.8715 33.8446 17.0195 12.4776 511.852 245.279 118.747 266.573 154.096 126.532 80.2878 81.6404 118.134 111.151 28.3549 108.15 105.121 96.0002 88.285 36.9493 14.6366 9.63747 46.2441 16.5908 20.554 51.3356 43.4604 39.3136 37.2067 33.0555 29.0391 8373.27 131.305 79.1639 45.9306 15.5968 52.1413 36.0144 31.8716 25.9595 22.9488 16.1269 18.6397 8241.96 324.266 217.211 179.601 168.444 107.055 24.6528 82.4018 46.0304 38.777
internal_count=809391 52106 47993 5525 4113 1705 1383 1077 908 3820 2548 1324 753 42468 20259 10098 22209 12176 10161 6973 6777 9235 8690 2242 8582 8365 7614 6491 2933 1134 702 3188 1345 1672 3558 3048 2707 2535 2177 1933 757285 11336 8546 5386 1675 2790 1986 1734 1350 1273 804 997 745949 14097 12779 10473 9660 1318 347 971 551 401
is_linear=0
shrinkage=0.05


Tree=121
num_leaves=63
num_cat=0
split_feature=140 144 177 132 144 170 19 71 67 144 9 144 47 67 5 41 132 4 11 139 67 86 66 66 132 21 132 144 3 66 132 159 23 72 71 22 47 47 76 132 11 19 71 68 132 110 3 131 76 152 152 159 170 95 130 67 139 144 86 4 132 76
split_gain=2.88923 2.00679 6.19427 4.53805 3.6691 4.77464 4.24596 3.67694 4.28015 3.40464 4.65305 5.24231 7.13006 3.85061 4.13411 3.81138 3.59744 5.15881 4.41091 3.35357 3.85182 3.29342 3.53829 3.17892 4.20747 3.56337 4.23439 3.21367 3.01351 2.96468 3.51427 2.90108 3.11867 4.22553 2.85043 5.29806 3.71282 2.84694 2.81653 2.80452 2.78643 2.77724 2.76232 2.71661 2.77788 2.71576 2.70283 2.6822 2.9487 2.65383 3.00693 4.03726 2.63629 3.53705 3.03764 3.39612 2.66566 4.90622 2.57048 3.61927 2.5574 2.83774
threshold=0.12921543419361117 0.23159878700971606 1.0000000180025095e-35 76.500000000000014 0.2091881260275841 1.0000000180025095e-35 0.91876378655433666 -0.60785761475563038 0.65516337752342235 0.50755655765533458 0.34779675304889685 0.28847827017307287 0.20109482109546664 0.037609562277793891 0.17844182997941974 0.99725553393363964 827.50000000000011 0.62581592798233043 0.057973317801952369 0.17912449687719348 0.50559517741203319 12.500000000000002 -0.89957988262176503 0.7569682002067567 461.50000000000006 0.17679429054260257 115.50000000000001 0.83804267644882213 0.80783349275589 0.99832269549369823 400.50000000000006 10.934888362884523 0.50533142685890209 1.0000000180025095e-35 0.6078576147556306 0.15669704228639605 0.69059488177299511 0.20083485543727878 5070.4541015625009 737.50000000000011 0.26521660387516027 0.97245028614997875 0.87837970256805431 0.16920770704746249 376.50000000000006 1.0000000180025095e-35 0.85699483752250682 957.50000000000011 78251.464843750015 0.87019222974777233 0.93490886688232433 25.102735519409183 1.0000000180025095e-35 0.83406272530555736 581.50000000000011 0.98109805583953869 0.15667280554771426 0.1664543151855469 1.5000000000000002 1.3021739125251772 615.50000000000011 258348.89062500003
decision_type=2 2 2 2 2 2 2 2 2 2 2 2 2 2 2 2 2 2 2 2 2 2 2 2 2 2 2 2 2 2 2 2 2 2 2 2 2 2 2 2 2 2 2 2 2 2 2 2 2 2 2 2 2 2 2 2 2 2 2 2 2 2
left_child=-1 2 4 -4 21 6 28 -8 41 10 11 12 38 16 -15 19 18 -18 -11 20 -16 22 -2 25 -25 26 -20 34 43 -12 -31 32 33 -24 35 39 -36 -33 -3 47 -26 42 -9 -6 -45 -13 52 -27 -49 -29 -51 -52 54 -54 55 56 -35 -58 59 -21 61 -28
right_child=1 9 3 -5 5 -7 7 8 -10 13 29 45 -14 14 15 -17 17 -19 23 58 -22 -23 31 24 40 27 60 49 -30 30 -32 37 -34 46 36 -37 -38 -39 -40 -41 -42 -43 -44 44 -46 -47 -48 48 -50 50 51 -53 53 -55 -56 -57 57 -59 -60 -61 -62 -63
leaf_value=-0.0066858479110570553 -0.0054402685579687873 -0.00069140263478040557 0 0.047731700571378238 -0.0007041424849726181 0.027248761945035584 -0.0035855837927597448 0.06561131918013402 -0.0036999862411150179 0.010707224828715767 -0.00054749218793770751 0.015376521900222201 -0.0035804277086709277 -0.0035061883518450439 0.0047414082871979459 0.028758632093625641 -0.0066858479110570553 0.017334910966598387 0.0008688094483494317 0.022699772870158709 -0.00051362747417437523 -0.0066858479110570553 0.00037169983767855203 -0.0066858479110570553 -0.0066858479110570553 0.0063605182230872708 0.02679084404647011 -0.0065856460609298728 -0.0066858479110570553 0 0.031496784339658267 -0.0066858479110570553 -0.0022793046789016669 0.0056968753920420409 -0.0066858479110570553 -0.0027023608847345179 0.0069435073928748722 0.024039335799066901 0.026824713916229294 -0.0066858479110570553 0.0059508119762533658 -0.00094627748783907375 0 0.0035164027144926899 0.02736384268677864 -0.0066858479110570553 -0.0066858479110570553 0.033207176947176877 -0.00079020813548792267 0.012992118384200727 -0.0054739936856341717 0.029682929183406509 0.025834999492919532 -0.0066858479110570553 -0.0025659914763796312 -0.0066858479110570553 0.024780368877771474 0.0056968753920420409 0.0047414082871979459 0.0047414082871979459 -0.0021004671809933674 -0.0066366531322467788
leaf_weight=147.88064817959093 171.48820826234805 9.9961414474673784 6.6534428932391148 7.6143553991860244 74.469229348022054 22.638656314884429 5.8358147582912379 6.0201967058601422 3.3147007939660389 67.779854057152988 1578.0870930446108 9.2662856569913838 103.69049223493494 305.53217174519523 498.88761126519239 9.0680219563328119 26.252035102796071 55.379962332612195 148.26108520671187 45.573504344749381 1108.5070400760123 79.628866562590702 520.84546595627035 367.7200994518098 18.922868833120447 258.31527503681355 36.322694698894338 402.50029749370879 37.081577260738413 19.55439209158067 10.922404526798344 3.6190028267883489 343.36927267069404 120.87633096308855 170.36364490086271 263.28021358153637 51.62031449540882 21.945607418529107 29.804563795598369 16.620132194984762 113.99468878188054 1.3476400254548933 1.815392637363402 36.969175981885201 17.634506791622698 537.91192087115996 21.223295967876766 15.624733599572211 6.8897328761231611 35.085789368989936 106.89737671274997 3.7120960259198901 35.099505142163252 4.7643738419865249 63.215830036606349 16.188687507750728 65.541159408763633 21.636257397738518 677.89661668894405 38.563009453035193 10.42323471421332 4.1169816491819793
leaf_count=8818 19281 764 1514 203 7397 687 460 460 264 2080 173134 653 6572 14390 49634 866 1666 3909 18438 1217 109209 6130 48482 34785 1025 17473 2576 27345 2719 2595 842 139 47467 20395 14479 32934 5827 1421 1831 1177 8013 115 132 4364 1301 39258 1386 1405 554 3068 8115 60 1030 114 3985 1760 3225 1370 36294 1258 715 276
internal_value=0.000123727 0.000243719 0.00178054 0.0300461 0.00144055 0.00760266 0.00440455 0.0244574 0.0362635 -0.000120821 -0.00170712 -0.00512537 0.0032601 0.000624859 0.00189426 0.00260436 -0.000927288 0.00902529 -0.00134687 0.00243339 0.00111152 0.000544325 0.00115197 -0.00178681 -0.00523121 -0.000630119 0.00549824 -0.00158287 0.00139597 -0.000212594 0.0140569 0.0021032 0.00168957 0.00328976 0.00044712 0.00237206 -0.00425026 0.0174211 0.02005 0.00691663 0.00243678 0.0486702 0.0561959 0.00530301 0.0132869 -0.00668585 0.00751269 0.00822278 0.0236419 -0.00450434 0.00110736 -0.00284514 0.00869221 0.020439 0.00665612 0.00936423 0.0111928 0.0178197 0.00516367 0.0135476 0.0172595 0.0224818
internal_weight=9022.06 8874.18 1710.84 14.2678 1696.57 207.127 184.488 18.3337 12.4979 7163.34 2299.23 690.669 143.491 4864.11 2684.03 2378.5 2180.08 81.632 2098.45 2369.43 1607.39 1489.44 1409.81 2030.67 500.638 1530.03 199.124 1330.91 166.154 1608.56 30.4768 1238.32 1212.76 869.391 782.714 560.73 221.984 25.5646 39.8007 297.45 132.918 9.18323 7.83559 129.073 54.6037 547.178 348.545 280.83 22.5145 548.196 145.695 110.609 327.322 39.8639 287.458 224.242 208.054 87.1774 762.033 84.1365 50.8629 40.4397
internal_count=809056 800238 175801 1717 174084 17899 17212 1431 971 624437 225649 49078 9167 398788 212868 198478 185920 5575 180345 197612 158843 156185 150055 178265 43823 134442 22005 112437 15781 176571 3437 130774 129214 81747 73849 53543 20306 1560 2595 20609 9038 707 592 13062 5665 39911 33265 19432 1959 38588 11243 8175 31879 1144 30735 26750 24990 4595 38769 2475 3567 2852
is_linear=0
shrinkage=0.05


Tree=122
num_leaves=63
num_cat=0
split_feature=144 2 0 15 61 144 13 37 142 15 0 144 27 142 110 136 41 94 134 144 130 94 61 50 75 152 115 63 11 15 144 144 152 139 140 7 29 7 144 142 27 25 94 76 142 142 38 8 18 8 139 76 132 5 65 142 43 9 94 15 144 144
split_gain=1.98295 4.54989 3.88397 5.58542 3.69031 3.59947 7.0229 4.28048 3.73715 4.17421 3.36112 3.77724 4.51064 3.7841 4.54253 5.5355 3.5448 3.69881 3.03647 3.03229 3.81127 3.00548 2.94385 3.00609 2.92216 4.30561 4.0121 3.46082 4.96772 2.86712 4.14108 5.19548 4.82753 3.3724 2.99108 2.80314 2.92292 4.19884 3.64874 2.86943 2.92621 2.76405 4.3624 3.46341 3.01337 3.64739 2.6849 2.62273 3.57899 4.83271 2.62088 3.37447 3.57942 3.25835 2.60071 3.09981 2.59507 2.55954 2.81155 7.11158 5.56146 4.68266
threshold=0.69189634919166576 41.464603424072273 42.147342681884773 0.48435154557228094 0.9774778187274934 0.80597889423370372 0.10937105119228364 0.92172783613204967 5.209888458251954 0.060460798442363746 5.3831963539123544 0.85591334104537975 0.11483391001820566 2.8793967962265019 2.5000000000000004 1.5000000000000002 0.32660377025604254 5946.5000000000009 647.50000000000011 0.8238605558872224 94.500000000000014 146.50000000000003 0.93991217017173778 1.5000000000000002 0.45000000298023229 0.99458208680152904 0.4193395078182221 0.012224332895129921 0.5307392179965974 0.1776230186223984 0.28847827017307287 0.50755655765533458 0.91432231664657604 0.18288024514913562 0.13690296560525897 0.46618741750717169 0.24423335492610934 0.29230485856533056 0.45481337606906896 0.17810153216123584 0.25187669694423681 0.11225395649671556 318.50000000000006 31952.236328125004 6.4351768493652353 11.698329448699953 0.11364104226231576 2.151567935943604 69.36517715454103 1.1909059882164004 0.18288024514913562 10373.089843750002 151.50000000000003 0.32968401908874517 -0.61917188763618458 3.1941941976547246 0.3026223778724671 0.23663648217916491 883.50000000000011 0.050709847360849387 0.22435566782951358 0.11960539594292642
decision_type=2 2 2 2 2 2 2 2 2 2 2 2 2 2 2 2 2 2 2 2 2 2 2 2 2 2 2 2 2 2 2 2 2 2 2 2 2 2 2 2 2 2 2 2 2 2 2 2 2 2 2 2 2 2 2 2 2 2 2 2 2 2
left_child=1 2 29 4 -4 6 8 24 9 -2 11 12 -7 14 -13 -16 17 18 -17 20 -14 -10 23 47 25 50 -26 -27 -29 30 32 54 57 -33 -35 36 38 39 -31 -38 -41 42 -15 44 -44 -46 -5 48 -3 -50 -8 -52 -53 -54 -32 -56 -42 58 61 60 -60 -1
right_child=5 22 3 46 -6 10 7 -9 21 -11 -12 13 19 41 15 16 -18 -19 -20 -21 -22 -23 -24 -25 26 27 -28 28 -30 35 31 33 -34 34 -36 -37 37 -39 -40 40 56 -43 43 -45 45 -47 -48 -49 49 -51 51 52 53 -55 55 -57 -58 -59 59 -61 -62 -63
leaf_value=0.0060415143678142534 -0.0060459978174238309 -0.009882377881606591 0.017017152560614226 0.011064834323799526 -0.010737687560613692 -0.015933937642948214 -0.0028763250089740319 -0.011748192335007363 -0.0055928718978727199 0.011500191543874118 0.0054765555578545752 -0.010934545768557307 -0.0018797773078049836 0.026250704043455576 0.020381931679541818 0.030958693585976346 -0.0019431741678447982 -0.0062124293929942329 -0.0010700327080416557 -0.0060389244023569752 0.01597290463345025 0.036567188533773498 0.00099590354867104634 0.013186479531220081 0.018665240597220464 0.00054930059062612935 -0.0014439081557843705 0.0038714099746540009 0.034859970163389563 0.0200624048225095 0 -0.0053904014837579516 0.012266719471524475 -0.00200224208465448 0.011626385649953103 -0.00067585916897539629 0.004989705785191389 0.0055101829774263904 -0.0010068587643526016 0.01163874337551025 -0.015189490280207031 -0.0012881519273858666 -0.0081669993064270082 -0.0082210173043438736 0.027872853651435239 0.0028748359394348156 -0.011322263486502317 -0.017085557211511081 -0.014738267804219569 0.034621088022233119 -0.0028763250089740319 -0.0028763250089740319 0 0.027259680482250026 -0.012237843783479712 0.019815432987240738 -0.0024182482625113941 -0.010332062069736879 0.025776499068069399 -0.0010459230756943931 -0.01067882977494812 -0.015263833478144856
leaf_weight=37.714150842926756 36.037844944265089 40.034173100841144 94.877306242673512 13.345140217032165 9.0477972307307919 72.245534330719238 410.47344560372221 54.282790170058433 2.543500717161808 182.74289653643791 241.61747524097882 28.553266326860467 93.165374468604568 17.548118798815267 64.929793012484879 21.999514724862824 104.221932544624 11.527754253533201 7.7312791704134716 212.22329053941576 37.255788911425043 17.199235055442841 68.328460020497005 7.2354176543012718 53.04191576402809 59.782492984537384 38.388778115528112 33.262283942764043 20.689484628539503 43.912103539078089 55.920850304217311 169.50387959433283 72.094954854928801 74.747331549311639 73.611205131011957 2880.0536943565057 152.31644174277244 405.30644616948484 30.94239282718263 27.860035814166622 40.414306825099629 1390.4380830792506 16.529821304808138 45.727586661007081 21.456804124718474 41.466301484542782 41.353765554566053 103.18177099508466 3.7089987042709236 7.5787204188854957 44.497414551573456 14.169114548058131 15.510609324730465 32.465961774069001 278.06640765970224 2.8332510007312512 449.48323123299633 61.467751151438279 43.472275913256453 218.78446891616841 9.239786092497523 58.572675496332522
leaf_count=2036 1149 3101 5992 969 645 4629 43737 6279 97 9371 13822 3091 10463 798 3195 1066 7195 620 551 19618 1959 651 4585 425 4175 6657 5625 4708 1724 2870 3093 11414 4365 5554 4542 363641 14235 32018 1935 2235 3068 93395 978 1140 1021 1095 3005 6299 343 618 2702 710 825 1881 21496 124 34219 3035 1403 13413 381 2691
internal_value=4.5009e-05 -0.000534649 -0.000230182 0.00734576 0.0139893 0.000990075 0.00348286 0.00111608 0.0109047 0.00842773 -4.65682e-05 -0.000679257 -0.00494701 0.000316948 0.00611053 0.00873977 0.00287301 0.0144745 0.022955 -0.00236269 0.00343682 0.0300926 -0.00734634 -0.0109447 0.00219138 0.000901211 0.0103257 0.00951072 0.0181278 -0.00047356 -0.00266403 -0.00527221 0.000710914 -0.000577197 0.00475546 0.000151072 0.00223721 0.00151743 0.0115223 -0.000883549 -0.00269039 -0.00058673 0.0058895 0.00194456 0.00823152 0.0131915 -0.00497235 -0.0126095 -0.00244863 0.0173219 -0.00101742 0.00572202 0.0129769 0.0192812 -0.00955658 -0.0114862 -0.00366515 -0.00129127 0.000270976 0.00294152 0.0185816 -0.00678573
internal_weight=9018.73 5575.01 5344.94 158.624 103.925 3443.73 1015.09 776.564 238.523 218.781 2428.64 2187.02 414.89 1772.13 238.964 210.41 145.48 41.2585 29.7308 342.644 130.421 19.7427 230.068 161.739 722.282 630.851 91.4307 113.734 53.9518 5186.32 1156.03 654.683 501.346 317.862 148.359 4030.29 1150.23 1075.38 74.8545 670.074 517.758 1533.17 142.729 125.181 79.4529 62.9231 54.6989 154.504 51.3219 11.2877 517.117 106.643 62.1457 47.9766 336.821 280.9 489.898 429.251 367.783 271.497 52.7121 96.2868
internal_count=808677 553750 538379 10611 6637 254927 90291 79023 11268 10520 164636 150814 36669 114145 15718 12627 9432 2237 1617 32040 12422 748 15371 10786 72744 62944 9800 13089 6432 527768 73547 46223 27324 21510 10096 454221 90580 85775 4805 53757 39522 98427 5032 4234 3094 2116 3974 10361 4062 961 49855 6118 3416 2706 24713 21620 37287 22959 19924 15197 1784 4727
is_linear=0
shrinkage=0.05


Tree=123
num_leaves=63
num_cat=0
split_feature=68 130 85 13 43 147 27 67 78 63 147 93 159 147 15 143 7 67 133 5 109 5 13 152 133 159 152 39 13 68 19 130 76 19 29 63 159 4 152 132 132 67 68 147 131 163 64 143 5 71 5 149 5 132 24 5 147 143 13 7 5 22
split_gain=2.04855 2.42615 2.29632 2.21678 3.32106 2.9377 3.1862 2.95068 2.12767 2.20414 2.12666 4.41727 3.97102 3.68201 2.96657 2.93671 3.0125 4.73072 3.93484 3.10037 2.42394 2.37899 2.33275 2.28804 2.18632 2.17955 2.40424 2.09162 2.08909 2.30485 2.20606 2.0794 1.95108 1.94844 1.94319 1.86185 2.57465 3.86312 3.83166 2.70358 2.88236 2.49991 3.66726 3.93418 3.23087 4.15138 3.92907 4.36465 3.12943 2.49525 2.35089 4.53552 3.20827 3.54724 3.10468 3.82757 3.61604 2.984 4.18508 3.00552 2.62368 2.68694
threshold=-0.94786915183067311 1342.5000000000002 27.500000000000004 0.90333092212677013 0.79380276799201976 0.94899407029151928 0.90876770019531261 -0.72173553705215443 0.095676664263010039 -0.99794769287109364 0.90725064277648937 3.5000000000000004 5.9544017314910898 0.91921132802963268 0.32352709770202642 -0.5032360553741454 0.47505319118499761 0.16025121510028842 375.50000000000006 0.83529695868492138 0.53381705284118663 0.52559173107147228 0.31979899108409887 1.0898026227951052 549.50000000000011 11.361470699310305 0.81611624360084545 0.98414734005928051 0.96748328208923351 0.42606526613235479 0.93167239427566539 689.50000000000011 8578.3901367187518 0.82260841131210338 0.47938144207000738 -0.94692257046699513 38.564739227294929 1.1036177873611452 0.92701685428619396 508.50000000000006 336.50000000000006 0.65516337752342235 -0.68350130319595326 0.89663267135620128 810.50000000000011 1.0000000180025095e-35 -0.072419285774230943 -0.15858900547027585 0.43455468118190771 0.87837970256805431 0.43729610741138464 -1.0000000180025095e-35 0.40072154998779302 543.50000000000011 1.2322109937667849 0.93651428818702709 0.82385262846946727 4.4966177940368661 0.10846194252371789 0.12657562643289569 0.5800444781780244 2.3712874650955205
decision_type=2 2 2 2 2 2 2 2 2 2 2 2 2 2 2 2 2 2 2 2 2 2 2 2 2 2 2 2 2 2 2 2 2 2 2 2 2 2 2 2 2 2 2 2 2 2 2 2 2 2 2 2 2 2 2 2 2 2 2 2 2 2
left_child=1 10 3 35 5 6 7 -5 9 -9 11 12 15 14 32 16 17 18 23 22 -14 -16 -18 -1 -20 -15 -27 -6 29 30 34 -13 -12 -23 -11 41 50 38 39 40 -38 48 -43 44 -44 46 47 -46 -2 -48 52 -52 53 57 55 -53 -57 59 -59 -37 -56 -62
right_child=2 -3 -4 4 27 -7 -8 8 -10 28 13 31 20 25 21 -17 19 -19 24 -21 -22 33 -24 -25 -26 26 -28 -29 -30 -31 -32 -33 -34 -35 -36 36 37 -39 -40 -41 -42 42 43 -45 45 -47 49 -49 -50 -51 51 54 -54 -55 60 56 -58 58 -60 -61 61 -63
leaf_value=0.028442063541810676 -0.019177193197178217 0.0097377291806274129 -0.0029838825585108957 0 -0.0090046342954645323 0.0032809753532870574 -0.0091624085606450793 -0.0053296730255034154 -0.0028061102587985556 0 0.042615191331262341 0.029688566486292228 -0.019172813820955537 -0.0029980482453019304 -0.0095861678683163403 -0.0066418714445263417 -0.019772119866651214 -0.0094588890665631697 -0.015198081693869339 0.018021900959511436 0.0002024995917545772 0.020379254000580573 -0.0015655924055526652 -0.0046081736317901681 0.012312417817932131 -0.0052190524332940587 0.023319197661242769 0.016294182603736784 0 0.012815129332573833 -0.00049556561033839463 -0.0057369678423721164 0.0053208065150147817 -0.0067699920505014041 0.056797865110392101 0.013647683986473244 0 0.027395055044539027 0.022195909717615724 0.0093241589058581566 -0.039829618092952657 0.011866319969085513 -0.00053636279749296172 -0.0060360558751144551 0.048704403327033532 -0.0041467958233403083 -0.0024013972087536372 -0.0019355478185184691 -0.0015014841976193566 0.028167441544595353 0.00073499794965547604 -0.0023317838844334952 0.0065640958650330225 -0.0031497367957934834 -0.0018634125281147282 0.04001071687848249 0.0035205003849638518 0.020212853052413646 0.0022400456648852085 0.00098006070038351317 -0.016957975089261557 -0.0030054541786823877
leaf_weight=33.518435878355376 39.833226901333546 35.280369617161341 508.43244167362354 14.848562636834684 47.34172835274876 113.01440400961292 6.1004871631012056 1.508083007265667 2.9948730795003931 0.83437360629250612 5.8054812214068106 8.6042709955545416 68.244020321246353 326.52487512852895 16.851016409131262 270.72076194300826 22.589886996403948 20.406405524190632 9.85332391485281 8.3836611597034771 17.336605689110002 15.572422114302755 61.264454561522143 3.1452803147112709 8.7093322091241117 8.2373988761537493 12.217046607416703 4.4083650431311971 5.1624009123224814 13.977791022833115 0.9938371068346904 2.4511278004647457 10.40301576125057 5.1017307227957636 14.398014058868283 43.416642032680102 8.1754342033527845 17.335718846414238 7.2207220349228001 5.6548858099849886 5.4620875893160692 47.709835769495839 311.12509266745474 299.85633000046801 11.33084612665334 23.51660475470635 22.110584917372766 4.0168998243934757 66.784187046578154 3.622600784063251 2586.1760113976488 639.34715338187743 285.85848702204748 422.72669206318824 125.98994452963234 4.9394988464191547 31.576280317480268 46.881222934214748 100.46308697462518 2002.3254824543546 96.096697198558104 63.704769327003305
leaf_count=1939 2341 1978 59821 1146 4824 10419 505 113 237 60 400 459 3590 35443 2120 20818 1305 1089 502 554 1191 1160 9974 221 407 586 874 380 381 1035 80 117 616 390 1051 2175 99 232 105 66 52 4010 25001 30459 876 1541 1676 288 7134 255 314573 46384 22661 25861 18746 216 2097 792 2432 121264 7697 4413
internal_value=-1.37066e-05 -0.00217952 0.000245449 0.000468093 0.00530224 0.00861487 0.0171444 0.0210176 0.0274286 0.030523 -0.00270467 -0.00475214 -0.00553389 0 0.0116429 -0.00344599 0.00160635 0.0088146 0.0162066 -0.00419645 -0.0151773 0.00214919 -0.0075883 0.024794 -0.00135583 -0.00187945 0.0120765 -0.00516328 0.033142 0.0375209 0.0495935 0.0209365 0.026755 0.0126922 0.0534121 0.000312256 0.000600555 0.0120601 0 -0.0121032 -0.0224473 -0.00190359 -0.000785078 -0.00179588 0.00155729 0.0113144 0.0201972 0.0370032 -0.0088925 0.00497096 0.000509488 -0.000348029 0.00156536 0.000998072 -0.00327521 -0.00136008 0.013283 0.0018143 0.00859835 0.00129372 -0.00761705 -0.0118074
internal_weight=9028.49 971.221 8057.27 7548.84 225.583 173.833 60.8184 54.7179 39.8694 36.8745 935.941 535.228 524.172 400.713 53.7337 438.592 167.871 75.6328 55.2264 92.238 85.5806 37.5252 83.8543 36.6637 18.5627 346.979 20.4544 51.7501 35.3664 30.204 16.2262 11.0554 16.2085 20.6742 15.2324 7323.26 6493.35 43.8488 26.5131 19.2924 13.6375 829.906 723.289 675.579 375.723 64.5975 41.0809 15.3477 106.617 25.7332 6449.5 3547.83 2901.67 2615.81 961.654 675.863 36.5158 2193.09 147.344 2045.74 285.791 159.801
internal_count=809231 85733 723498 663677 20231 15027 4608 4103 2957 2720 83755 42166 41590 41589 4686 36809 15991 4158 3069 11833 4781 3670 11279 2160 909 36903 1460 5204 2607 2226 1191 576 1016 1550 1111 643446 569865 554 322 217 151 73581 64106 60096 29637 4636 3095 1164 9475 1931 569311 394126 175185 152524 79553 48697 2313 126663 3224 123439 30856 12110
is_linear=0
shrinkage=0.05


Tree=124
num_leaves=63
num_cat=0
split_feature=164 170 143 144 64 86 190 95 10 85 85 68 141 8 71 144 68 151 118 143 142 143 118 63 79 147 63 63 69 63 13 147 64 66 63 1 7 142 10 64 130 68 133 79 64 67 5 135 69 67 95 68 149 63 133 64 68 1 141 95 143 41
split_gain=1.83312 1.80315 3.00154 7.03407 3.6437 3.5765 5.1516 4.98389 4.48444 3.87632 3.42489 3.38338 3.85793 3.14072 3.03681 3.01182 2.88062 3.94199 2.82241 2.59466 4.32963 6.40584 4.64015 3.40023 3.30322 2.77235 2.42626 2.42308 2.3488 2.34428 2.31396 2.30117 2.27633 2.53114 2.25898 2.46721 2.25811 2.24938 3.24408 2.2448 2.22996 2.28115 2.9515 2.96196 2.21699 2.19241 2.18114 2.17628 2.11339 2.10179 2.09963 2.05539 2.04409 1.93972 1.93908 1.9305 1.90435 1.89513 1.88042 1.83744 2.17967 1.82621
threshold=1.0000000180025095e-35 1.0000000180025095e-35 5.0820376873016366 0.99691995978355419 0.92609652876853954 4.5000000000000009 1.5000000000000002 0.85760894417762767 1.9497854113578799 3.5000000000000004 6.5000000000000009 0.7470383644104005 0.10856039449572565 0.95301929116249096 0.87837970256805431 0.88685375452041637 -0.69205453991889943 1.0000000180025095e-35 1.0000000180025095e-35 0.48759505152702337 2.2690614461898808 -0.31884877383708948 1.0000000180025095e-35 0.29981368780136114 2.3557860851287846 0.85545650124549877 -0.99924936890602101 0.84787842631340038 10.322507381439211 -0.037879938259720795 0.024569208733737472 0.87536981701850902 0.90635642409324657 -0.9725162386894225 -0.85016843676567067 0.42610135674476629 0.1275887340307236 9.7737107276916522 2.3806213140487675 -0.91451388597488392 709.50000000000011 0.012049642857164146 334.50000000000006 1.0317695736885073 -0.89230161905288685 -0.45099152624607081 0.82440948486328136 557.50000000000011 6.7925765514373788 0.32203303277492529 0.90075755119323742 0.31019376218318945 -1.0000000180025095e-35 0.27901318669319158 388.50000000000006 -0.99113699793815602 -0.6468415856361388 0.42653749883174902 0.13409328460693362 0.34247224032878881 -0.5455217957496642 0.96957525610923778
decision_type=2 2 2 2 2 2 2 2 2 2 2 2 2 2 2 2 2 2 2 2 2 2 2 2 2 2 2 2 2 2 2 2 2 2 2 2 2 2 2 2 2 2 2 2 2 2 2 2 2 2 2 2 2 2 2 2 2 2 2 2 2 2
left_child=1 30 5 4 18 6 7 11 -7 34 50 12 -3 16 19 36 -14 48 -4 20 21 22 23 25 -25 -15 -11 28 59 52 40 -20 33 -24 -10 -36 -9 38 -29 -21 41 42 43 -1 46 -23 -28 -42 53 -17 -8 -12 -5 57 -48 -22 -44 -18 -59 60 -13 -32
right_child=-2 2 3 29 -6 8 10 15 9 26 51 27 13 14 -16 49 17 -19 31 39 55 45 32 24 -26 -27 44 37 -30 -31 61 -33 -34 -35 35 -37 -38 -39 -40 -41 47 -43 56 -45 -46 -47 54 -49 -50 -51 -52 -53 -54 -55 -56 -57 -58 58 -60 -61 -62 -63
leaf_value=-0.00047188914050022319 0.016989722759414926 -0.01599865073128149 0.033598905335412092 0.022100383046606553 -0.0069395982075998036 0.0016055548872406615 -0.028770237725182436 0.0085983840302763792 -0.012313581244936199 0.016933578904612192 0.019718088640024407 0.018787216606904144 -0.0093893343067118357 -0.00936356311491259 2.5627924193554436e-05 -0.0057940300408955512 -0.0044815812909680345 0.025978842193510671 0.018278787105617027 -0.01599865073128149 0 -0.01599865073128149 0 0.0397566021803476 0 0.016660989180581624 -0.0079276966183920734 0.034938144936660878 0.018138475204290919 -0.020068767021501576 -0.00018259810730058271 -0.01131648026676816 -0.0013258096105510922 0.044207107267863088 -0.00826847598866743 0.029807751577635835 -0.020269757976769484 -0.012201482763729567 -0.0029516152839045226 0.010408462843622283 -0.017305036512655709 -0.0092214146684632316 -0.016161608257104099 0.044790187886195633 -0.017390099969206763 0.0056587412126848403 0.035613894597181672 0.009953816813665332 -0.01599865073128149 0.025432612491893571 0.0036676543883031412 -0.011485021829537027 -0.0066234996712617195 -0.006324197827901043 -0.0048234478449482128 0.045276651350784125 0.011200557382548805 -0.0016358705248420487 0.035187195681848679 -0.014298266950251579 -0.0079578884098005405 0.0035123838540101534
leaf_weight=4.1496673016081349 11.144637680292361 7.8440220686461535 31.867269735172158 4.8467260682955393 6.6185244612279339 250.82365121628391 18.643732658150842 4.0637839390838044 2.7387256064102976 1.7988458553882072 6.7768572066852339 7.4318386951345046 24.899809876747895 22.699392909620656 29.174452488223324 6.5901172006560937 3.775386036810235 17.36241547294776 8.9306899446237349 4.8670953386608771 1.446652834900308 9.1103333466890053 3.0909762218652821 9.1521253033279191 6.8281338852248146 11.21927515156858 17.121228216477906 8.7275965914741409 4.2940170361980554 13.318739349604583 7674.9269643835905 6.929883671225979 2.1083755698200539 25.143980387423653 2.2664538684039135 9.2021939296682813 30.525109429683653 2.2427097612526259 6.5032627106702412 22.169546817312948 48.510763661659439 24.683973604813218 7.804802279220894 3.8996479424095014 91.981218186585465 13.263334999690413 1.9004108100198203 3.9530882748367722 9.3290827994060219 4.9288396111514885 3.3766829645610406 4.1735802148759831 10.652878512279131 10.474036473737213 1.7965230318804968 18.884234919198207 7.1359653136751131 2.5596867696876853 6.9647903445147676 39.72054893085442 13.830326480601796 344.54175263720754
leaf_count=208 293 279 327 46 71 13341 278 92 71 65 190 176 787 560 753 84 157 246 91 101 38 335 95 253 169 487 635 281 106 109 737071 67 58 762 63 215 880 26 145 429 2304 1130 362 181 3538 496 79 185 367 59 39 142 90 422 76 514 330 118 282 1065 502 36892
internal_value=0.000146059 0.000113028 0.00224836 0.0110476 0.0211083 0.0012444 0.00439564 0.00608049 -0.00222314 -0.00964702 -0.0131062 0.00818592 0.0109246 0.0121429 0.015708 -0.00844858 0.00290684 0.00972405 0.0257612 0.018498 0.0215242 0.015533 0.021908 0.0101088 0.0259339 0 -0.0128245 -0.000340116 -0.00515301 -0.0075017 -0.000118399 0.0045364 0.036429 0.0397758 0.0113478 0.0205392 -0.015589 0.0136735 0.0207932 0.00274444 -0.00748858 0 0.0106567 0.0283003 -0.0142099 -0.00624266 0 -0.0141287 -0.000435692 0.00970781 -0.0231126 0.00638593 0.0043386 0.00682745 0.0216131 0.0417417 -0.00230767 0.0174489 0.0264134 -0.00842215 0.00223554 -1.86449e-05
internal_weight=9017.74 9006.6 886.99 83.1647 54.3464 803.825 424.196 391.225 379.629 128.806 32.9709 345.117 262.367 254.523 179.158 46.1079 75.3652 50.4654 47.7278 149.983 122.947 102.616 80.2423 49.8989 15.9803 33.9187 114.598 82.7503 65.2767 28.8183 8119.61 15.8606 30.3433 28.235 14.2074 11.4686 34.5889 17.4736 15.2309 27.0366 100.138 47.6741 22.9901 8.04932 112.799 22.3737 20.8182 52.4639 33.103 11.519 22.0204 10.9504 15.4996 23.7739 3.69693 20.3309 14.9408 13.2999 9.52448 60.9827 21.2622 8019.47
internal_count=809613 809320 30657 801 556 29856 11773 11124 18083 4742 649 10009 7708 7429 5050 1115 2379 1592 485 4297 3767 3215 2384 1469 422 1047 4393 2301 1849 245 778663 158 915 857 349 278 972 452 426 530 4700 2211 1081 389 4328 831 790 2489 1346 143 317 332 136 979 155 552 692 557 400 1743 678 773963
is_linear=0
shrinkage=0.05


Tree=125
num_leaves=63
num_cat=0
split_feature=141 164 134 37 69 142 94 69 69 140 95 13 13 8 64 55 41 106 69 131 63 109 141 92 9 40 76 142 67 6 21 9 142 85 40 85 68 140 133 75 69 94 8 134 63 16 51 110 97 143 38 49 6 94 144 63 7 17 25 68 147 13
split_gain=2.53517 2.24063 2.0648 1.66649 2.12422 1.65954 4.42082 3.15512 2.10857 2.51691 2.23202 3.11337 3.54652 1.93331 1.72564 2.10257 1.6359 4.72217 3.15671 3.25801 2.90273 3.54547 2.83118 2.7606 2.76507 2.93497 2.80329 2.75271 2.61638 2.5524 2.54459 2.74007 1.96971 1.80048 1.94573 2.03117 1.61086 1.44138 1.48245 1.56645 1.44084 1.32377 1.3149 1.29644 1.19253 1.12411 0.939202 2.22491 0.917584 0.903779 0.897211 0.883573 4.28566 1.97156 2.86296 2.56909 1.61789 1.98413 1.5027 0.841763 0.834457 0.842136
threshold=0.096493825316429152 1.0000000180025095e-35 1336.5000000000002 0.82109498977661144 9.0720162391662615 31.629706382751468 1835.5000000000002 8.9797420501709002 8.7057447433471697 0.13653382658958438 0.64107733964920055 0.33597142994403845 0.043343873694539077 0.88074222207069408 -0.91869685053825367 9.5000000000000018 0.96617960929870617 0.78416147828102123 2.5470201969146733 111.50000000000001 -0.96824809908866871 0.54233914613723766 0.12229382991790773 0.68585526943206798 0.76119995117187511 2.5242404937744145 172.90773773193362 0.08460803329944612 -0.89708885550498951 14.884077548980715 0.9274369776248933 0.88831213116645824 0.16123493015766147 8.5000000000000018 1.396432161331177 27.500000000000004 -0.98120608925819386 0.14229519665241244 559.50000000000011 0.81666666269302379 8.7968993186950701 15772.500000000002 2.1059004068374638 1407.5000000000002 0.93951362371444713 118.60465240478517 2.5000000000000004 3.5000000000000004 826.50000000000011 4.4966177940368661 8.2354540824890154 2.5000000000000004 2.571845650672913 6544.5000000000009 0.27717237174510961 0.66753315925598156 0.99159786105155956 0.38780306279659277 0.29318368434906011 -0.59012070298194874 0.96555960178375255 0.24941591918468478
decision_type=2 2 2 2 2 2 2 2 2 2 2 2 2 2 2 2 2 2 2 2 2 2 2 2 2 2 2 2 2 2 2 2 2 2 2 2 2 2 2 2 2 2 2 2 2 2 2 2 2 2 2 2 2 2 2 2 2 2 2 2 2 2
left_child=2 5 36 4 -3 16 7 46 9 -8 11 12 -11 -9 -15 -16 51 18 19 -18 -21 22 -22 30 25 -25 -27 -24 -28 32 -19 -32 -30 -33 -35 -36 -1 38 39 40 45 -13 -14 60 -29 49 -7 -48 -20 -38 59 -2 -53 54 -54 56 57 -56 -59 -50 61 -34
right_child=1 3 -4 -5 -6 6 8 13 -10 10 -12 41 42 14 15 -17 17 23 48 20 21 -23 27 24 -26 26 28 44 29 -31 31 33 43 34 35 -37 37 -39 -40 -41 -42 -43 -44 -45 -46 -47 47 -49 50 -51 -52 52 53 -55 55 -57 -58 58 -60 -61 -62 -63
leaf_value=6.6149617478475503e-05 6.6149617478475503e-05 0.034309513045459594 6.6149617478475503e-05 6.6149617478475503e-05 6.6149617478475503e-05 6.6149617478475503e-05 0.0030818319145953679 6.6149617478475503e-05 6.6149617478475503e-05 0.0030818319145953679 0.0030818319145953679 0.019781017729801474 0.045633685143576602 6.6149617478475503e-05 0.038107897596498824 6.6149617478475503e-05 6.6149617478475503e-05 6.6149617478475503e-05 6.6149617478475503e-05 6.6149617478475503e-05 6.6149617478475503e-05 6.6149617478475503e-05 6.6149617478475503e-05 6.6149617478475503e-05 6.6149617478475503e-05 6.6149617478475503e-05 6.6149617478475503e-05 0.069023784425000873 6.6149617478475503e-05 6.6149617478475503e-05 6.6149617478475503e-05 6.6149617478475503e-05 6.6149617478475503e-05 6.6149617478475503e-05 0.055438837575526215 6.6149617478475503e-05 -0.029006187736823855 -0.00012728358013375205 -0.00012728358013375205 -0.00012728358013375205 -0.00012728358013375205 0.0030818319145953679 0.003759930693583323 6.6149617478475503e-05 6.6149617478475503e-05 -0.00012728358013375205 0.034928069978302528 6.6149617478475503e-05 6.6149617478475503e-05 -0.00012728358013375205 6.6149617478475503e-05 6.6149617478475503e-05 6.6149617478475503e-05 6.6149617478475503e-05 6.6149617478475503e-05 6.6149617478475503e-05 6.6149617478475503e-05 6.6149617478475503e-05 0.057989257423191415 0.030272856293207862 6.6149617478475503e-05 0.051401295516128515
leaf_weight=4.5176053783507077 8179.9380861373647 7.8663247224467288 5.9539622148695335 1.9719435205333873 1.5420130080310626 190.55554051189756 35.490881573612569 11.175323188981567 22.952288479835261 3.2565758118289549 10.273461391814633 6.4942508849198912 20.040617011574817 2.5596826909240944 10.437892839385311 4.1601117238169527 5.3982081195572418 220.12617508019321 11.053799094428536 1.8180950097594166 1.3710728719233873 2.2611358369758809 0.80775749669555708 14.244316976488333 22.19433968962403 4.805774816228225 3.1954052150249508 8.5961547556362223 2.319186075779732 2.0789961320479042 12.770256928852179 1.1019610146686298 0.68967380013422186 1.6635390098490459 4.1460785891031264 1.5772150806042189 36.985527773398644 16.078167390191084 2.0375874683668362 1.5529288132602221 4.4422002944629631 7.9592509506328497 4.5232930571364696 1.2260196001952852 0.6795939681906028 1.1081855886332039 3.2207176641386459 4.7064880880643614 0.71975053566347957 1.9478790786670277 1.1751962372509295 58.256560878646269 5.1088337769615526 4.629603426452376 1.1846050563035522 3.0396116034389697 1.3954341526186897 1.3152901067296614 8.3779019684734504 2.2685028714768132 0.69516580186609545 15.456677136109645
leaf_count=460 741189 215 564 47 40 11809 454 599 243 37 136 75 251 89 273 157 1099 26073 948 113 107 153 73 2015 1864 984 258 520 291 136 1715 82 42 172 355 167 3341 3313 130 162 392 121 49 73 45 76 118 130 57 80 92 4354 317 263 78 174 109 62 459 159 71 1208
internal_value=2.11581e-05 0.000102823 -0.00885772 0.018584 0.0261193 6.61496e-05 0.00354366 6.61496e-05 0.0115115 0.0148964 0.0214805 0.0261303 0.034837 0.0155039 0.0240777 0.0295928 6.61496e-05 0.00355414 0.019516 0.0301448 0.0392972 0.0456309 0.0539171 0.0013211 0.010205 0.0170273 0.0247645 0.060337 0.030629 0.0358542 6.61496e-05 0.0161084 0.0405247 0.0318275 0.0382976 0.0463451 -0.0124313 -0.014923 -0.0189221 -0.0210997 -0.0232066 0.0034397 0.0407085 0.0449537 0.0657924 -0.025916 6.61496e-05 0.0185824 6.61496e-05 -0.027434 0.0158789 6.61496e-05 0.00581219 0.0213603 0.0270805 0.0356403 0.0431924 0.0477942 0.0529722 0.0238822 0.0477773 0.0495617
internal_weight=9031.5 8956.87 74.624 11.3803 9.40834 8945.49 337.806 226.816 110.991 88.0383 52.5474 42.274 27.8205 28.333 17.1577 14.598 8607.69 344.44 36.1493 20.932 15.5338 13.7157 11.4546 308.291 66.9056 44.7112 30.4669 10.0835 25.6611 22.4657 241.385 21.2591 20.3867 8.48879 7.38683 5.72329 68.6701 64.1525 48.0743 46.0367 44.4838 14.4535 24.5639 18.0675 9.27575 40.0416 198.483 7.92721 15.2172 38.9334 4.16345 8263.25 83.3078 25.0513 20.4217 15.3128 12.2732 10.8778 9.69319 2.98825 16.8415 16.1464
internal_count=809238 800720 8518 302 255 800418 14541 13175 1366 1123 669 533 337 1118 519 430 785877 38872 3366 2110 1011 898 745 35506 6942 5078 3063 638 2079 1821 28564 2491 1685 776 694 522 7954 7494 4181 4051 3889 196 300 1394 565 3497 12057 248 1256 3421 308 747005 5816 1462 1199 882 708 599 521 216 1321 1250
is_linear=0
shrinkage=0.05


Tree=126
num_leaves=63
num_cat=0
split_feature=86 130 144 144 15 52 112 25 0 7 8 132 189 132 29 63 134 31 39 15 67 169 8 77 159 144 144 15 15 69 75 169 65 37 15 65 8 130 15 67 67 144 134 130 15 94 141 91 132 23 47 148 97 6 20 31 31 144 135 5 31 71
split_gain=2.43093 4.58517 2.66527 3.1681 5.38822 4.60597 3.81216 4.1752 3.18466 3.10267 3.97799 3.07433 3.01479 2.7646 3.71799 4.68894 3.39486 3.48596 2.8633 2.71481 2.69779 2.99466 4.30428 3.21257 2.68186 2.66204 8.1981 5.15855 3.66508 3.52633 2.86152 4.10521 2.64453 2.95629 2.59447 5.20186 2.58566 2.57899 2.55403 2.50609 2.47001 2.4666 8.86979 2.53989 2.4625 4.72218 6.01093 2.78138 2.9716 2.63081 2.72332 2.44235 2.51827 2.47072 4.58509 2.8595 3.0444 2.95605 2.60267 2.80514 2.72896 2.37557
threshold=13.500000000000002 420.50000000000006 0.23968885838985446 0.50755655765533458 0.34482076764106756 1.5000000000000002 0.95828139781951915 0.46161778271198278 273.46153259277349 0.12657562643289569 1.6090425252914431 210.50000000000003 0.29000000655651098 288.50000000000006 0.26647487282752996 -0.37626315653324122 565.50000000000011 0.22451708465814593 0.96848043799400341 0.30846947431564337 0.37697899341583258 1.0000000180025095e-35 3.6805884838104252 12.032878875732424 6.3050043582916269 0.80597889423370372 0.78442814946174633 0.10966240242123605 0.050709847360849387 0.15908472239971164 0.63333335518836986 1.0000000180025095e-35 -0.52005723118782032 0.82131704688072216 0.36985303461551672 -0.61917188763618458 0.73215404152870189 1254.5000000000002 0.56063327193260204 0.99625203013420116 0.95469075441360485 0.28847827017307287 26.500000000000004 399.50000000000006 0.44897854328155523 5597.5000000000009 0.13168267160654071 -1.0000000180025095e-35 696.50000000000011 0.19885516166687014 0.87678411602973949 1.0000000180025095e-35 100.50000000000001 0.90173649787902843 1.6686001420021059 0.66104730963706981 0.25219742953777319 0.55693790316581737 131.50000000000003 0.69408202171325695 0.50662851333618175 -0.87837970256805409
decision_type=2 2 2 2 2 2 2 2 2 2 2 2 2 2 2 2 2 2 2 2 2 2 2 2 2 2 2 2 2 2 2 2 2 2 2 2 2 2 2 2 2 2 2 2 2 2 2 2 2 2 2 2 2 2 2 2 2 2 2 2 2 2
left_child=2 -2 12 4 5 11 9 -8 -7 10 61 41 -1 -13 15 24 -17 -18 19 40 21 22 23 36 -15 26 30 28 -28 -30 51 44 -16 -34 35 -6 -14 -33 -29 -31 -19 42 -4 -43 45 46 -32 48 49 -48 -51 52 -11 -54 55 56 -55 -58 59 60 -56 -5
right_child=1 -3 3 6 34 8 7 -9 -10 25 -12 13 20 14 32 16 17 18 -20 -21 -22 -23 -24 -25 -26 -27 27 38 29 39 31 37 33 -35 -36 -37 -38 -39 -40 -41 -42 43 -44 -45 -46 -47 47 -49 -50 50 -52 -53 53 54 58 -57 57 -59 -60 -61 -62 -63
leaf_value=0.0014767001583182032 -0.0098987185806192757 0.0011676742123136845 0.016404654275745251 -0.00015751694664859191 -0.0078387605348036703 0.04235300281607321 -0.015046473395254037 -0.00015751694664859191 -0.0079377620262591538 -0.00015751694664859191 -0.00015751694664859191 0.0067010497700022952 0.0014767001583182032 -0.017405644166221014 -0.00028874618612363109 -0.0056828882186456212 -0.00086216258984530235 0.045486278234495137 -0.0069233734014976685 -0.0029540134216330147 0.0014767001583182032 0.0014767001583182032 0.0014767001583182032 0.0014767001583182032 0.0088048154455605283 -0.00015751694664859191 -0.00015751694664859191 0.00084871506750092704 -0.00015751694664859191 0.042752859316627631 -0.00015751694664859191 0.036572328563531535 -0.013462920761633086 0.0072474450666336196 -0.00036462223142230406 0.019627504322418856 0.043555851934050288 -0.00015751694664859191 0.015714134323611111 -0.00015751694664859191 -0.0021904590722912234 -0.012050146913636886 -0.016591984258318534 0.00091376298790132578 -0.00015751694664859191 -0.00015751694664859191 0.00037834587665335314 0 0 0.06859049299451761 -0.00015751694664859191 0.0050128674642827865 0.00092805600203224353 0 0.040710035953457478 -4.9114607410593649e-05 0 0.051355215245676961 -0.00015751694664859191 -0.00015751694664859191 -0.00015751694664859191 0.028607526254741736
leaf_weight=1643.0037056070141 165.88390834602615 197.28142822477821 35.583600626036059 4.0952990214718765 22.562247767771623 3.6912530857916854 74.972487983381143 123.23862720348552 1.7297382409742565 1474.9252920541694 14.731096100716966 65.457639554231719 2.9784481440729058 21.510031726833407 95.920353409961535 10.605164287051592 9.4084490966561116 18.077860998510015 1.7496386770362722 2.1251238123149951 48.35009192081634 11.704304114493423 7.4886217695893711 2.104076519055524 10.162399166016256 2172.6667019934648 6.9956991203071075 80.63979706502505 3.7785160874700514 26.621484671057264 10.028941916338228 12.308680069851105 137.08323803233725 14.780079690975979 1319.0909382121863 40.782845480349351 21.803800685345777 3.3241580993199014 44.381677468958515 2.1547030503861597 1.4684012447796693 283.6528890909467 35.875960839126492 38.630857008349267 103.54475842646571 23.207588599314477 2.8836062808004526 4.0736941614850357 1.9662997811356024 8.4677486115760949 0.70861151244753351 258.26444556515344 183.87215232657036 4.5616866725758944 7.7186241250601579 5.7687297061784184 2.6474268388701594 11.950294974361894 54.479498755928944 6.4833656919508931 1.6168772921082561 25.083837701618904
leaf_count=175158 14645 14534 2288 211 1610 248 5431 13359 96 135270 601 4211 76 1484 6328 693 595 1136 122 140 1566 507 146 27 578 145409 215 9115 190 1105 765 885 8809 1055 155383 2908 663 240 3761 76 93 21473 2171 2144 13107 1602 213 327 148 615 61 20363 27628 284 510 519 207 918 3785 452 117 1102
internal_value=9.00931e-05 -0.00388503 0.000261635 -0.00017433 -0.0017583 -0.00504593 0.00054327 -0.00614387 0.0277979 0.000845568 0.0134017 -0.00548048 0.00201093 -0.00219334 -0.00414738 0.00516499 0.0153129 0.0226109 0.0314126 0.0361627 0.0105131 0.0185837 0.0253132 0.0336809 -0.00826021 0.000703392 0.00190603 0.0125116 0.0274507 0.0337304 0.00106823 0.00720292 -0.00711534 -0.0111211 0.000107937 0.00962101 0.0385973 0.0284582 0.00671946 0.0390612 0.0411695 -0.00859173 0 -0.0104296 0.00407829 0.0125049 0.0249273 0.0392547 0.0472898 0.0541252 0.0631609 0.000519439 -0.000140335 0.00454724 0.0108911 0.027452 0.0350636 0.0436347 0.00325364 0.0186841 0.0315492 0.0233859
internal_weight=9032.71 363.165 8669.54 6932.11 2169.95 787.513 4762.16 198.211 5.42099 4563.95 43.9102 782.092 1737.43 388.348 322.891 75.1071 43.4346 32.8295 23.421 21.6714 94.4293 46.0793 34.3749 26.8863 31.6724 4520.04 2347.37 164.572 39.5504 32.5547 2182.8 170.514 247.784 151.863 1382.44 63.3451 24.7822 15.6328 125.021 28.7762 19.5463 393.743 71.4596 322.284 154.881 51.3365 28.1289 18.1 14.0263 12.06 9.17636 2012.29 1754.02 279.099 95.2265 24.9281 19.1594 14.5977 70.2984 15.8189 9.3355 29.1791
internal_count=809478 29179 780299 602156 213565 53664 388591 18790 344 369801 1914 53320 178143 25244 21033 4841 2779 2086 1491 1369 2985 1419 912 766 2062 367887 222478 14462 1586 1371 208016 17963 16192 9864 159901 4518 739 1125 12876 1181 1229 28076 4459 23617 16838 3731 2129 1364 1037 889 676 190053 169690 34420 6792 1928 1409 1125 4864 1079 627 1313
is_linear=0
shrinkage=0.05


Tree=127
num_leaves=63
num_cat=0
split_feature=0 6 63 143 35 41 45 92 67 4 47 189 66 25 89 65 23 144 19 143 1 23 143 60 0 2 9 8 131 5 27 68 143 9 7 142 25 144 9 68 67 132 31 67 66 142 149 35 25 142 60 92 131 0 109 17 6 73 2 131 75 67
split_gain=1.87983 5.38531 4.1243 3.03366 2.8404 2.62012 4.05163 3.15478 4.36751 4.02341 3.14051 3.07076 2.57917 3.21656 2.6645 2.48361 2.55155 2.29402 2.27185 3.32432 3.34022 2.94493 2.87558 2.78567 3.11344 2.90031 2.31684 2.28605 2.23808 3.05017 2.70462 2.236 2.22652 3.64114 3.08955 3.45001 3.29694 3.72855 2.53845 2.56278 2.23136 2.20058 2.15651 2.11585 2.35556 2.10813 2.14811 2.11949 2.06616 2.04424 2.03571 2.02188 1.99697 1.95652 3.28868 3.00831 2.64983 3.087 2.19559 2.14008 2.10433 2.66404
threshold=20.069930076599125 0.55651417374610912 -0.41135761141777033 -0.66101068258285511 0.94571539759635936 0.97133463621139537 0.97202277183532726 0.56711712479591381 -0.036990495398640626 5.6360294818878183 0.73664921522140514 0.37000000476837164 0.9273880422115327 0.49350087344646459 10.500000000000002 -0.92398816347122181 0.19958990812301639 0.15113261342048648 0.89505130052566539 1.0958660244941714 0.91181835532188427 0.48180323839187628 2.5391274690628056 88.836799621582045 163.07691955566409 89.642284393310561 0.38295367360115057 1.1766428351402285 499.50000000000006 0.58863189816474926 0.78263676166534435 0.78894078731536876 -1.111475348472595 0.10884373262524606 0.73031088709831249 0.09801922366023065 0.29166887700557714 0.11009996384382249 0.43714924156665808 -0.71790021657943714 -0.55615657567977894 204.50000000000003 0.66860297322273265 0.98321348428726207 0.80128967761993419 0.17264039069414142 -1.0000000180025095e-35 0.92287763953208934 0.29166887700557714 1.6534596681594851 20.93297100067139 0.39433813095092779 732.50000000000011 16.716464042663578 0.56393319368362438 0.82405796647071849 6.3255450725555429 1.0000000180025095e-35 11.849380493164064 1329.5000000000002 0.63333335518836986 0.37697899341583258
decision_type=2 2 2 2 2 2 2 2 2 2 2 2 2 2 2 2 2 2 2 2 2 2 2 2 2 2 2 2 2 2 2 2 2 2 2 2 2 2 2 2 2 2 2 2 2 2 2 2 2 2 2 2 2 2 2 2 2 2 2 2 2 2
left_child=32 2 50 -4 15 11 7 8 -7 42 -10 12 18 48 -15 -5 -17 -12 19 21 22 31 -21 25 27 28 41 -25 29 -20 -31 -3 33 -1 35 36 37 -35 39 -36 -38 -27 49 44 -39 46 47 -23 -14 -9 52 -41 -2 60 56 -56 57 59 -59 -55 -34 -62
right_child=1 5 3 4 -6 6 -8 9 10 -11 17 -13 13 14 -16 16 -18 -19 23 20 -22 45 -24 24 -26 26 -28 -29 -30 30 -32 -33 53 34 38 -37 40 43 -40 51 -42 -43 -44 -45 -46 -47 -48 -49 -50 -51 -52 -53 -54 54 55 -57 -58 58 -60 -61 61 -63
leaf_value=-0.0085477204800407883 -0.00036040308779408924 -0.002487272536488117 -0.0054656587518045084 0 0 0.00021929333907256618 -0.0088568451152340657 0.038946381794244145 -0.0019193783350409999 -0.014492624981149364 -0.00075278032736368714 0.013495633660203425 0.010312914378910347 0.013495633660203425 -0.0086095972186470051 -0.003720965887336176 0.036179032811527088 0.059591597341009377 0.013495633660203425 0.011594660260637187 0.013495633660203425 -0.012839040671080149 -0.022984000390769862 0.0042636497436206689 0.01167914139275201 -0.01042724358744003 -0.014287275123057514 -0.01697197088757545 0.013495633660203425 -0.019968816319645654 0.010065945659345918 0.013495633660203425 -0.00031282953374552638 0.00054091345046369495 -0.00032260642550895768 -0.0015078712878367718 0.017785089157019065 0.051710370466803358 -0.0020780562733224398 0.056755024004601862 -0.010274804736010361 0.013495633660203425 -0.006425592534883208 -0.0014974466676117197 0 -0.01216072780988558 0.013495633660203425 0.011702142249127391 -0.012204734804529039 -0.0031849978535673108 -0.012277649556785786 0 0.022739628423350717 -0.021815755500100079 0.029735034158783476 -0.0033101735491890558 0.012949839484192135 -0.0081258433612387999 0.020825351392898817 0.0045729026370228158 -3.2149749877764172e-05 0.0063152156694096673
leaf_weight=28.711429686110932 22.063199226005967 37.584445713971945 6.5418593233043785 6.8061546603094021 8.9489156401177734 9.2136133963358606 14.561289359040527 6.1549980963027355 1.5887659010841151 11.212815002159912 0.73656824644785857 32.943616004224168 10.421330271390614 35.281202983664116 9.4077978171844716 2.2302906103177511 37.148570694276714 8.4382466290990106 7.5256901959728593 5.7221131531478049 12.187926762035202 24.75521483895864 8.3321650790094264 12.659987796327185 13.283144043198261 8.0920291148904671 21.808982953982195 42.281868830155872 52.14581227762028 16.170165893185189 6.5692509100590533 8.0971948952137591 7365.5939382638535 11.462587699537837 1.9937686715566076 60.044090344526921 6.1961971948985619 10.50311569207406 2.7379204803764869 5.3247501846635705 14.294280363847063 16.521673834740795 2.1596153582868283 1.4194458410565847 3.0922032652088083 170.13780300853978 7.9565565534794578 7.0875102847567168 23.026363060998847 1.5578704191138966 14.201470739582872 1.1925774472110786 8.9092893359738792 55.320530056607822 5.6380174652113082 14.15643599559189 5.3901391950930693 10.972741589885119 5.7235821619651679 5.3064494636528243 381.23186614868246 276.71677149882089
leaf_count=945 1259 2617 398 449 664 612 1095 429 103 710 58 1063 693 2157 787 173 2423 535 524 289 366 1629 342 1062 859 495 1347 3105 3915 1148 504 548 673997 1152 110 7170 666 571 172 231 1595 1036 169 80 180 10889 440 495 1576 95 1127 84 697 4026 403 1013 379 907 476 444 38479 27365
internal_value=0.00017022 0.0025549 0.0126995 0.0206169 0.0243246 0.000752862 0.0106608 0.0183348 0.0305062 0.00220772 0.046553 -0.000220953 -0.00118945 0.00687897 0.0134956 0.0288767 0.0331913 0.0544267 -0.00261497 -0.00547538 0.00982967 -0.00730098 -0.00824525 0.00138691 -0.0063317 0.00574502 -0.00362416 -0.0117142 0.0112142 0 -0.0101404 0.00351115 -4.5071e-05 0.00594694 0.00987277 0.00616304 0.0156522 0.0258132 0.0308692 0.040165 0 0.00579676 0.0213519 0.0389026 0.0437335 -0.00979693 0 -0.00585132 -0.00410988 0.0305643 0.000414348 0.0494845 0.00782649 -0.000160111 -0.0068629 0.009192 -0.011295 -0.0139727 0.00315862 -0.0189527 -6.71423e-05 0.00262718
internal_weight=9025.5 752.473 106.85 61.6758 55.1339 645.624 55.6238 41.0625 19.9772 21.0853 10.7636 590 557.056 78.1367 44.689 46.185 39.3789 9.17481 478.92 281.861 26.2422 255.619 14.0543 197.059 68.225 128.834 46.4227 54.9419 82.4109 30.2651 22.7394 45.6816 8273.02 146.972 118.261 107.012 46.9678 26.4774 11.249 8.5111 20.4905 24.6137 9.87248 15.0148 13.5953 209.937 39.7993 31.8427 33.4477 7.71287 45.174 6.51733 30.9725 8126.05 102.508 19.7945 82.7134 77.3233 16.6963 60.627 8023.54 657.949
internal_count=809327 48882 7190 4107 3709 41692 3806 2711 1308 1403 696 37886 36823 5213 2944 3045 2596 593 31610 17615 997 16618 631 13995 5026 8969 2878 4167 6091 2176 1652 3165 760445 12956 12011 11414 4244 1983 597 425 2261 1531 693 831 751 13453 2564 2124 2269 524 3083 315 1956 747489 7648 1416 6232 5853 1383 4470 739841 65844
is_linear=0
shrinkage=0.05


Tree=128
num_leaves=63
num_cat=0
split_feature=86 132 135 110 152 135 6 140 159 131 131 132 152 138 21 67 133 7 143 144 133 133 94 133 94 6 3 13 130 135 133 7 144 144 55 86 68 76 11 7 142 142 67 135 135 68 65 144 144 142 65 65 67 67 77 71 132 67 67 13 71 76
split_gain=4.08896 3.51073 3.03168 2.51567 2.60334 2.46268 3.61386 2.2615 2.26069 4.18585 3.27526 3.2221 2.63422 3.11742 2.41571 2.22545 2.20666 5.32492 3.16272 4.93923 2.69048 3.31124 2.6352 2.57845 2.35459 2.69105 2.66502 2.78659 2.36128 2.32479 2.49537 2.27119 2.74244 3.02672 1.91937 1.91584 1.89795 1.83644 2.55712 2.44905 1.91578 1.83461 1.82618 1.89142 1.81168 1.79151 1.78617 1.74944 4.15942 5.73217 3.47079 2.70204 2.48826 5.24812 3.84416 3.5188 3.32676 3.29681 3.04339 2.98633 2.85235 2.58193
threshold=13.500000000000002 696.50000000000011 46.500000000000007 8.0000000000000018 0.25478877127170568 137.50000000000003 4.8156001567840585 0.14644266664981845 18.122308731079105 567.50000000000011 396.50000000000006 660.39999389648449 0.8611191213130952 1.0000000180025095e-35 0.17679429054260257 0.2767214328050614 608.50000000000011 0.89908051490783703 -0.042680980637669556 0.78056341409683239 598.50000000000011 596.50000000000011 9875.0000000000018 634.50000000000011 230.50000000000003 0.36095686256885534 0.43672963976860052 0.72295290231704723 813.50000000000011 686.50000000000011 710.50000000000011 0.49178586900234228 0.17632728815078738 0.05828478932380677 11.500000000000002 8.5000000000000018 -0.97069644927978505 36212.164062500007 0.66267585754394542 0.13342189043760302 31.629706382751468 0.71130371093750011 0.20978216826915744 255.50000000000003 213.50000000000003 0.68541964888572704 0.57151198387146007 0.97040107846260082 0.9803157150745393 27.598222732543949 0.99054419994354259 -0.96912184357643116 1.0000000180025095e-35 0.58414167165756237 9.3909044265747088 0.6078576147556306 723.04998779296886 0.70461037755012523 -0.56689068675041188 0.70472025871276867 0.87837970256805431 19330.999023437504
decision_type=2 2 2 2 2 2 2 2 2 2 2 2 2 2 2 2 2 2 2 2 2 2 2 2 2 2 2 2 2 2 2 2 2 2 2 2 2 2 2 2 2 2 2 2 2 2 2 2 2 2 2 2 2 2 2 2 2 2 2 2 2 2
left_child=3 2 -2 8 -5 7 -7 41 16 10 11 12 15 -14 -11 -10 20 18 24 22 21 47 -20 -21 25 28 27 31 -18 37 -31 32 33 -26 -15 -29 -35 38 40 -39 -25 -4 -8 -44 -27 -22 -6 -1 49 50 51 -49 55 56 -55 -50 60 -56 59 -57 -54 -59
right_child=1 -3 5 4 46 6 42 -9 9 14 -12 -13 13 34 -16 -17 17 -19 19 23 45 -23 -24 29 26 44 -28 35 -30 30 -32 -33 -34 36 -36 -37 -38 39 -40 -41 -42 -43 43 -45 -46 -47 -48 48 52 -51 -52 -53 53 54 57 58 -58 61 -60 -61 -62 -63
leaf_value=0.00018127373419107255 -0.018426555801369645 0.0086715286920128337 -0.010313924236653825 0.010260417345757474 -0.03151710047413938 -0.0087276113276257804 -0.001266171079995717 0.023368531376375793 -0.0068858829172708169 -0.0031556356977983542 -0.024744923026662299 -0.013899614416549542 0 0.039979166726343857 0.027660881460044553 0.012106186472085523 0.013182702497315252 -0.015311774572049373 0.03833051964646423 0.015100645215880747 -0.012912355668241345 0.02107355193608039 0.0016006377012811304 -0.022248060536024197 -0.0045560594022335445 0 -0.0090160287420629169 0.028920375863358095 -0.015935505461197451 0.031256107941014098 -0.00069877397958910403 -0.0087408639936515358 0 -0.0049975943560796043 0 0 0.027204032066975106 -0.011572277505277921 0.010087487753728985 0.015744225422114483 0.0061229843454180611 0.0065321976498269223 -0.00083076749905430574 0.042576613832384619 0.038586464780014838 0.003916344624368121 0.001673947460531856 0.0037648266828363471 -0.0087766375599345452 0.0093279814579555944 0.012895818969075719 -0.017841577947724827 0.019683929326485328 0.0069649920298700211 -0.02585415226856588 0.020901075149936964 -0.010279793951415662 -0.020254454674872701 -0.0065482033738985951 -0.012187838848742324 -0.0025725981206446732 0.00049968282347154995
leaf_weight=7308.2169025500552 45.359243477687414 35.149792007418 22.702821277787734 3.0138167760014793 11.344003766822423 209.83248912464478 5.3480397462553793 6.9653875855146898 31.227481338137295 5.1609239363315309 5.7621590200287747 14.690197121322852 13.572824216447771 10.733429493309812 24.037344837503042 21.494369980049669 11.239178296265896 30.191772568439774 17.154528819031842 39.711110902404471 60.576623940622085 13.625277376384473 8.7390763061484886 25.650050690230277 10.550411639283992 3.9242220795713347 54.930640268896241 11.07445707950683 7.1331926864659172 5.8053490357997388 10.288028113754988 43.135575726962998 139.23035332038125 2.3271084516891305 4.1649357864807834 9.110097875207428 23.104716229550831 8.4240562278428133 6.0890756765293181 15.033866104946354 3.5226542134187175 33.459609373399871 1.9032967930688753 2.3944022750802105 7.2754119364253711 15.568513958569381 2.9377055364129765 12.535216247175411 133.0158962620626 29.001534217353765 7.0023591183380622 117.82998314844735 68.969144086371671 65.183663426782005 16.298931007244391 27.891821667068147 9.6221684043412079 13.012616695326868 23.874331747461838 4.0581394997279849 14.18119473563638 75.874564958579867
leaf_count=717234 2968 2694 1843 73 390 18221 355 517 1636 60 65 856 1022 246 380 1156 598 1862 817 1375 2960 664 513 1117 601 216 3574 858 396 191 348 2669 9819 120 146 733 1186 282 320 523 38 2522 108 146 481 776 119 656 5320 1940 233 5007 2474 2802 384 1014 263 287 801 158 398 1621
internal_value=-3.50664e-05 -0.00519853 -0.00686803 0.000181475 -0.0165775 -0.00463783 -0.00714538 0.00359786 0.000227479 0.00663032 0.00121479 0.00417176 0.00834809 0.0193677 0.0218179 0.000801908 0.000122262 0.00335069 0.00477028 0.0109382 -7.53926e-05 1.40268e-05 0.0290088 0.00560078 0.00188711 0.01425 0.000339704 0.00273773 0 0 0.0143197 0.000782875 0.00344371 0.0148136 0.0319787 0.018538 0.023099 -0.00483035 -0.0116204 0.00474633 -0.017696 -0.000155308 0.0167961 0.0305553 0.0291316 -0.00913419 -0.0247296 -3.2283e-05 -0.0025776 -0.00921122 -0.013491 -0.015517 -7.07123e-06 0.00305839 -0.00206 -0.00437636 0.0123383 -0.00794193 0.005557 0.0149412 0.0156739 -0.00318919
internal_weight=9021.24 363.115 327.965 8658.12 17.2955 282.606 219.478 63.1278 8640.83 130.844 101.645 95.8832 81.193 28.4712 29.1983 52.7219 8509.98 493.645 463.453 140.418 8016.34 7940.19 25.8936 114.524 323.035 29.572 293.463 238.533 18.3724 74.8131 16.0934 218.348 175.213 35.9822 14.8984 20.1846 25.4318 58.7197 35.2618 23.4579 29.1727 56.1624 9.64574 4.2977 11.1996 76.1451 14.2817 7926.57 618.352 166.369 137.368 130.365 451.982 263.142 170.37 188.84 92.7725 105.186 55.8243 31.95 83.1503 88.8872
internal_count=809152 29374 26680 779778 582 23712 18830 4882 779196 5567 5127 5062 4206 1414 440 2792 773629 28637 26775 5524 744992 741256 1330 4194 21251 1691 19560 15986 994 2819 539 14395 11726 1907 392 1591 1306 2280 1475 805 1155 4365 609 254 697 3736 509 740592 23358 7836 5896 5663 15522 8229 5094 7293 3135 2292 1973 1172 2872 1908
is_linear=0
shrinkage=0.05


Tree=129
num_leaves=63
num_cat=0
split_feature=135 176 135 110 106 95 79 189 135 10 147 63 67 27 11 182 144 96 6 3 131 135 142 86 142 159 31 31 142 3 144 6 147 11 26 66 131 29 23 27 17 159 9 15 45 140 26 159 37 10 63 144 172 10 39 186 10 170 172 142 24 86
split_gain=1.90757 5.08368 8.1719 4.66667 5.73368 4.11951 4.2659 6.65719 4.08163 3.79464 3.48335 3.23617 3.21757 3.12038 2.82645 3.6854 2.59701 2.66989 3.89349 3.84729 2.7131 2.8032 2.57455 3.97721 2.37315 3.92493 3.7359 3.68573 3.6182 3.50593 3.22665 3.13852 2.98868 3.004 4.00765 2.94205 2.96809 3.189 2.86455 3.28234 2.61252 2.58819 2.56976 2.51874 2.50055 3.73981 2.46711 2.459 5.07531 4.61745 2.36947 2.32159 5.7345 5.01177 4.55523 4.2136 3.54141 3.39368 3.77635 7.92315 3.49045 3.21327
threshold=40.149999618530281 1.0000000180025095e-35 4.0250000953674325 3.5000000000000004 0.29166667163372045 0.18219042569398883 -1.7141634821891782 0.22999999672174457 43.500000000000007 0.83423933386802684 0.75147059559822094 -0.44476880133152003 0.89390474557876598 0.72851511836051952 0.24310930073261264 1.0000000180025095e-35 0.50755655765533458 0.32456140220165258 0.64708131551742565 0.8155440390110017 247.50000000000003 587.50000000000011 0.17810153216123584 1.0000000180025095e-35 2.7145780324935918 11.361470699310305 0.28385981917381292 0.5709885060787202 0.4482660591602326 0.85117682814598095 0.72269314527511608 2.2571972608566289 0.85545650124549877 0.31554628908634191 0.6163332760334016 0.88819566369056713 744.50000000000011 0.79675921797752391 0.50000748038291942 0.35250057280063635 0.38934676349163061 12.738802433013918 0.26011659204959875 0.23349448293447497 0.19256741553545001 0.13690296560525897 4.0129482746124276 5.1994032859802255 0.82131704688072216 0.93361347913742077 0.36932206153869634 0.28847827017307287 1.0000000180025095e-35 2.57541835308075 0.40581329166889196 13.500000000000002 1.7245828509330752 1.0000000180025095e-35 1.0000000180025095e-35 0.045236393809318549 1.7464630603790285 3.5000000000000004
decision_type=2 2 2 2 2 2 2 2 2 2 2 2 2 2 2 2 2 2 2 2 2 2 2 2 2 2 2 2 2 2 2 2 2 2 2 2 2 2 2 2 2 2 2 2 2 2 2 2 2 2 2 2 2 2 2 2 2 2 2 2 2 2
left_child=1 5 3 11 -5 14 7 -7 -2 10 12 -3 -8 -13 15 50 51 -18 -19 20 -20 -22 -12 -24 25 -16 41 30 -29 32 38 40 42 34 -34 36 37 47 39 -28 -30 -27 43 -26 46 -46 -44 48 49 -31 -1 57 53 56 -55 -56 -53 58 60 -60 -10 -61
right_child=8 2 -4 4 -6 6 9 -9 16 -11 22 13 -14 -15 24 -17 17 18 19 -21 21 -23 23 -25 29 26 27 28 31 35 -32 -33 33 -35 -36 -37 -38 -39 -40 -41 -42 -43 44 -45 45 -47 -48 -49 -50 -51 -52 52 -54 54 55 -57 -58 -59 59 61 -62 -63
leaf_value=0.007925883819259523 -0.011660395245573151 0 0.00069769633003756567 0.021916470600264255 -0.015228628070512288 0 0.024724664074967252 0.036669575867892601 -0.0039492183717919922 -0.0016537991625632702 0.017037512901524488 0.042950570227016704 -0.0021147030415264714 0.0074863580323235816 0.00041378572824177467 -0.013086466269518369 0.00044779367516193064 -0.0012507147939011789 0.00063739395261840168 -0.0068513951844674584 0.050661941504821222 -0.0012946039058019554 0.024087788149546395 -0.001958625445538219 -0.009570212819876996 0 0.0060060121375108792 0.027239962626513403 0.018438832479596937 -0.00088779875312488025 0.017659496209739299 -0.016038741650562641 -0.0046731334554895882 -0.0023246903257518954 0.027697856708762097 -0.0094174952866871858 -0.00030646201504578322 -0.00070849784245267228 0.0019777070496527402 -0.027984080026667708 -0.0041571000366681481 0.038107692723703575 0.014731367422588763 0.026557811170712761 -0.022495970571817753 -0.0057498167264096907 -0.010321027153804398 0.0046890778708582473 -0.0052588233399394483 0.058588802224819242 -0.012387224993299577 -0.0010709470170175597 -0.012449055433392892 -0.021301715317036601 -0.0011484450507399681 -0.027869949998155563 0.0092735482377395498 0.0057975542464881423 0.038140790309196981 0.011678030016309238 0.0035515861895185049 -0.0033187048040614828
leaf_weight=47.150372549433087 75.988895265440078 9.7136306280990521 147.04221169351513 15.725742177637587 15.508723626462595 22.951887016155524 39.797055311297299 20.407208609540248 778.71149259987942 205.73628780778381 25.102617673983332 28.556332773812755 11.694341723792602 12.92574655138378 1995.7597042310772 88.250945848238189 2795.2551874751553 25.79525006494805 6.3707236375521523 4.7327341608688576 10.591708785250374 1.7254473043794849 11.357894649147054 131.22794649666321 4.0011195913903048 5.1676724880962892 6.3130721301713519 22.483533075937885 27.294701996142976 2.8943889992006069 9.156170693197053 9.9523593905178114 13.868431285918634 483.49058405271717 15.001113910428101 16.588965808288776 29.419843410178146 12.296955353511292 26.954866560627124 19.644200701804948 16.112836940643319 11.397115301850134 15.135473234793608 5.5282946595107205 56.689283759060345 95.851389756935532 13.630173607136385 12.790600365100543 3.6370503315483793 11.018024117722232 14.400314095790234 533.32041412252511 145.07597012229962 47.329505968249578 155.37150869217658 11.69269930863811 92.454018978976819 194.79810615927272 11.980747052672085 48.954661576412036 185.79994581214123 97.870863813979668
leaf_count=1620 8449 202 21673 2177 1829 1200 1025 278 85031 9453 1000 655 332 352 224237 3902 205737 2721 495 384 855 135 252 6785 125 257 298 1464 1971 190 452 621 917 57136 887 963 1738 957 1640 1035 1183 358 1789 179 2698 12932 1548 702 233 558 521 58873 14313 3673 10025 432 7214 6729 413 1987 23704 7752
internal_value=0.000102745 0.000958376 0.00809671 0.0202147 0.00322663 0.000480547 0.00482667 0.0190345 -0.000513516 0.00311422 0.00763837 0.028925 0.0185389 0.0344318 -0.000176344 -0.00676546 -0.000332966 0.000671067 0.0116801 0.0245162 0.0332848 0.0436676 0.00370656 0.000692519 0.000161579 0.00103118 0.00858782 0.00512926 0.012265 -0.0021601 -0.00348168 0.00373358 -0.00337422 -0.0012946 0.013015 0.00687005 0.011312 0.0190443 -0.00878057 -0.0192749 0.00997176 0.0283576 -0.00865435 0.0115948 -0.0101354 -0.0126484 0.00234974 0.0267252 0.0370762 0.0479298 0.0022242 -0.00158247 -0.00341348 -0.00175927 -0.00826875 -0.00391948 0.000479144 -0.000187225 -0.00126831 0.00571617 -0.00246764 0.00173677
internal_weight=9013.45 3789.63 229.472 82.4302 31.2345 3560.15 468.275 43.3591 5223.82 424.916 219.18 51.1957 51.4914 41.4821 3091.88 149.802 5147.83 2844.47 49.2159 23.4206 18.6879 12.3172 167.688 142.586 2942.08 2150.24 154.477 137.912 75.8434 791.842 62.0683 53.3599 703.196 512.36 28.8695 88.6458 72.0569 42.637 52.9121 25.9573 43.4075 16.5648 190.836 9.52941 181.306 152.541 28.7656 30.3401 17.5495 13.9124 61.5507 2303.36 985.244 840.168 214.394 167.064 625.774 1318.12 1123.32 158.806 964.511 146.826
internal_count=809246 370324 26888 5215 4006 343436 20325 1478 438922 18847 9394 1209 1357 1007 323111 6043 430473 210327 4590 1869 1485 990 8037 7037 317068 233516 9279 8664 5239 83552 3425 3775 78211 58940 1804 5341 4378 2640 2973 1333 3154 615 19271 304 18967 15630 3337 1683 981 748 2141 220146 94530 80217 14130 10457 66087 125616 118887 10152 108735 9739
is_linear=0
shrinkage=0.05


end of trees

feature_importances:
amount_pct_in_peer_cohort=572
amount_ratio_to_own_baseline=255
mcc_habit_probability=244
sketch_geohash_distinct_payer_devices=225
min_entity_age_days=209
device_age_days=193
amount_zscore_to_own_baseline=175
incumbent_score=173
sketch_pan_token_fanout_7d=168
tod_vonmises_sin_h3=149
session_duration_minutes=140
tod_vonmises_cos_h3=139
geo_cell_prior_fraud_rate=132
account_age_days=127
tod_vonmises_sin_h2=126
tod_vonmises_sin_h1=125
hour_deviation_from_habit=124
vel_device_fingerprint_id_7d_count_ratio=117
rail_ratio_vs_peer_cohort=117
vel_device_fingerprint_id_30d_count_pct=116
inter_arrival_zscore_vs_habit=115
vel_device_fingerprint_id_7d_count_pct=110
vel_device_fingerprint_id_30d_amount_sum_pct=109
tod_vonmises_cos_h2=108
vel_device_fingerprint_id_7d_amount_sum_pct=102
inter_arrival_seconds=102
sketch_first_txn_at_acceptor_share_24h=101
beneficiary_category_ordinal=100
merchant_age_days=98
dow_sin=96
sketch_payer_fanout_degree_24h=90
rail_is_card_cnp_keyed=89
tod_vonmises_cos_h1=87
vel_device_fingerprint_id_24h_count_pct=83
vel_device_fingerprint_id_24h_amount_sum_pct=79
beneficiary_account_age_days=78
pan_age_days=78
vel_device_fingerprint_id_24h_amount_sum_ratio=77
entry_mode_ordinal=76
bin_issuer_prior_fraud_rate=75
vel_device_fingerprint_id_7d_amount_sum_ratio=70
vel_vpa_30d_count_pct=65
vel_beneficiary_id_7d_count_pct=60
rail_is_upi_autopay_mandate=59
peer_cohort_prior_fraud_rate=58
vel_vpa_24h_amount_sum_pct=54
festival_ramp_position=54
vel_beneficiary_id_30d_count_pct=53
vpa_age_days=53
vel_vpa_30d_amount_sum_pct=52
vel_vpa_7d_count_pct=50
inter_arrival_log=50
vel_beneficiary_id_30d_amount_sum_pct=49
vel_device_fingerprint_id_1h_count_pct=48
payee_vpa_age_days=48
vel_device_fingerprint_id_1h_amount_sum_pct=47
vel_device_fingerprint_id_24h_count_ratio=46
vel_beneficiary_id_7d_amount_sum_pct=46
amount_vs_vendor_history=46
rail_novelty=46
vel_vpa_24h_count_pct=45
dow_cos=43
rail_is_card_cnp_3ds=43
incumbent_rule_count=42
geo_novelty=41
vel_beneficiary_id_24h_count_pct=40
fd_liquidation_before_transfer=40
creditor_name_match_score=39
vel_beneficiary_id_24h_amount_sum_pct=38
inter_arrival_regularity=37
vel_vpa_24h_amount_sum_ratio=35
vel_vpa_7d_amount_sum_pct=35
referrer_domain_age_days=35
vel_vpa_7d_count_ratio=34
rail_is_card_clearing_dispute=33
rail_is_a2a_credit_transfer=33
initiation_mode_ordinal=33
vel_device_fingerprint_id_1h_count_ratio=30
entity_age_band_ordinal=30
geovelocity_break=28
vel_vpa_1h_amount_sum_pct=27
repeat_payer_share=27
txn_note_template_score=27
vel_beneficiary_id_7d_count_ratio=26
rail_is_card_cp_emv=26
rail_is_card_token_provisioning=25
first_credit_source_concentration=23
vel_vpa_24h_count_ratio=22
is_payday_window=22
sketch_motif_reciprocity=22
tier_is_b=21
vel_vpa_7d_amount_sum_ratio=20
fresh_beneficiary_count_24h=20
vel_device_fingerprint_id_1h_amount_sum_ratio=19
vel_vpa_1h_count_ratio=19
message_kind_is_credit_leg=19
rail_is_aeps_microatm=18
vel_vpa_1h_count_pct=17
rail_is_agentic_commerce=17
vel_vpa_1h_amount_sum_ratio=16
sketch_device_shared_entity_count=16
beneficiary_change_within_cooling_hours=16
device_churn_30d=16
vel_beneficiary_id_1h_count_pct=15
vel_beneficiary_id_1h_amount_sum_pct=15
vel_beneficiary_id_24h_count_ratio=15
vel_vpa_30d_distinct_counterparty=15
sketch_two_hop_reach_24h=15
first_receipt_to_first_send_minutes=15
sketch_kcore_acquisition_rate=13
sketch_seeder_cluster_membership=12
vel_vpa_7d_distinct_counterparty=11
message_kind_is_authorisation=11
vel_beneficiary_id_7d_amount_sum_ratio=10
is_festival_window=10
vel_device_fingerprint_id_30d_distinct_counterparty=9
pass_through_dwell_seconds=8
value_conservation_net_of_skim=7
beneficiary_kyc_tier_ordinal=7
rail_is_upi_collect=7
vel_beneficiary_id_24h_amount_sum_ratio=6
reconciliation_lag_minutes=6
reconciliation_lag_pct_in_peer_cohort=6
sketch_beneficiary_fanin_degree=6
beneficiary_age_band_ordinal=6
inbound_credit_then_outbound_different_payee=6
cold_start_flag=6
message_kind_is_post_auth=6
vel_beneficiary_id_1h_count_ratio=5
vel_beneficiary_id_1h_amount_sum_ratio=5
vel_device_fingerprint_id_24h_distinct_counterparty=5
is_night_hours=5
sketch_beneficiary_fanout_degree=5
in_out_skew=5
rail_is_upi_pay=5
vel_device_fingerprint_id_7d_distinct_counterparty=4
sketch_round_trip_flow_flag=4
vel_vpa_1h_distinct_counterparty=3
mcc_novelty=3
vel_beneficiary_id_24h_distinct_counterparty=2
vel_beneficiary_id_30d_distinct_counterparty=2
sketch_fingerprint_collision_degree=2
pass_through_dwell_log=2
vel_device_fingerprint_id_30d_amount_sum_ratio=1
vel_beneficiary_id_30d_amount_sum_ratio=1
vel_device_fingerprint_id_1h_distinct_counterparty=1
vel_vpa_24h_distinct_counterparty=1
vel_beneficiary_id_1h_distinct_counterparty=1
sketch_distinct_payers_per_beneficiary_24h=1
beneficiary_distinct_payers_24h=1
payer_set_growth_rate=1
is_first_event_for_entity=1
dormancy_reactivation_flag=1
device_fingerprint_entropy=1
ip_asn_novelty=1

parameters:
[boosting: gbdt]
[objective: binary]
[metric: average_precision,auc]
[tree_learner: serial]
[device_type: cpu]
[data_sample_strategy: bagging]
[data: ]
[valid: ]
[num_iterations: 600]
[learning_rate: 0.05]
[num_leaves: 63]
[num_threads: 1]
[seed: 20260909]
[deterministic: 1]
[force_col_wise: 0]
[force_row_wise: 1]
[histogram_pool_size: -1]
[max_depth: -1]
[min_data_in_leaf: 40]
[min_sum_hessian_in_leaf: 0.001]
[bagging_fraction: 0.85]
[pos_bagging_fraction: 1]
[neg_bagging_fraction: 1]
[bagging_freq: 1]
[bagging_seed: 676]
[bagging_by_query: 0]
[feature_fraction: 0.7]
[feature_fraction_bynode: 1]
[feature_fraction_seed: 26039]
[extra_trees: 0]
[extra_seed: 30067]
[early_stopping_round: 0]
[early_stopping_min_delta: 0]
[first_metric_only: 0]
[max_delta_step: 0]
[lambda_l1: 0.5]
[lambda_l2: 5]
[linear_lambda: 0]
[min_gain_to_split: 0]
[drop_rate: 0.1]
[max_drop: 50]
[skip_drop: 0.5]
[xgboost_dart_mode: 0]
[uniform_drop: 0]
[drop_seed: 22890]
[top_rate: 0.2]
[other_rate: 0.1]
[min_data_per_group: 100]
[max_cat_threshold: 32]
[cat_l2: 10]
[cat_smooth: 10]
[max_cat_to_onehot: 4]
[top_k: 20]
[monotone_constraints: 0,0,0,0,0,0,0,0,0,0,0,0,0,0,0,0,0,0,0,0,0,0,0,0,0,0,0,0,0,0,0,0,0,0,0,0,0,0,0,0,0,0,0,0,0,0,0,0,0,0,0,0,0,0,0,0,0,0,0,0,0,0,0,0,0,0,0,0,0,0,0,0,0,0,0,0,0,0,0,0,0,0,0,0,0,0,0,0,0,0,0,0,0,0,0,0,0,0,0,0,0,0,0,0,0,0,0,0,0,0,0,0,-1,0,0,0,0,0,0,0,0,0,0,0,0,0,0,0,0,0,0,0,0,0,0,0,0,0,0,1,1,1,0,0,0,0,0,0,0,0,0,0,0,0,0,0,0,0,0,0,0,0,0,0,0,0,0,0,0,0,0,0,0,0,0,0,0,0,0,0,0,0,0,0,0,0,0,0,0,1,0]
[monotone_constraints_method: advanced]
[monotone_penalty: 0]
[feature_contri: ]
[forcedsplits_filename: ]
[refit_decay_rate: 0.9]
[cegb_tradeoff: 1]
[cegb_penalty_split: 0]
[cegb_penalty_feature_lazy: ]
[cegb_penalty_feature_coupled: ]
[path_smooth: 0]
[interaction_constraints: ]
[verbosity: -1]
[saved_feature_importance_type: 0]
[use_quantized_grad: 0]
[num_grad_quant_bins: 4]
[quant_train_renew_leaf: 0]
[stochastic_rounding: 1]
[linear_tree: 0]
[max_bin: 255]
[max_bin_by_feature: ]
[min_data_in_bin: 3]
[bin_construct_sample_cnt: 200000]
[data_random_seed: 5050]
[is_enable_sparse: 1]
[enable_bundle: 1]
[use_missing: 1]
[zero_as_missing: 0]
[feature_pre_filter: 1]
[pre_partition: 0]
[two_round: 0]
[header: 0]
[label_column: ]
[weight_column: ]
[group_column: ]
[ignore_column: ]
[categorical_feature: ]
[forcedbins_filename: ]
[precise_float_parser: 0]
[parser_config_file: ]
[objective_seed: 23902]
[num_class: 1]
[is_unbalance: 0]
[scale_pos_weight: 1]
[sigmoid: 1]
[boost_from_average: 1]
[reg_sqrt: 0]
[alpha: 0.9]
[fair_c: 1]
[poisson_max_delta_step: 0.7]
[tweedie_variance_power: 1.5]
[lambdarank_truncation_level: 30]
[lambdarank_norm: 1]
[label_gain: ]
[lambdarank_position_bias_regularization: 0]
[eval_at: ]
[multi_error_top_k: 1]
[auc_mu_weights: ]
[num_machines: 1]
[local_listen_port: 12400]
[time_out: 120]
[machine_list_filename: ]
[machines: ]
[gpu_platform_id: -1]
[gpu_device_id: -1]
[gpu_device_id_list: ]
[gpu_use_dp: 0]
[num_gpu: 1]

end of parameters

pandas_categorical:null
